
OS:Version,
  {c857670b-a16b-4117-94d7-f29d1a6a4b3b}, !- Handle
  3.10.0;                                 !- Version Identifier

OS:Site,
  {ab5a14ba-f3db-4e2e-8d50-8f8a33d6201e}, !- Handle
  Site 1,                                 !- Name
  39.7653,                                !- Latitude {deg}
  39.7653,                                !- Longitude {deg}
  ,                                       !- Time Zone {hr}
  ,                                       !- Elevation {m}
  ;                                       !- Terrain

OS:YearDescription,
  {fe307d49-bcfb-4b59-80e7-3c00aa9fe414}; !- Handle

OS:ClimateZones,
  {9a85124f-a553-49f3-a097-bbd52cf2a54a}, !- Handle
  ASHRAE,                                 !- Climate Zone Institution Name 1
  ANSI/ASHRAE Standard 169,               !- Climate Zone Document Name 1
  2006,                                   !- Climate Zone Document Year 1
  ,                                       !- Climate Zone Value 1
  CEC,                                    !- Climate Zone Institution Name 2
  California Climate Zone Descriptions,   !- Climate Zone Document Name 2
  1995,                                   !- Climate Zone Document Year 2
  ;                                       !- Climate Zone Value 2

OS:Building,
  {c6da5b70-f4b7-458f-8d98-89ce0391fb7c}, !- Handle
  Building 1,                             !- Name
  ,                                       !- Building Sector Type
  -0,                                     !- North Axis {deg}
  ,                                       !- Nominal Floor to Floor Height {m}
  ,                                       !- Space Type Name
  ,                                       !- Default Construction Set Name
  ;                                       !- Default Schedule Set Name

OS:Facility,
  {1db17052-92d1-4d8b-837a-58a8390ba2d1}; !- Handle

OS:SimulationControl,
  {78295731-0ace-4ca2-b425-6dbcf45d2aff}; !- Handle

OS:Sizing:Parameters,
  {af47b85b-5b5e-418a-a6eb-519f8b93c625}, !- Handle
  1.25,                                   !- Heating Sizing Factor
  1.15;                                   !- Cooling Sizing Factor

OS:Timestep,
  {c5ee9c16-e7db-49de-a127-e25e4a5bee29}, !- Handle
  6;                                      !- Number of Timesteps per Hour

OS:ShadowCalculation,
  {65c00592-9cb4-4290-8672-bfa9562c162e}, !- Handle
  PolygonClipping,                        !- Shading Calculation Method
  ,                                       !- Shading Calculation Update Frequency Method
  20,                                     !- Shading Calculation Update Frequency
  15000,                                  !- Maximum Figures in Shadow Overlap Calculations
  ,                                       !- Polygon Clipping Algorithm
  512,                                    !- Pixel Counting Resolution
  ,                                       !- Sky Diffuse Modeling Algorithm
  No,                                     !- Output External Shading Calculation Results
  No,                                     !- Disable Self-Shading Within Shading Zone Groups
  No;                                     !- Disable Self-Shading From Shading Zone Groups to Other Zones

OS:HeatBalanceAlgorithm,
  {8087a329-e2ce-4c4e-aac8-17bf520bfcbf}, !- Handle
  ConductionTransferFunction,             !- Algorithm
  200;                                    !- Surface Temperature Upper Limit {C}

OS:RunPeriod,
  {13746a9d-f8a4-4108-afd9-355a1347cfb1}, !- Handle
  Run Period 1,                           !- Name
  1,                                      !- Begin Month
  1,                                      !- Begin Day of Month
  12,                                     !- End Month
  31,                                     !- End Day of Month
  ,                                       !- Use Weather File Holidays and Special Days
  ,                                       !- Use Weather File Daylight Saving Period
  ,                                       !- Apply Weekend Holiday Rule
  ,                                       !- Use Weather File Rain Indicators
  ,                                       !- Use Weather File Snow Indicators
  ;                                       !- Number of Times Runperiod to be Repeated

OS:LifeCycleCost:Parameters,
  {82105e4e-8617-4d9c-b40f-0f0144f8bd13}, !- Handle
  ,                                       !- Analysis Type
  ,                                       !- Discounting Convention
  ,                                       !- Inflation Approach
  ,                                       !- Real Discount Rate
  ,                                       !- Nominal Discount Rate
  ,                                       !- Inflation
  ,                                       !- Base Date Month
  ,                                       !- Base Date Year
  ,                                       !- Service Date Month
  ,                                       !- Service Date Year
  ;                                       !- Length of Study Period in Years

OS:Space,
  {04a13f9a-f5c5-4f2a-a4ca-50f03792fece}, !- Handle
  Bác sĩ Doct. (3),                     !- Name
  ,                                       !- Space Type Name
  ,                                       !- Default Construction Set Name
  ,                                       !- Default Schedule Set Name
  ,                                       !- Direction of Relative North {deg}
  ,                                       !- X Origin {m}
  ,                                       !- Y Origin {m}
  ,                                       !- Z Origin {m}
  {5e49b3ed-7ce8-49ff-b9a6-24093dda1014}, !- Building Story Name
  ,                                       !- Thermal Zone Name
  ,                                       !- Part of Total Floor Area
  ,                                       !- Design Specification Outdoor Air Object Name
  ;                                       !- Building Unit Name

OS:BuildingStory,
  {5e49b3ed-7ce8-49ff-b9a6-24093dda1014}, !- Handle
  Story 1,                                !- Name
  0,                                      !- Nominal Z Coordinate {m}
  2.4384,                                 !- Nominal Floor to Floor Height {m}
  ,                                       !- Default Construction Set Name
  ,                                       !- Default Schedule Set Name
  {2779856e-a272-4eac-822b-3578763c93a7}, !- Group Rendering Name
  2.4384;                                 !- Nominal Floor to Ceiling Height {m}

OS:Rendering:Color,
  {2779856e-a272-4eac-822b-3578763c93a7}, !- Handle
  Rendering Color 1,                      !- Name
  51,                                     !- Rendering Red Value
  34,                                     !- Rendering Green Value
  136,                                    !- Rendering Blue Value
  255;                                    !- Rendering Alpha Value

OS:Space,
  {8cfebae2-86bd-4abe-93f9-f785a24f347e}, !- Handle
  Bác sĩ (nam),                         !- Name
  ,                                       !- Space Type Name
  ,                                       !- Default Construction Set Name
  ,                                       !- Default Schedule Set Name
  ,                                       !- Direction of Relative North {deg}
  ,                                       !- X Origin {m}
  ,                                       !- Y Origin {m}
  ,                                       !- Z Origin {m}
  {5e49b3ed-7ce8-49ff-b9a6-24093dda1014}, !- Building Story Name
  ,                                       !- Thermal Zone Name
  ,                                       !- Part of Total Floor Area
  ,                                       !- Design Specification Outdoor Air Object Name
  ;                                       !- Building Unit Name

OS:Space,
  {35af7b1f-8827-4831-9432-853f6aee7adb}, !- Handle
  Kho,                                    !- Name
  ,                                       !- Space Type Name
  ,                                       !- Default Construction Set Name
  ,                                       !- Default Schedule Set Name
  ,                                       !- Direction of Relative North {deg}
  ,                                       !- X Origin {m}
  ,                                       !- Y Origin {m}
  ,                                       !- Z Origin {m}
  {5e49b3ed-7ce8-49ff-b9a6-24093dda1014}, !- Building Story Name
  ,                                       !- Thermal Zone Name
  ,                                       !- Part of Total Floor Area
  ,                                       !- Design Specification Outdoor Air Object Name
  ;                                       !- Building Unit Name

OS:Space,
  {d9aa31d0-69c1-4d44-ba89-f891040b9df6}, !- Handle
  Chuẩn bị Prep. (2),                 !- Name
  ,                                       !- Space Type Name
  ,                                       !- Default Construction Set Name
  ,                                       !- Default Schedule Set Name
  ,                                       !- Direction of Relative North {deg}
  ,                                       !- X Origin {m}
  ,                                       !- Y Origin {m}
  ,                                       !- Z Origin {m}
  {5e49b3ed-7ce8-49ff-b9a6-24093dda1014}, !- Building Story Name
  ,                                       !- Thermal Zone Name
  ,                                       !- Part of Total Floor Area
  ,                                       !- Design Specification Outdoor Air Object Name
  ;                                       !- Building Unit Name

OS:Space,
  {a52f83b9-30f7-4c55-b53a-eb81183ac830}, !- Handle
  Bác sĩ (nữ),                        !- Name
  ,                                       !- Space Type Name
  ,                                       !- Default Construction Set Name
  ,                                       !- Default Schedule Set Name
  ,                                       !- Direction of Relative North {deg}
  ,                                       !- X Origin {m}
  ,                                       !- Y Origin {m}
  ,                                       !- Z Origin {m}
  {5e49b3ed-7ce8-49ff-b9a6-24093dda1014}, !- Building Story Name
  ,                                       !- Thermal Zone Name
  ,                                       !- Part of Total Floor Area
  ,                                       !- Design Specification Outdoor Air Object Name
  ;                                       !- Building Unit Name

OS:Space,
  {3550b89b-552f-41dc-8b1e-192bf94e0064}, !- Handle
  Y tá,                                  !- Name
  ,                                       !- Space Type Name
  ,                                       !- Default Construction Set Name
  ,                                       !- Default Schedule Set Name
  ,                                       !- Direction of Relative North {deg}
  ,                                       !- X Origin {m}
  ,                                       !- Y Origin {m}
  ,                                       !- Z Origin {m}
  {5e49b3ed-7ce8-49ff-b9a6-24093dda1014}, !- Building Story Name
  ,                                       !- Thermal Zone Name
  ,                                       !- Part of Total Floor Area
  ,                                       !- Design Specification Outdoor Air Object Name
  ;                                       !- Building Unit Name

OS:Space,
  {17abb172-1622-4206-9546-2d3bf4622fc4}, !- Handle
  Toilet (3),                             !- Name
  ,                                       !- Space Type Name
  ,                                       !- Default Construction Set Name
  ,                                       !- Default Schedule Set Name
  ,                                       !- Direction of Relative North {deg}
  ,                                       !- X Origin {m}
  ,                                       !- Y Origin {m}
  ,                                       !- Z Origin {m}
  {5e49b3ed-7ce8-49ff-b9a6-24093dda1014}, !- Building Story Name
  ,                                       !- Thermal Zone Name
  ,                                       !- Part of Total Floor Area
  ,                                       !- Design Specification Outdoor Air Object Name
  ;                                       !- Building Unit Name

OS:Space,
  {c44f7649-dd6c-4899-aad4-9493109e3f04}, !- Handle
  Bác sĩ Doct. (2),                     !- Name
  ,                                       !- Space Type Name
  ,                                       !- Default Construction Set Name
  ,                                       !- Default Schedule Set Name
  ,                                       !- Direction of Relative North {deg}
  ,                                       !- X Origin {m}
  ,                                       !- Y Origin {m}
  ,                                       !- Z Origin {m}
  {5e49b3ed-7ce8-49ff-b9a6-24093dda1014}, !- Building Story Name
  ,                                       !- Thermal Zone Name
  ,                                       !- Part of Total Floor Area
  ,                                       !- Design Specification Outdoor Air Object Name
  ;                                       !- Building Unit Name

OS:Space,
  {ba75c511-818f-499f-a4eb-a80103f71033}, !- Handle
  Chuẩn bị Prep.,                     !- Name
  ,                                       !- Space Type Name
  ,                                       !- Default Construction Set Name
  ,                                       !- Default Schedule Set Name
  ,                                       !- Direction of Relative North {deg}
  ,                                       !- X Origin {m}
  ,                                       !- Y Origin {m}
  ,                                       !- Z Origin {m}
  {5e49b3ed-7ce8-49ff-b9a6-24093dda1014}, !- Building Story Name
  ,                                       !- Thermal Zone Name
  ,                                       !- Part of Total Floor Area
  ,                                       !- Design Specification Outdoor Air Object Name
  ;                                       !- Building Unit Name

OS:Space,
  {3866074a-5649-47b0-8efd-27ed596b663d}, !- Handle
  Bác sĩ Doct.,                         !- Name
  ,                                       !- Space Type Name
  ,                                       !- Default Construction Set Name
  ,                                       !- Default Schedule Set Name
  ,                                       !- Direction of Relative North {deg}
  ,                                       !- X Origin {m}
  ,                                       !- Y Origin {m}
  ,                                       !- Z Origin {m}
  {5e49b3ed-7ce8-49ff-b9a6-24093dda1014}, !- Building Story Name
  ,                                       !- Thermal Zone Name
  ,                                       !- Part of Total Floor Area
  ,                                       !- Design Specification Outdoor Air Object Name
  ;                                       !- Building Unit Name

OS:Space,
  {b5dca00f-bc26-4f0a-b933-2fa9f560fdc4}, !- Handle
  Void,                                   !- Name
  ,                                       !- Space Type Name
  ,                                       !- Default Construction Set Name
  ,                                       !- Default Schedule Set Name
  ,                                       !- Direction of Relative North {deg}
  ,                                       !- X Origin {m}
  ,                                       !- Y Origin {m}
  ,                                       !- Z Origin {m}
  {5e49b3ed-7ce8-49ff-b9a6-24093dda1014}, !- Building Story Name
  ,                                       !- Thermal Zone Name
  ,                                       !- Part of Total Floor Area
  ,                                       !- Design Specification Outdoor Air Object Name
  ;                                       !- Building Unit Name

OS:Space,
  {a5d9d270-943b-4372-b43b-4a502eb33fdd}, !- Handle
  C.P.U.,                                 !- Name
  ,                                       !- Space Type Name
  ,                                       !- Default Construction Set Name
  ,                                       !- Default Schedule Set Name
  ,                                       !- Direction of Relative North {deg}
  ,                                       !- X Origin {m}
  ,                                       !- Y Origin {m}
  ,                                       !- Z Origin {m}
  {5e49b3ed-7ce8-49ff-b9a6-24093dda1014}, !- Building Story Name
  ,                                       !- Thermal Zone Name
  ,                                       !- Part of Total Floor Area
  ,                                       !- Design Specification Outdoor Air Object Name
  ;                                       !- Building Unit Name

OS:Space,
  {0edeebfe-e09b-4c51-85d9-8bf1de27a5d9}, !- Handle
  Chuẩn bị Prep. (3),                 !- Name
  ,                                       !- Space Type Name
  ,                                       !- Default Construction Set Name
  ,                                       !- Default Schedule Set Name
  ,                                       !- Direction of Relative North {deg}
  ,                                       !- X Origin {m}
  ,                                       !- Y Origin {m}
  ,                                       !- Z Origin {m}
  {5e49b3ed-7ce8-49ff-b9a6-24093dda1014}, !- Building Story Name
  ,                                       !- Thermal Zone Name
  ,                                       !- Part of Total Floor Area
  ,                                       !- Design Specification Outdoor Air Object Name
  ;                                       !- Building Unit Name

OS:Space,
  {91fe3847-c804-4987-9977-2b8b5bed1503}, !- Handle
  Phòng nghỉ,                          !- Name
  ,                                       !- Space Type Name
  ,                                       !- Default Construction Set Name
  ,                                       !- Default Schedule Set Name
  ,                                       !- Direction of Relative North {deg}
  ,                                       !- X Origin {m}
  ,                                       !- Y Origin {m}
  ,                                       !- Z Origin {m}
  {5e49b3ed-7ce8-49ff-b9a6-24093dda1014}, !- Building Story Name
  ,                                       !- Thermal Zone Name
  ,                                       !- Part of Total Floor Area
  ,                                       !- Design Specification Outdoor Air Object Name
  ;                                       !- Building Unit Name

OS:Space,
  {6d91db6b-0d82-480b-9468-8085d66071da}, !- Handle
  D.S.A,                                  !- Name
  ,                                       !- Space Type Name
  ,                                       !- Default Construction Set Name
  ,                                       !- Default Schedule Set Name
  ,                                       !- Direction of Relative North {deg}
  ,                                       !- X Origin {m}
  ,                                       !- Y Origin {m}
  ,                                       !- Z Origin {m}
  {5e49b3ed-7ce8-49ff-b9a6-24093dda1014}, !- Building Story Name
  ,                                       !- Thermal Zone Name
  ,                                       !- Part of Total Floor Area
  ,                                       !- Design Specification Outdoor Air Object Name
  ;                                       !- Building Unit Name

OS:Space,
  {a1a32cf4-5c1f-46cd-89e5-6d865e10cc5e}, !- Handle
  Hộ lý,                               !- Name
  ,                                       !- Space Type Name
  ,                                       !- Default Construction Set Name
  ,                                       !- Default Schedule Set Name
  ,                                       !- Direction of Relative North {deg}
  ,                                       !- X Origin {m}
  ,                                       !- Y Origin {m}
  ,                                       !- Z Origin {m}
  {5e49b3ed-7ce8-49ff-b9a6-24093dda1014}, !- Building Story Name
  ,                                       !- Thermal Zone Name
  ,                                       !- Part of Total Floor Area
  ,                                       !- Design Specification Outdoor Air Object Name
  ;                                       !- Building Unit Name

OS:Space,
  {1d38622d-dd94-45f0-9dab-f5f0213e4866}, !- Handle
  Phòng họp,                           !- Name
  ,                                       !- Space Type Name
  ,                                       !- Default Construction Set Name
  ,                                       !- Default Schedule Set Name
  ,                                       !- Direction of Relative North {deg}
  ,                                       !- X Origin {m}
  ,                                       !- Y Origin {m}
  ,                                       !- Z Origin {m}
  {5e49b3ed-7ce8-49ff-b9a6-24093dda1014}, !- Building Story Name
  ,                                       !- Thermal Zone Name
  ,                                       !- Part of Total Floor Area
  ,                                       !- Design Specification Outdoor Air Object Name
  ;                                       !- Building Unit Name

OS:Space,
  {afb6d358-8f51-4f70-8997-16918f41707c}, !- Handle
  Phòng mổ,                            !- Name
  ,                                       !- Space Type Name
  ,                                       !- Default Construction Set Name
  ,                                       !- Default Schedule Set Name
  ,                                       !- Direction of Relative North {deg}
  ,                                       !- X Origin {m}
  ,                                       !- Y Origin {m}
  ,                                       !- Z Origin {m}
  {5e49b3ed-7ce8-49ff-b9a6-24093dda1014}, !- Building Story Name
  ,                                       !- Thermal Zone Name
  ,                                       !- Part of Total Floor Area
  ,                                       !- Design Specification Outdoor Air Object Name
  ;                                       !- Building Unit Name

OS:Space,
  {cacf8864-b18d-4810-8d77-a196d2378811}, !- Handle
  Phòng thư giãn,                      !- Name
  ,                                       !- Space Type Name
  ,                                       !- Default Construction Set Name
  ,                                       !- Default Schedule Set Name
  ,                                       !- Direction of Relative North {deg}
  ,                                       !- X Origin {m}
  ,                                       !- Y Origin {m}
  ,                                       !- Z Origin {m}
  {5e49b3ed-7ce8-49ff-b9a6-24093dda1014}, !- Building Story Name
  ,                                       !- Thermal Zone Name
  ,                                       !- Part of Total Floor Area
  ,                                       !- Design Specification Outdoor Air Object Name
  ;                                       !- Building Unit Name

OS:Space,
  {dfc40459-c728-49e2-95c2-4c913a79ca61}, !- Handle
  Phòng điều khiển,                 !- Name
  ,                                       !- Space Type Name
  ,                                       !- Default Construction Set Name
  ,                                       !- Default Schedule Set Name
  ,                                       !- Direction of Relative North {deg}
  ,                                       !- X Origin {m}
  ,                                       !- Y Origin {m}
  ,                                       !- Z Origin {m}
  {5e49b3ed-7ce8-49ff-b9a6-24093dda1014}, !- Building Story Name
  ,                                       !- Thermal Zone Name
  ,                                       !- Part of Total Floor Area
  ,                                       !- Design Specification Outdoor Air Object Name
  ;                                       !- Building Unit Name

OS:Space,
  {7310911b-f165-4d70-830e-270f44ef16a9}, !- Handle
  Rửa,                                  !- Name
  ,                                       !- Space Type Name
  ,                                       !- Default Construction Set Name
  ,                                       !- Default Schedule Set Name
  ,                                       !- Direction of Relative North {deg}
  ,                                       !- X Origin {m}
  ,                                       !- Y Origin {m}
  ,                                       !- Z Origin {m}
  {5e49b3ed-7ce8-49ff-b9a6-24093dda1014}, !- Building Story Name
  ,                                       !- Thermal Zone Name
  ,                                       !- Part of Total Floor Area
  ,                                       !- Design Specification Outdoor Air Object Name
  ;                                       !- Building Unit Name

OS:Space,
  {1e6b2642-6431-4833-ac25-ef28703a9ff4}, !- Handle
  Stairs,                                 !- Name
  ,                                       !- Space Type Name
  ,                                       !- Default Construction Set Name
  ,                                       !- Default Schedule Set Name
  ,                                       !- Direction of Relative North {deg}
  ,                                       !- X Origin {m}
  ,                                       !- Y Origin {m}
  ,                                       !- Z Origin {m}
  {5e49b3ed-7ce8-49ff-b9a6-24093dda1014}, !- Building Story Name
  ,                                       !- Thermal Zone Name
  ,                                       !- Part of Total Floor Area
  ,                                       !- Design Specification Outdoor Air Object Name
  ;                                       !- Building Unit Name

OS:Space,
  {0b2e51c4-5549-42e8-970c-df577621affd}, !- Handle
  Thiết bị Equip.,                    !- Name
  ,                                       !- Space Type Name
  ,                                       !- Default Construction Set Name
  ,                                       !- Default Schedule Set Name
  ,                                       !- Direction of Relative North {deg}
  ,                                       !- X Origin {m}
  ,                                       !- Y Origin {m}
  ,                                       !- Z Origin {m}
  {5e49b3ed-7ce8-49ff-b9a6-24093dda1014}, !- Building Story Name
  ,                                       !- Thermal Zone Name
  ,                                       !- Part of Total Floor Area
  ,                                       !- Design Specification Outdoor Air Object Name
  ;                                       !- Building Unit Name

OS:Space,
  {3973e9b3-bc2c-4cff-aa43-7824f8c553fa}, !- Handle
  Thiết bị Equip. (2),                !- Name
  ,                                       !- Space Type Name
  ,                                       !- Default Construction Set Name
  ,                                       !- Default Schedule Set Name
  ,                                       !- Direction of Relative North {deg}
  ,                                       !- X Origin {m}
  ,                                       !- Y Origin {m}
  ,                                       !- Z Origin {m}
  {5e49b3ed-7ce8-49ff-b9a6-24093dda1014}, !- Building Story Name
  ,                                       !- Thermal Zone Name
  ,                                       !- Part of Total Floor Area
  ,                                       !- Design Specification Outdoor Air Object Name
  ;                                       !- Building Unit Name

OS:Space,
  {62b30ce6-ce0a-4ebb-929e-d13aff6d1eaf}, !- Handle
  Toilet,                                 !- Name
  ,                                       !- Space Type Name
  ,                                       !- Default Construction Set Name
  ,                                       !- Default Schedule Set Name
  ,                                       !- Direction of Relative North {deg}
  ,                                       !- X Origin {m}
  ,                                       !- Y Origin {m}
  ,                                       !- Z Origin {m}
  {5e49b3ed-7ce8-49ff-b9a6-24093dda1014}, !- Building Story Name
  ,                                       !- Thermal Zone Name
  ,                                       !- Part of Total Floor Area
  ,                                       !- Design Specification Outdoor Air Object Name
  ;                                       !- Building Unit Name

OS:Space,
  {334e2040-1326-4f98-9e0c-fefdd60eee2f}, !- Handle
  Toilet (2),                             !- Name
  ,                                       !- Space Type Name
  ,                                       !- Default Construction Set Name
  ,                                       !- Default Schedule Set Name
  ,                                       !- Direction of Relative North {deg}
  ,                                       !- X Origin {m}
  ,                                       !- Y Origin {m}
  ,                                       !- Z Origin {m}
  {5e49b3ed-7ce8-49ff-b9a6-24093dda1014}, !- Building Story Name
  ,                                       !- Thermal Zone Name
  ,                                       !- Part of Total Floor Area
  ,                                       !- Design Specification Outdoor Air Object Name
  ;                                       !- Building Unit Name

OS:Space,
  {61e4894f-6526-4fde-a9dd-da2864260e92}, !- Handle
  Hồi sức,                            !- Name
  ,                                       !- Space Type Name
  ,                                       !- Default Construction Set Name
  ,                                       !- Default Schedule Set Name
  ,                                       !- Direction of Relative North {deg}
  ,                                       !- X Origin {m}
  ,                                       !- Y Origin {m}
  ,                                       !- Z Origin {m}
  {5e49b3ed-7ce8-49ff-b9a6-24093dda1014}, !- Building Story Name
  ,                                       !- Thermal Zone Name
  ,                                       !- Part of Total Floor Area
  ,                                       !- Design Specification Outdoor Air Object Name
  ;                                       !- Building Unit Name

OS:Space,
  {659b8d9b-c62b-49af-8812-5b43a08c10e5}, !- Handle
  Quầy điều dưỡng,                !- Name
  ,                                       !- Space Type Name
  ,                                       !- Default Construction Set Name
  ,                                       !- Default Schedule Set Name
  ,                                       !- Direction of Relative North {deg}
  ,                                       !- X Origin {m}
  ,                                       !- Y Origin {m}
  ,                                       !- Z Origin {m}
  {5e49b3ed-7ce8-49ff-b9a6-24093dda1014}, !- Building Story Name
  ,                                       !- Thermal Zone Name
  ,                                       !- Part of Total Floor Area
  ,                                       !- Design Specification Outdoor Air Object Name
  ;                                       !- Building Unit Name

OS:Space,
  {325bacaa-21b3-4b7f-aae8-e0f1fab93de5}, !- Handle
  Bác sĩ Doct. (4),                     !- Name
  ,                                       !- Space Type Name
  ,                                       !- Default Construction Set Name
  ,                                       !- Default Schedule Set Name
  ,                                       !- Direction of Relative North {deg}
  ,                                       !- X Origin {m}
  ,                                       !- Y Origin {m}
  ,                                       !- Z Origin {m}
  {5e49b3ed-7ce8-49ff-b9a6-24093dda1014}, !- Building Story Name
  ,                                       !- Thermal Zone Name
  ,                                       !- Part of Total Floor Area
  ,                                       !- Design Specification Outdoor Air Object Name
  ;                                       !- Building Unit Name

OS:Space,
  {c801af4a-c704-4269-8b61-c0f84bebd283}, !- Handle
  Stairs (2),                             !- Name
  ,                                       !- Space Type Name
  ,                                       !- Default Construction Set Name
  ,                                       !- Default Schedule Set Name
  ,                                       !- Direction of Relative North {deg}
  ,                                       !- X Origin {m}
  ,                                       !- Y Origin {m}
  ,                                       !- Z Origin {m}
  {5e49b3ed-7ce8-49ff-b9a6-24093dda1014}, !- Building Story Name
  ,                                       !- Thermal Zone Name
  ,                                       !- Part of Total Floor Area
  ,                                       !- Design Specification Outdoor Air Object Name
  ;                                       !- Building Unit Name

OS:Space,
  {ef9d7c2f-11b6-4cc1-ae6b-c72763ca613e}, !- Handle
  Chuẩn bị Prep. (4),                 !- Name
  ,                                       !- Space Type Name
  ,                                       !- Default Construction Set Name
  ,                                       !- Default Schedule Set Name
  ,                                       !- Direction of Relative North {deg}
  ,                                       !- X Origin {m}
  ,                                       !- Y Origin {m}
  ,                                       !- Z Origin {m}
  {5e49b3ed-7ce8-49ff-b9a6-24093dda1014}, !- Building Story Name
  ,                                       !- Thermal Zone Name
  ,                                       !- Part of Total Floor Area
  ,                                       !- Design Specification Outdoor Air Object Name
  ;                                       !- Building Unit Name

OS:Space,
  {7bfab360-8046-440f-a72d-fe255f0b6fb8}, !- Handle
  Stairs (3),                             !- Name
  ,                                       !- Space Type Name
  ,                                       !- Default Construction Set Name
  ,                                       !- Default Schedule Set Name
  ,                                       !- Direction of Relative North {deg}
  ,                                       !- X Origin {m}
  ,                                       !- Y Origin {m}
  ,                                       !- Z Origin {m}
  {5e49b3ed-7ce8-49ff-b9a6-24093dda1014}, !- Building Story Name
  ,                                       !- Thermal Zone Name
  ,                                       !- Part of Total Floor Area
  ,                                       !- Design Specification Outdoor Air Object Name
  ;                                       !- Building Unit Name

OS:Space,
  {4db9e02c-c420-43fe-b592-7112f937ba86}, !- Handle
  Toilet (4),                             !- Name
  ,                                       !- Space Type Name
  ,                                       !- Default Construction Set Name
  ,                                       !- Default Schedule Set Name
  ,                                       !- Direction of Relative North {deg}
  ,                                       !- X Origin {m}
  ,                                       !- Y Origin {m}
  ,                                       !- Z Origin {m}
  {5e49b3ed-7ce8-49ff-b9a6-24093dda1014}, !- Building Story Name
  ,                                       !- Thermal Zone Name
  ,                                       !- Part of Total Floor Area
  ,                                       !- Design Specification Outdoor Air Object Name
  ;                                       !- Building Unit Name

OS:Space,
  {9d2b4da2-760f-4ed5-bbb4-7e963d76129f}, !- Handle
  Void (2),                               !- Name
  ,                                       !- Space Type Name
  ,                                       !- Default Construction Set Name
  ,                                       !- Default Schedule Set Name
  ,                                       !- Direction of Relative North {deg}
  ,                                       !- X Origin {m}
  ,                                       !- Y Origin {m}
  ,                                       !- Z Origin {m}
  {5e49b3ed-7ce8-49ff-b9a6-24093dda1014}, !- Building Story Name
  ,                                       !- Thermal Zone Name
  ,                                       !- Part of Total Floor Area
  ,                                       !- Design Specification Outdoor Air Object Name
  ;                                       !- Building Unit Name

OS:Space,
  {f4ed4486-3a11-43b5-bba1-08485da2476a}, !- Handle
  Stairs (4),                             !- Name
  ,                                       !- Space Type Name
  ,                                       !- Default Construction Set Name
  ,                                       !- Default Schedule Set Name
  ,                                       !- Direction of Relative North {deg}
  ,                                       !- X Origin {m}
  ,                                       !- Y Origin {m}
  ,                                       !- Z Origin {m}
  {5e49b3ed-7ce8-49ff-b9a6-24093dda1014}, !- Building Story Name
  ,                                       !- Thermal Zone Name
  ,                                       !- Part of Total Floor Area
  ,                                       !- Design Specification Outdoor Air Object Name
  ;                                       !- Building Unit Name

OS:Space,
  {5089ff29-a4f6-487b-baf3-ec84b8c109c8}, !- Handle
  Void (3),                               !- Name
  ,                                       !- Space Type Name
  ,                                       !- Default Construction Set Name
  ,                                       !- Default Schedule Set Name
  ,                                       !- Direction of Relative North {deg}
  ,                                       !- X Origin {m}
  ,                                       !- Y Origin {m}
  ,                                       !- Z Origin {m}
  {5e49b3ed-7ce8-49ff-b9a6-24093dda1014}, !- Building Story Name
  ,                                       !- Thermal Zone Name
  ,                                       !- Part of Total Floor Area
  ,                                       !- Design Specification Outdoor Air Object Name
  ;                                       !- Building Unit Name

OS:Space,
  {034d0490-8082-4908-b0dd-5f0e07d3cb7e}, !- Handle
  Void (4),                               !- Name
  ,                                       !- Space Type Name
  ,                                       !- Default Construction Set Name
  ,                                       !- Default Schedule Set Name
  ,                                       !- Direction of Relative North {deg}
  ,                                       !- X Origin {m}
  ,                                       !- Y Origin {m}
  ,                                       !- Z Origin {m}
  {5e49b3ed-7ce8-49ff-b9a6-24093dda1014}, !- Building Story Name
  ,                                       !- Thermal Zone Name
  ,                                       !- Part of Total Floor Area
  ,                                       !- Design Specification Outdoor Air Object Name
  ;                                       !- Building Unit Name

OS:Space,
  {abde659f-c56e-406f-802e-11a1b1d14275}, !- Handle
  Quầy điều dưỡng (2),            !- Name
  ,                                       !- Space Type Name
  ,                                       !- Default Construction Set Name
  ,                                       !- Default Schedule Set Name
  ,                                       !- Direction of Relative North {deg}
  ,                                       !- X Origin {m}
  ,                                       !- Y Origin {m}
  ,                                       !- Z Origin {m}
  {5e49b3ed-7ce8-49ff-b9a6-24093dda1014}, !- Building Story Name
  ,                                       !- Thermal Zone Name
  ,                                       !- Part of Total Floor Area
  ,                                       !- Design Specification Outdoor Air Object Name
  ;                                       !- Building Unit Name

OS:Space,
  {d90c038d-bd16-4aa0-bbe9-723b1b719d66}, !- Handle
  Tiền phẫu,                          !- Name
  ,                                       !- Space Type Name
  ,                                       !- Default Construction Set Name
  ,                                       !- Default Schedule Set Name
  ,                                       !- Direction of Relative North {deg}
  ,                                       !- X Origin {m}
  ,                                       !- Y Origin {m}
  ,                                       !- Z Origin {m}
  {5e49b3ed-7ce8-49ff-b9a6-24093dda1014}, !- Building Story Name
  ,                                       !- Thermal Zone Name
  ,                                       !- Part of Total Floor Area
  ,                                       !- Design Specification Outdoor Air Object Name
  ;                                       !- Building Unit Name

OS:Space,
  {18cb6cdd-84e7-4e5e-a8d2-5ee426d4e1d0}, !- Handle
  Bác sĩ thay đồ (nam),              !- Name
  ,                                       !- Space Type Name
  ,                                       !- Default Construction Set Name
  ,                                       !- Default Schedule Set Name
  ,                                       !- Direction of Relative North {deg}
  ,                                       !- X Origin {m}
  ,                                       !- Y Origin {m}
  ,                                       !- Z Origin {m}
  {5e49b3ed-7ce8-49ff-b9a6-24093dda1014}, !- Building Story Name
  ,                                       !- Thermal Zone Name
  ,                                       !- Part of Total Floor Area
  ,                                       !- Design Specification Outdoor Air Object Name
  ;                                       !- Building Unit Name

OS:Space,
  {4b2b2d8a-542a-4344-94c7-eb26a034a591}, !- Handle
  Bác sĩ thay đồ (nữ),             !- Name
  ,                                       !- Space Type Name
  ,                                       !- Default Construction Set Name
  ,                                       !- Default Schedule Set Name
  ,                                       !- Direction of Relative North {deg}
  ,                                       !- X Origin {m}
  ,                                       !- Y Origin {m}
  ,                                       !- Z Origin {m}
  {5e49b3ed-7ce8-49ff-b9a6-24093dda1014}, !- Building Story Name
  ,                                       !- Thermal Zone Name
  ,                                       !- Part of Total Floor Area
  ,                                       !- Design Specification Outdoor Air Object Name
  ;                                       !- Building Unit Name

OS:Space,
  {69c80ad6-cba8-415b-a40f-b8f4420cc10b}, !- Handle
  Toilet (5),                             !- Name
  ,                                       !- Space Type Name
  ,                                       !- Default Construction Set Name
  ,                                       !- Default Schedule Set Name
  ,                                       !- Direction of Relative North {deg}
  ,                                       !- X Origin {m}
  ,                                       !- Y Origin {m}
  ,                                       !- Z Origin {m}
  {5e49b3ed-7ce8-49ff-b9a6-24093dda1014}, !- Building Story Name
  ,                                       !- Thermal Zone Name
  ,                                       !- Part of Total Floor Area
  ,                                       !- Design Specification Outdoor Air Object Name
  ;                                       !- Building Unit Name

OS:Space,
  {0d5592fd-7c92-4e3b-bd4a-e00e00e8ffd0}, !- Handle
  Office,                                 !- Name
  ,                                       !- Space Type Name
  ,                                       !- Default Construction Set Name
  ,                                       !- Default Schedule Set Name
  ,                                       !- Direction of Relative North {deg}
  ,                                       !- X Origin {m}
  ,                                       !- Y Origin {m}
  ,                                       !- Z Origin {m}
  {5e49b3ed-7ce8-49ff-b9a6-24093dda1014}, !- Building Story Name
  ,                                       !- Thermal Zone Name
  ,                                       !- Part of Total Floor Area
  ,                                       !- Design Specification Outdoor Air Object Name
  ;                                       !- Building Unit Name

OS:Space,
  {d61b7145-0523-429d-9006-cc6285d34896}, !- Handle
  N.S,                                    !- Name
  ,                                       !- Space Type Name
  ,                                       !- Default Construction Set Name
  ,                                       !- Default Schedule Set Name
  ,                                       !- Direction of Relative North {deg}
  ,                                       !- X Origin {m}
  ,                                       !- Y Origin {m}
  ,                                       !- Z Origin {m}
  {5e49b3ed-7ce8-49ff-b9a6-24093dda1014}, !- Building Story Name
  ,                                       !- Thermal Zone Name
  ,                                       !- Part of Total Floor Area
  ,                                       !- Design Specification Outdoor Air Object Name
  ;                                       !- Building Unit Name

OS:Space,
  {6f59c4c1-33df-405b-b3e4-c289a3d19e8c}, !- Handle
  P. người làm,                       !- Name
  ,                                       !- Space Type Name
  ,                                       !- Default Construction Set Name
  ,                                       !- Default Schedule Set Name
  ,                                       !- Direction of Relative North {deg}
  ,                                       !- X Origin {m}
  ,                                       !- Y Origin {m}
  ,                                       !- Z Origin {m}
  {5e49b3ed-7ce8-49ff-b9a6-24093dda1014}, !- Building Story Name
  ,                                       !- Thermal Zone Name
  ,                                       !- Part of Total Floor Area
  ,                                       !- Design Specification Outdoor Air Object Name
  ;                                       !- Building Unit Name

OS:Space,
  {4e760ee6-9920-4c18-9b10-15510eae17bc}, !- Handle
  Phòng mổ (2),                        !- Name
  ,                                       !- Space Type Name
  ,                                       !- Default Construction Set Name
  ,                                       !- Default Schedule Set Name
  ,                                       !- Direction of Relative North {deg}
  ,                                       !- X Origin {m}
  ,                                       !- Y Origin {m}
  ,                                       !- Z Origin {m}
  {5e49b3ed-7ce8-49ff-b9a6-24093dda1014}, !- Building Story Name
  ,                                       !- Thermal Zone Name
  ,                                       !- Part of Total Floor Area
  ,                                       !- Design Specification Outdoor Air Object Name
  ;                                       !- Building Unit Name

OS:Space,
  {08180ebc-e0f4-4aa1-9132-45108bdc7dee}, !- Handle
  Rửa sạch,                           !- Name
  ,                                       !- Space Type Name
  ,                                       !- Default Construction Set Name
  ,                                       !- Default Schedule Set Name
  ,                                       !- Direction of Relative North {deg}
  ,                                       !- X Origin {m}
  ,                                       !- Y Origin {m}
  ,                                       !- Z Origin {m}
  {5e49b3ed-7ce8-49ff-b9a6-24093dda1014}, !- Building Story Name
  ,                                       !- Thermal Zone Name
  ,                                       !- Part of Total Floor Area
  ,                                       !- Design Specification Outdoor Air Object Name
  ;                                       !- Building Unit Name

OS:Space,
  {8b71237f-eb9b-4cda-b605-81662796fd67}, !- Handle
  Phòng mổ (3),                        !- Name
  ,                                       !- Space Type Name
  ,                                       !- Default Construction Set Name
  ,                                       !- Default Schedule Set Name
  ,                                       !- Direction of Relative North {deg}
  ,                                       !- X Origin {m}
  ,                                       !- Y Origin {m}
  ,                                       !- Z Origin {m}
  {5e49b3ed-7ce8-49ff-b9a6-24093dda1014}, !- Building Story Name
  ,                                       !- Thermal Zone Name
  ,                                       !- Part of Total Floor Area
  ,                                       !- Design Specification Outdoor Air Object Name
  ;                                       !- Building Unit Name

OS:Space,
  {67836768-2441-4c9c-945c-ff8738883f76}, !- Handle
  Stairs (5),                             !- Name
  ,                                       !- Space Type Name
  ,                                       !- Default Construction Set Name
  ,                                       !- Default Schedule Set Name
  ,                                       !- Direction of Relative North {deg}
  ,                                       !- X Origin {m}
  ,                                       !- Y Origin {m}
  ,                                       !- Z Origin {m}
  {5e49b3ed-7ce8-49ff-b9a6-24093dda1014}, !- Building Story Name
  ,                                       !- Thermal Zone Name
  ,                                       !- Part of Total Floor Area
  ,                                       !- Design Specification Outdoor Air Object Name
  ;                                       !- Building Unit Name

OS:Space,
  {346bb6f4-8f49-46e3-a2ff-c4c023aa5208}, !- Handle
  Thanh trùng,                           !- Name
  ,                                       !- Space Type Name
  ,                                       !- Default Construction Set Name
  ,                                       !- Default Schedule Set Name
  ,                                       !- Direction of Relative North {deg}
  ,                                       !- X Origin {m}
  ,                                       !- Y Origin {m}
  ,                                       !- Z Origin {m}
  {5e49b3ed-7ce8-49ff-b9a6-24093dda1014}, !- Building Story Name
  ,                                       !- Thermal Zone Name
  ,                                       !- Part of Total Floor Area
  ,                                       !- Design Specification Outdoor Air Object Name
  ;                                       !- Building Unit Name

OS:Space,
  {509a221f-ae97-48c5-9580-5dd6c26936cd}, !- Handle
  Phòng mổ (4),                        !- Name
  ,                                       !- Space Type Name
  ,                                       !- Default Construction Set Name
  ,                                       !- Default Schedule Set Name
  ,                                       !- Direction of Relative North {deg}
  ,                                       !- X Origin {m}
  ,                                       !- Y Origin {m}
  ,                                       !- Z Origin {m}
  {5e49b3ed-7ce8-49ff-b9a6-24093dda1014}, !- Building Story Name
  ,                                       !- Thermal Zone Name
  ,                                       !- Part of Total Floor Area
  ,                                       !- Design Specification Outdoor Air Object Name
  ;                                       !- Building Unit Name

OS:Space,
  {e12d323a-53b6-4b76-b03e-4a1420944b3f}, !- Handle
  Phòng mổ (5),                        !- Name
  ,                                       !- Space Type Name
  ,                                       !- Default Construction Set Name
  ,                                       !- Default Schedule Set Name
  ,                                       !- Direction of Relative North {deg}
  ,                                       !- X Origin {m}
  ,                                       !- Y Origin {m}
  ,                                       !- Z Origin {m}
  {5e49b3ed-7ce8-49ff-b9a6-24093dda1014}, !- Building Story Name
  ,                                       !- Thermal Zone Name
  ,                                       !- Part of Total Floor Area
  ,                                       !- Design Specification Outdoor Air Object Name
  ;                                       !- Building Unit Name

OS:Space,
  {e110b6ce-c258-486f-90b4-21d4394d6308}, !- Handle
  Rửa sạch (2),                       !- Name
  ,                                       !- Space Type Name
  ,                                       !- Default Construction Set Name
  ,                                       !- Default Schedule Set Name
  ,                                       !- Direction of Relative North {deg}
  ,                                       !- X Origin {m}
  ,                                       !- Y Origin {m}
  ,                                       !- Z Origin {m}
  {5e49b3ed-7ce8-49ff-b9a6-24093dda1014}, !- Building Story Name
  ,                                       !- Thermal Zone Name
  ,                                       !- Part of Total Floor Area
  ,                                       !- Design Specification Outdoor Air Object Name
  ;                                       !- Building Unit Name

OS:Space,
  {af177309-06eb-413a-85ba-2713e910b3fb}, !- Handle
  Corridor,                               !- Name
  ,                                       !- Space Type Name
  ,                                       !- Default Construction Set Name
  ,                                       !- Default Schedule Set Name
  ,                                       !- Direction of Relative North {deg}
  ,                                       !- X Origin {m}
  ,                                       !- Y Origin {m}
  ,                                       !- Z Origin {m}
  {5e49b3ed-7ce8-49ff-b9a6-24093dda1014}, !- Building Story Name
  ,                                       !- Thermal Zone Name
  ,                                       !- Part of Total Floor Area
  ,                                       !- Design Specification Outdoor Air Object Name
  ;                                       !- Building Unit Name

OS:Space,
  {80bf9c73-c534-4755-84da-97440a3de104}, !- Handle
  Corridor (2),                           !- Name
  ,                                       !- Space Type Name
  ,                                       !- Default Construction Set Name
  ,                                       !- Default Schedule Set Name
  ,                                       !- Direction of Relative North {deg}
  ,                                       !- X Origin {m}
  ,                                       !- Y Origin {m}
  ,                                       !- Z Origin {m}
  {5e49b3ed-7ce8-49ff-b9a6-24093dda1014}, !- Building Story Name
  ,                                       !- Thermal Zone Name
  ,                                       !- Part of Total Floor Area
  ,                                       !- Design Specification Outdoor Air Object Name
  ;                                       !- Building Unit Name

OS:Space,
  {cf05fd41-1fba-4824-99aa-93387e229b57}, !- Handle
  Corridor (3),                           !- Name
  ,                                       !- Space Type Name
  ,                                       !- Default Construction Set Name
  ,                                       !- Default Schedule Set Name
  ,                                       !- Direction of Relative North {deg}
  ,                                       !- X Origin {m}
  ,                                       !- Y Origin {m}
  ,                                       !- Z Origin {m}
  {5e49b3ed-7ce8-49ff-b9a6-24093dda1014}, !- Building Story Name
  ,                                       !- Thermal Zone Name
  ,                                       !- Part of Total Floor Area
  ,                                       !- Design Specification Outdoor Air Object Name
  ;                                       !- Building Unit Name

OS:Space,
  {6ba7e8a5-878f-428c-996b-f4d993120ee5}, !- Handle
  Corridor (4),                           !- Name
  ,                                       !- Space Type Name
  ,                                       !- Default Construction Set Name
  ,                                       !- Default Schedule Set Name
  ,                                       !- Direction of Relative North {deg}
  ,                                       !- X Origin {m}
  ,                                       !- Y Origin {m}
  ,                                       !- Z Origin {m}
  {5e49b3ed-7ce8-49ff-b9a6-24093dda1014}, !- Building Story Name
  ,                                       !- Thermal Zone Name
  ,                                       !- Part of Total Floor Area
  ,                                       !- Design Specification Outdoor Air Object Name
  ;                                       !- Building Unit Name

OS:Space,
  {fa7497d3-3152-4cf6-be18-42ddcab04b56}, !- Handle
  Phòng mổ (8),                        !- Name
  ,                                       !- Space Type Name
  ,                                       !- Default Construction Set Name
  ,                                       !- Default Schedule Set Name
  ,                                       !- Direction of Relative North {deg}
  ,                                       !- X Origin {m}
  ,                                       !- Y Origin {m}
  ,                                       !- Z Origin {m}
  {5e49b3ed-7ce8-49ff-b9a6-24093dda1014}, !- Building Story Name
  ,                                       !- Thermal Zone Name
  ,                                       !- Part of Total Floor Area
  ,                                       !- Design Specification Outdoor Air Object Name
  ;                                       !- Building Unit Name

OS:Space,
  {3e1d2a5e-5e7e-46b3-a9cd-d707b184b9d4}, !- Handle
  Phòng mổ (6),                        !- Name
  ,                                       !- Space Type Name
  ,                                       !- Default Construction Set Name
  ,                                       !- Default Schedule Set Name
  ,                                       !- Direction of Relative North {deg}
  ,                                       !- X Origin {m}
  ,                                       !- Y Origin {m}
  ,                                       !- Z Origin {m}
  {5e49b3ed-7ce8-49ff-b9a6-24093dda1014}, !- Building Story Name
  ,                                       !- Thermal Zone Name
  ,                                       !- Part of Total Floor Area
  ,                                       !- Design Specification Outdoor Air Object Name
  ;                                       !- Building Unit Name

OS:Space,
  {9b1fbc8a-5148-4e55-8b17-ebd4ebba9f7b}, !- Handle
  Phòng mổ (7),                        !- Name
  ,                                       !- Space Type Name
  ,                                       !- Default Construction Set Name
  ,                                       !- Default Schedule Set Name
  ,                                       !- Direction of Relative North {deg}
  ,                                       !- X Origin {m}
  ,                                       !- Y Origin {m}
  ,                                       !- Z Origin {m}
  {5e49b3ed-7ce8-49ff-b9a6-24093dda1014}, !- Building Story Name
  ,                                       !- Thermal Zone Name
  ,                                       !- Part of Total Floor Area
  ,                                       !- Design Specification Outdoor Air Object Name
  ;                                       !- Building Unit Name

OS:Space,
  {0931dac5-9632-4d7e-bc2a-ce85577c3638}, !- Handle
  Chứa đồ dơ,                       !- Name
  ,                                       !- Space Type Name
  ,                                       !- Default Construction Set Name
  ,                                       !- Default Schedule Set Name
  ,                                       !- Direction of Relative North {deg}
  ,                                       !- X Origin {m}
  ,                                       !- Y Origin {m}
  ,                                       !- Z Origin {m}
  {5e49b3ed-7ce8-49ff-b9a6-24093dda1014}, !- Building Story Name
  ,                                       !- Thermal Zone Name
  ,                                       !- Part of Total Floor Area
  ,                                       !- Design Specification Outdoor Air Object Name
  ;                                       !- Building Unit Name

OS:Space,
  {e02bd431-4e11-402a-8d14-aba9a35565b3}, !- Handle
  Chứa rác,                            !- Name
  ,                                       !- Space Type Name
  ,                                       !- Default Construction Set Name
  ,                                       !- Default Schedule Set Name
  ,                                       !- Direction of Relative North {deg}
  ,                                       !- X Origin {m}
  ,                                       !- Y Origin {m}
  ,                                       !- Z Origin {m}
  {5e49b3ed-7ce8-49ff-b9a6-24093dda1014}, !- Building Story Name
  ,                                       !- Thermal Zone Name
  ,                                       !- Part of Total Floor Area
  ,                                       !- Design Specification Outdoor Air Object Name
  ;                                       !- Building Unit Name

OS:Surface,
  {c62007fe-bd28-4773-8c18-b8dcb0fb4085}, !- Handle
  Face 27,                                !- Name
  Floor,                                  !- Surface Type
  ,                                       !- Construction Name
  {3866074a-5649-47b0-8efd-27ed596b663d}, !- Space Name
  Ground,                                 !- Outside Boundary Condition
  ,                                       !- Outside Boundary Condition Object
  NoSun,                                  !- Sun Exposure
  NoWind,                                 !- Wind Exposure
  ,                                       !- View Factor to Ground
  ,                                       !- Number of Vertices
  16, 11, 0,                              !- X,Y,Z Vertex 1 {m}
  16, 5, 0,                               !- X,Y,Z Vertex 2 {m}
  9, 5, 0,                                !- X,Y,Z Vertex 3 {m}
  3, 5, 0,                                !- X,Y,Z Vertex 4 {m}
  3, 11, 0;                               !- X,Y,Z Vertex 5 {m}

OS:Surface,
  {7d9d3422-7f8e-456f-b472-8bbcaabd338b}, !- Handle
  Face 28,                                !- Name
  RoofCeiling,                            !- Surface Type
  ,                                       !- Construction Name
  {3866074a-5649-47b0-8efd-27ed596b663d}, !- Space Name
  Outdoors,                               !- Outside Boundary Condition
  ,                                       !- Outside Boundary Condition Object
  SunExposed,                             !- Sun Exposure
  WindExposed,                            !- Wind Exposure
  ,                                       !- View Factor to Ground
  ,                                       !- Number of Vertices
  3, 11, 2.4384,                          !- X,Y,Z Vertex 1 {m}
  3, 5, 2.4384,                           !- X,Y,Z Vertex 2 {m}
  9, 5, 2.4384,                           !- X,Y,Z Vertex 3 {m}
  16, 5, 2.4384,                          !- X,Y,Z Vertex 4 {m}
  16, 11, 2.4384;                         !- X,Y,Z Vertex 5 {m}

OS:Surface,
  {b80c3ff6-3892-46e7-a15c-f34be3c812d4}, !- Handle
  Face 29,                                !- Name
  Wall,                                   !- Surface Type
  ,                                       !- Construction Name
  {3866074a-5649-47b0-8efd-27ed596b663d}, !- Space Name
  Surface,                                !- Outside Boundary Condition
  {961b6419-f5a7-476a-bdee-9e052c926da8}, !- Outside Boundary Condition Object
  NoSun,                                  !- Sun Exposure
  NoWind,                                 !- Wind Exposure
  ,                                       !- View Factor to Ground
  ,                                       !- Number of Vertices
  16, 5, 2.4384,                          !- X,Y,Z Vertex 1 {m}
  16, 5, 0,                               !- X,Y,Z Vertex 2 {m}
  16, 11, 0,                              !- X,Y,Z Vertex 3 {m}
  16, 11, 2.4384;                         !- X,Y,Z Vertex 4 {m}

OS:Surface,
  {5cb8f1c6-c343-42b6-b1f0-7f4ad604f130}, !- Handle
  Face 30,                                !- Name
  Wall,                                   !- Surface Type
  ,                                       !- Construction Name
  {3866074a-5649-47b0-8efd-27ed596b663d}, !- Space Name
  Surface,                                !- Outside Boundary Condition
  {2285872f-4bb9-47d0-a9c7-f2f71212f8f1}, !- Outside Boundary Condition Object
  NoSun,                                  !- Sun Exposure
  NoWind,                                 !- Wind Exposure
  ,                                       !- View Factor to Ground
  ,                                       !- Number of Vertices
  9, 5, 2.4384,                           !- X,Y,Z Vertex 1 {m}
  9, 5, 0,                                !- X,Y,Z Vertex 2 {m}
  16, 5, 0,                               !- X,Y,Z Vertex 3 {m}
  16, 5, 2.4384;                          !- X,Y,Z Vertex 4 {m}

OS:Surface,
  {5e523b1d-aa42-4670-a375-e9dd1a2dcadb}, !- Handle
  Face 31,                                !- Name
  Wall,                                   !- Surface Type
  ,                                       !- Construction Name
  {3866074a-5649-47b0-8efd-27ed596b663d}, !- Space Name
  Surface,                                !- Outside Boundary Condition
  {da6ed79f-5315-4b1c-9660-610dec420927}, !- Outside Boundary Condition Object
  NoSun,                                  !- Sun Exposure
  NoWind,                                 !- Wind Exposure
  ,                                       !- View Factor to Ground
  ,                                       !- Number of Vertices
  3, 5, 2.4384,                           !- X,Y,Z Vertex 1 {m}
  3, 5, 0,                                !- X,Y,Z Vertex 2 {m}
  9, 5, 0,                                !- X,Y,Z Vertex 3 {m}
  9, 5, 2.4384;                           !- X,Y,Z Vertex 4 {m}

OS:Surface,
  {5712c8b5-4bcc-404c-ba12-880a34ec6556}, !- Handle
  Face 33,                                !- Name
  Wall,                                   !- Surface Type
  ,                                       !- Construction Name
  {3866074a-5649-47b0-8efd-27ed596b663d}, !- Space Name
  Surface,                                !- Outside Boundary Condition
  {17d5493b-313f-4116-a536-4e7c55c8e245}, !- Outside Boundary Condition Object
  NoSun,                                  !- Sun Exposure
  NoWind,                                 !- Wind Exposure
  ,                                       !- View Factor to Ground
  ,                                       !- Number of Vertices
  3, 11, 2.4384,                          !- X,Y,Z Vertex 1 {m}
  16, 11, 2.4384,                         !- X,Y,Z Vertex 2 {m}
  16, 11, 0,                              !- X,Y,Z Vertex 3 {m}
  3, 11, 0;                               !- X,Y,Z Vertex 4 {m}

OS:SubSurface,
  {976c9370-9bde-4eea-95ef-8e6422df9e69}, !- Handle
  Face 34,                                !- Name
  Door,                                   !- Sub Surface Type
  ,                                       !- Construction Name
  {5712c8b5-4bcc-404c-ba12-880a34ec6556}, !- Surface Name
  {2984fca7-e4fb-4bf5-a0f5-82e8fbe63562}, !- Outside Boundary Condition Object
  ,                                       !- View Factor to Ground
  ,                                       !- Frame and Divider Name
  ,                                       !- Multiplier
  ,                                       !- Number of Vertices
  4.5, 11, 2.033016,                      !- X,Y,Z Vertex 1 {m}
  4.5, 11, 0,                             !- X,Y,Z Vertex 2 {m}
  3.5, 11, 0,                             !- X,Y,Z Vertex 3 {m}
  3.5, 11, 2.033016;                      !- X,Y,Z Vertex 4 {m}

OS:SubSurface,
  {4ea6ae10-f095-4339-a74b-b49bc15a5f09}, !- Handle
  Face 36,                                !- Name
  Door,                                   !- Sub Surface Type
  ,                                       !- Construction Name
  {5712c8b5-4bcc-404c-ba12-880a34ec6556}, !- Surface Name
  {43c7d7f7-559f-4b84-80fa-f020e65a0862}, !- Outside Boundary Condition Object
  ,                                       !- View Factor to Ground
  ,                                       !- Frame and Divider Name
  ,                                       !- Multiplier
  ,                                       !- Number of Vertices
  13.5, 11, 2.033016,                     !- X,Y,Z Vertex 1 {m}
  13.5, 11, 0,                            !- X,Y,Z Vertex 2 {m}
  12.5, 11, 0,                            !- X,Y,Z Vertex 3 {m}
  12.5, 11, 2.033016;                     !- X,Y,Z Vertex 4 {m}

OS:SubSurface,
  {b970980a-f5df-4ae4-8990-bbfd4bb9e98e}, !- Handle
  Face 35,                                !- Name
  Door,                                   !- Sub Surface Type
  ,                                       !- Construction Name
  {5712c8b5-4bcc-404c-ba12-880a34ec6556}, !- Surface Name
  {150dcb6b-2711-4c36-afdd-9855e09d462f}, !- Outside Boundary Condition Object
  ,                                       !- View Factor to Ground
  ,                                       !- Frame and Divider Name
  ,                                       !- Multiplier
  ,                                       !- Number of Vertices
  9.5, 11, 2.033016,                      !- X,Y,Z Vertex 1 {m}
  9.5, 11, 0,                             !- X,Y,Z Vertex 2 {m}
  8.5, 11, 0,                             !- X,Y,Z Vertex 3 {m}
  8.5, 11, 2.033016;                      !- X,Y,Z Vertex 4 {m}

OS:Surface,
  {9ed9f426-e028-4335-b8f8-10be0a3d7c90}, !- Handle
  Face 32,                                !- Name
  Wall,                                   !- Surface Type
  ,                                       !- Construction Name
  {3866074a-5649-47b0-8efd-27ed596b663d}, !- Space Name
  Surface,                                !- Outside Boundary Condition
  {56d9616a-82c1-4345-81e5-22cb8baf0ef8}, !- Outside Boundary Condition Object
  NoSun,                                  !- Sun Exposure
  NoWind,                                 !- Wind Exposure
  ,                                       !- View Factor to Ground
  ,                                       !- Number of Vertices
  3, 11, 2.4384,                          !- X,Y,Z Vertex 1 {m}
  3, 11, 0,                               !- X,Y,Z Vertex 2 {m}
  3, 5, 0,                                !- X,Y,Z Vertex 3 {m}
  3, 5, 2.4384;                           !- X,Y,Z Vertex 4 {m}

OS:Surface,
  {adb74cf2-efe8-4ac8-8bec-24199ad92e42}, !- Handle
  Face 765,                               !- Name
  Wall,                                   !- Surface Type
  ,                                       !- Construction Name
  {6ba7e8a5-878f-428c-996b-f4d993120ee5}, !- Space Name
  Surface,                                !- Outside Boundary Condition
  {7593d51e-610f-480d-87df-08c4ceeb40f2}, !- Outside Boundary Condition Object
  NoSun,                                  !- Sun Exposure
  NoWind,                                 !- Wind Exposure
  ,                                       !- View Factor to Ground
  ,                                       !- Number of Vertices
  -37, 33, 2.4384,                        !- X,Y,Z Vertex 1 {m}
  -37, 33, 0,                             !- X,Y,Z Vertex 2 {m}
  -35, 33, 0,                             !- X,Y,Z Vertex 3 {m}
  -35, 33, 2.4384;                        !- X,Y,Z Vertex 4 {m}

OS:Surface,
  {350d5452-a315-4d09-8629-062ab571bb73}, !- Handle
  Face 770,                               !- Name
  Wall,                                   !- Surface Type
  ,                                       !- Construction Name
  {6ba7e8a5-878f-428c-996b-f4d993120ee5}, !- Space Name
  Outdoors,                               !- Outside Boundary Condition
  ,                                       !- Outside Boundary Condition Object
  SunExposed,                             !- Sun Exposure
  WindExposed,                            !- Wind Exposure
  ,                                       !- View Factor to Ground
  ,                                       !- Number of Vertices
  32, 23, 2.4384,                         !- X,Y,Z Vertex 1 {m}
  35, 23, 2.4384,                         !- X,Y,Z Vertex 2 {m}
  35, 23, 0,                              !- X,Y,Z Vertex 3 {m}
  32, 23, 0;                              !- X,Y,Z Vertex 4 {m}

OS:Surface,
  {206cb73c-97cb-4f33-a976-093a37f6b9bd}, !- Handle
  Face 767,                               !- Name
  Wall,                                   !- Surface Type
  ,                                       !- Construction Name
  {6ba7e8a5-878f-428c-996b-f4d993120ee5}, !- Space Name
  Outdoors,                               !- Outside Boundary Condition
  ,                                       !- Outside Boundary Condition Object
  SunExposed,                             !- Sun Exposure
  WindExposed,                            !- Wind Exposure
  ,                                       !- View Factor to Ground
  ,                                       !- Number of Vertices
  -37, 35, 2.4384,                        !- X,Y,Z Vertex 1 {m}
  32, 35, 2.4384,                         !- X,Y,Z Vertex 2 {m}
  32, 35, 0,                              !- X,Y,Z Vertex 3 {m}
  -37, 35, 0;                             !- X,Y,Z Vertex 4 {m}

OS:Surface,
  {81f90e7d-10c2-44d7-b95b-8e6613c6c69a}, !- Handle
  Face 768,                               !- Name
  Wall,                                   !- Surface Type
  ,                                       !- Construction Name
  {6ba7e8a5-878f-428c-996b-f4d993120ee5}, !- Space Name
  Outdoors,                               !- Outside Boundary Condition
  ,                                       !- Outside Boundary Condition Object
  SunExposed,                             !- Sun Exposure
  WindExposed,                            !- Wind Exposure
  ,                                       !- View Factor to Ground
  ,                                       !- Number of Vertices
  32, 35, 2.4384,                         !- X,Y,Z Vertex 1 {m}
  32, 23, 2.4384,                         !- X,Y,Z Vertex 2 {m}
  32, 23, 0,                              !- X,Y,Z Vertex 3 {m}
  32, 35, 0;                              !- X,Y,Z Vertex 4 {m}

OS:SubSurface,
  {c9e4376b-8244-4a5e-abbb-2d517395365b}, !- Handle
  Face 769,                               !- Name
  FixedWindow,                            !- Sub Surface Type
  ,                                       !- Construction Name
  {81f90e7d-10c2-44d7-b95b-8e6613c6c69a}, !- Surface Name
  ,                                       !- Outside Boundary Condition Object
  ,                                       !- View Factor to Ground
  ,                                       !- Frame and Divider Name
  ,                                       !- Multiplier
  ,                                       !- Number of Vertices
  32, 24.5, 2.1336,                       !- X,Y,Z Vertex 1 {m}
  32, 24.5, 0.9144,                       !- X,Y,Z Vertex 2 {m}
  32, 29.5, 0.9144,                       !- X,Y,Z Vertex 3 {m}
  32, 29.5, 2.1336;                       !- X,Y,Z Vertex 4 {m}

OS:Surface,
  {1073ccd0-c79c-4b03-b1ea-7e82091496df}, !- Handle
  Face 766,                               !- Name
  Wall,                                   !- Surface Type
  ,                                       !- Construction Name
  {6ba7e8a5-878f-428c-996b-f4d993120ee5}, !- Space Name
  Outdoors,                               !- Outside Boundary Condition
  ,                                       !- Outside Boundary Condition Object
  SunExposed,                             !- Sun Exposure
  WindExposed,                            !- Wind Exposure
  ,                                       !- View Factor to Ground
  ,                                       !- Number of Vertices
  -37, 33, 2.4384,                        !- X,Y,Z Vertex 1 {m}
  -37, 35, 2.4384,                        !- X,Y,Z Vertex 2 {m}
  -37, 35, 0,                             !- X,Y,Z Vertex 3 {m}
  -37, 33, 0;                             !- X,Y,Z Vertex 4 {m}

OS:Surface,
  {5a265a31-a7d8-4792-bffe-69ab46706d93}, !- Handle
  Face 764,                               !- Name
  Wall,                                   !- Surface Type
  ,                                       !- Construction Name
  {6ba7e8a5-878f-428c-996b-f4d993120ee5}, !- Space Name
  Surface,                                !- Outside Boundary Condition
  {503a543b-48b9-473a-8201-bad2f3ce5ea7}, !- Outside Boundary Condition Object
  NoSun,                                  !- Sun Exposure
  NoWind,                                 !- Wind Exposure
  ,                                       !- View Factor to Ground
  ,                                       !- Number of Vertices
  -35, 33, 2.4384,                        !- X,Y,Z Vertex 1 {m}
  -35, 33, 0,                             !- X,Y,Z Vertex 2 {m}
  -28, 33, 0,                             !- X,Y,Z Vertex 3 {m}
  -28, 33, 2.4384;                        !- X,Y,Z Vertex 4 {m}

OS:Surface,
  {c7c5c76c-cd01-4d71-8135-a06774187ab3}, !- Handle
  Face 774,                               !- Name
  Wall,                                   !- Surface Type
  ,                                       !- Construction Name
  {6ba7e8a5-878f-428c-996b-f4d993120ee5}, !- Space Name
  Surface,                                !- Outside Boundary Condition
  {4c7f91b8-126c-4d41-a623-524639f083d1}, !- Outside Boundary Condition Object
  NoSun,                                  !- Sun Exposure
  NoWind,                                 !- Wind Exposure
  ,                                       !- View Factor to Ground
  ,                                       !- Number of Vertices
  35, 7, 2.4384,                          !- X,Y,Z Vertex 1 {m}
  33, 7, 2.4384,                          !- X,Y,Z Vertex 2 {m}
  33, 7, 0,                               !- X,Y,Z Vertex 3 {m}
  35, 7, 0;                               !- X,Y,Z Vertex 4 {m}

OS:Surface,
  {f03db475-33c4-46d2-82ac-fb085928a0e8}, !- Handle
  Face 771,                               !- Name
  Wall,                                   !- Surface Type
  ,                                       !- Construction Name
  {6ba7e8a5-878f-428c-996b-f4d993120ee5}, !- Space Name
  Outdoors,                               !- Outside Boundary Condition
  ,                                       !- Outside Boundary Condition Object
  SunExposed,                             !- Sun Exposure
  WindExposed,                            !- Wind Exposure
  ,                                       !- View Factor to Ground
  ,                                       !- Number of Vertices
  35, 23, 2.4384,                         !- X,Y,Z Vertex 1 {m}
  35, 7, 2.4384,                          !- X,Y,Z Vertex 2 {m}
  35, 7, 0,                               !- X,Y,Z Vertex 3 {m}
  35, 23, 0;                              !- X,Y,Z Vertex 4 {m}

OS:SubSurface,
  {1dcf5001-c531-44d1-a306-7988160facc2}, !- Handle
  Face 772,                               !- Name
  FixedWindow,                            !- Sub Surface Type
  ,                                       !- Construction Name
  {f03db475-33c4-46d2-82ac-fb085928a0e8}, !- Surface Name
  ,                                       !- Outside Boundary Condition Object
  ,                                       !- View Factor to Ground
  ,                                       !- Frame and Divider Name
  ,                                       !- Multiplier
  ,                                       !- Number of Vertices
  35, 10.5, 2.1336,                       !- X,Y,Z Vertex 1 {m}
  35, 10.5, 0.9144,                       !- X,Y,Z Vertex 2 {m}
  35, 15.5, 0.9144,                       !- X,Y,Z Vertex 3 {m}
  35, 15.5, 2.1336;                       !- X,Y,Z Vertex 4 {m}

OS:SubSurface,
  {daf13569-4270-473e-bf6b-e86430ff54e1}, !- Handle
  Face 773,                               !- Name
  FixedWindow,                            !- Sub Surface Type
  ,                                       !- Construction Name
  {f03db475-33c4-46d2-82ac-fb085928a0e8}, !- Surface Name
  ,                                       !- Outside Boundary Condition Object
  ,                                       !- View Factor to Ground
  ,                                       !- Frame and Divider Name
  ,                                       !- Multiplier
  ,                                       !- Number of Vertices
  35, 16.5, 2.1336,                       !- X,Y,Z Vertex 1 {m}
  35, 16.5, 0.9144,                       !- X,Y,Z Vertex 2 {m}
  35, 21.5, 0.9144,                       !- X,Y,Z Vertex 3 {m}
  35, 21.5, 2.1336;                       !- X,Y,Z Vertex 4 {m}

OS:Surface,
  {a57e5dfb-1ec2-4817-9ed9-1eb2b571d9b2}, !- Handle
  Face 761,                               !- Name
  Wall,                                   !- Surface Type
  ,                                       !- Construction Name
  {6ba7e8a5-878f-428c-996b-f4d993120ee5}, !- Space Name
  Surface,                                !- Outside Boundary Condition
  {51561abf-3a9f-429a-a541-3515b5ea15ad}, !- Outside Boundary Condition Object
  NoSun,                                  !- Sun Exposure
  NoWind,                                 !- Wind Exposure
  ,                                       !- View Factor to Ground
  ,                                       !- Number of Vertices
  -20, 33, 2.4384,                        !- X,Y,Z Vertex 1 {m}
  -20, 33, 0,                             !- X,Y,Z Vertex 2 {m}
  -17, 33, 0,                             !- X,Y,Z Vertex 3 {m}
  -17, 33, 2.4384;                        !- X,Y,Z Vertex 4 {m}

OS:Surface,
  {7fd6c6cf-fbb2-445a-a1da-3cc79838c2e3}, !- Handle
  Face 750,                               !- Name
  Wall,                                   !- Surface Type
  ,                                       !- Construction Name
  {6ba7e8a5-878f-428c-996b-f4d993120ee5}, !- Space Name
  Surface,                                !- Outside Boundary Condition
  {f52d74b7-079a-4b26-b4cd-2bc8becf7c36}, !- Outside Boundary Condition Object
  NoSun,                                  !- Sun Exposure
  NoWind,                                 !- Wind Exposure
  ,                                       !- View Factor to Ground
  ,                                       !- Number of Vertices
  12, 33, 2.4384,                         !- X,Y,Z Vertex 1 {m}
  12, 33, 0,                              !- X,Y,Z Vertex 2 {m}
  19, 33, 0,                              !- X,Y,Z Vertex 3 {m}
  19, 33, 2.4384;                         !- X,Y,Z Vertex 4 {m}

OS:Surface,
  {96ed72f1-e19c-4c65-a0ea-f013bad2ee87}, !- Handle
  Face 762,                               !- Name
  Wall,                                   !- Surface Type
  ,                                       !- Construction Name
  {6ba7e8a5-878f-428c-996b-f4d993120ee5}, !- Space Name
  Surface,                                !- Outside Boundary Condition
  {0b757433-242e-4ae6-b0c9-c3ffc5ea2585}, !- Outside Boundary Condition Object
  NoSun,                                  !- Sun Exposure
  NoWind,                                 !- Wind Exposure
  ,                                       !- View Factor to Ground
  ,                                       !- Number of Vertices
  -22, 33, 2.4384,                        !- X,Y,Z Vertex 1 {m}
  -22, 33, 0,                             !- X,Y,Z Vertex 2 {m}
  -20, 33, 0,                             !- X,Y,Z Vertex 3 {m}
  -20, 33, 2.4384;                        !- X,Y,Z Vertex 4 {m}

OS:Surface,
  {557a14d8-8d00-43af-8902-30f45ac148d2}, !- Handle
  Face 747,                               !- Name
  Wall,                                   !- Surface Type
  ,                                       !- Construction Name
  {6ba7e8a5-878f-428c-996b-f4d993120ee5}, !- Space Name
  Surface,                                !- Outside Boundary Condition
  {5bcd8450-eb4b-4d99-a652-d05959fb3775}, !- Outside Boundary Condition Object
  NoSun,                                  !- Sun Exposure
  NoWind,                                 !- Wind Exposure
  ,                                       !- View Factor to Ground
  ,                                       !- Number of Vertices
  30, 33, 2.4384,                         !- X,Y,Z Vertex 1 {m}
  30, 33, 0,                              !- X,Y,Z Vertex 2 {m}
  30, 21, 0,                              !- X,Y,Z Vertex 3 {m}
  30, 21, 2.4384;                         !- X,Y,Z Vertex 4 {m}

OS:Surface,
  {75e1a4e2-5ef5-4837-aa8a-daf38a8cd1ea}, !- Handle
  Face 763,                               !- Name
  Wall,                                   !- Surface Type
  ,                                       !- Construction Name
  {6ba7e8a5-878f-428c-996b-f4d993120ee5}, !- Space Name
  Surface,                                !- Outside Boundary Condition
  {c140904d-7f57-40b0-bac7-3d811df98d58}, !- Outside Boundary Condition Object
  NoSun,                                  !- Sun Exposure
  NoWind,                                 !- Wind Exposure
  ,                                       !- View Factor to Ground
  ,                                       !- Number of Vertices
  -28, 33, 2.4384,                        !- X,Y,Z Vertex 1 {m}
  -28, 33, 0,                             !- X,Y,Z Vertex 2 {m}
  -22, 33, 0,                             !- X,Y,Z Vertex 3 {m}
  -22, 33, 2.4384;                        !- X,Y,Z Vertex 4 {m}

OS:Surface,
  {16a9d91d-879b-4669-aa47-366304c5391f}, !- Handle
  Face 748,                               !- Name
  Wall,                                   !- Surface Type
  ,                                       !- Construction Name
  {6ba7e8a5-878f-428c-996b-f4d993120ee5}, !- Space Name
  Surface,                                !- Outside Boundary Condition
  {0f9e0eea-09af-49ce-b8b3-50b212d6d888}, !- Outside Boundary Condition Object
  NoSun,                                  !- Sun Exposure
  NoWind,                                 !- Wind Exposure
  ,                                       !- View Factor to Ground
  ,                                       !- Number of Vertices
  21, 33, 2.4384,                         !- X,Y,Z Vertex 1 {m}
  21, 33, 0,                              !- X,Y,Z Vertex 2 {m}
  30, 33, 0,                              !- X,Y,Z Vertex 3 {m}
  30, 33, 2.4384;                         !- X,Y,Z Vertex 4 {m}

OS:Surface,
  {7838fb38-124d-442a-8c71-8e01e393f3ca}, !- Handle
  Face 749,                               !- Name
  Wall,                                   !- Surface Type
  ,                                       !- Construction Name
  {6ba7e8a5-878f-428c-996b-f4d993120ee5}, !- Space Name
  Surface,                                !- Outside Boundary Condition
  {d505ef6a-d31e-4412-b16c-a4e1d38ff76f}, !- Outside Boundary Condition Object
  NoSun,                                  !- Sun Exposure
  NoWind,                                 !- Wind Exposure
  ,                                       !- View Factor to Ground
  ,                                       !- Number of Vertices
  19, 33, 2.4384,                         !- X,Y,Z Vertex 1 {m}
  19, 33, 0,                              !- X,Y,Z Vertex 2 {m}
  21, 33, 0,                              !- X,Y,Z Vertex 3 {m}
  21, 33, 2.4384;                         !- X,Y,Z Vertex 4 {m}

OS:Surface,
  {77e89770-987a-4016-91e3-d2db4808b53d}, !- Handle
  Face 757,                               !- Name
  Wall,                                   !- Surface Type
  ,                                       !- Construction Name
  {6ba7e8a5-878f-428c-996b-f4d993120ee5}, !- Space Name
  Surface,                                !- Outside Boundary Condition
  {99758420-516d-4c8e-b51a-90cb0decc689}, !- Outside Boundary Condition Object
  NoSun,                                  !- Sun Exposure
  NoWind,                                 !- Wind Exposure
  ,                                       !- View Factor to Ground
  ,                                       !- Number of Vertices
  -6, 33, 2.4384,                         !- X,Y,Z Vertex 1 {m}
  -6, 33, 0,                              !- X,Y,Z Vertex 2 {m}
  -6, 30, 0,                              !- X,Y,Z Vertex 3 {m}
  -6, 30, 2.4384;                         !- X,Y,Z Vertex 4 {m}

OS:Surface,
  {2b5275ea-fe42-4d0e-b5b7-dfdf7f04f859}, !- Handle
  Face 758,                               !- Name
  Wall,                                   !- Surface Type
  ,                                       !- Construction Name
  {6ba7e8a5-878f-428c-996b-f4d993120ee5}, !- Space Name
  Surface,                                !- Outside Boundary Condition
  {29ebdfe5-b56b-4dda-bc20-fb11430d2a12}, !- Outside Boundary Condition Object
  NoSun,                                  !- Sun Exposure
  NoWind,                                 !- Wind Exposure
  ,                                       !- View Factor to Ground
  ,                                       !- Number of Vertices
  -10, 33, 2.4384,                        !- X,Y,Z Vertex 1 {m}
  -10, 33, 0,                             !- X,Y,Z Vertex 2 {m}
  -6, 33, 0,                              !- X,Y,Z Vertex 3 {m}
  -6, 33, 2.4384;                         !- X,Y,Z Vertex 4 {m}

OS:Surface,
  {7c276cce-ef95-4463-9856-0b122c6da9ec}, !- Handle
  Face 751,                               !- Name
  Wall,                                   !- Surface Type
  ,                                       !- Construction Name
  {6ba7e8a5-878f-428c-996b-f4d993120ee5}, !- Space Name
  Surface,                                !- Outside Boundary Condition
  {8a6bde22-1a0c-4dc9-b77b-29c56bde08a6}, !- Outside Boundary Condition Object
  NoSun,                                  !- Sun Exposure
  NoWind,                                 !- Wind Exposure
  ,                                       !- View Factor to Ground
  ,                                       !- Number of Vertices
  12, 33, 2.4384,                         !- X,Y,Z Vertex 1 {m}
  2, 33, 2.4384,                          !- X,Y,Z Vertex 2 {m}
  2, 33, 0,                               !- X,Y,Z Vertex 3 {m}
  12, 33, 0;                              !- X,Y,Z Vertex 4 {m}

OS:SubSurface,
  {ceec7d8c-0fdd-4711-952a-239bd2f5b7da}, !- Handle
  Face 752,                               !- Name
  Door,                                   !- Sub Surface Type
  ,                                       !- Construction Name
  {7c276cce-ef95-4463-9856-0b122c6da9ec}, !- Surface Name
  {a186568a-3be9-4137-a330-b3af73c8ad8a}, !- Outside Boundary Condition Object
  ,                                       !- View Factor to Ground
  ,                                       !- Frame and Divider Name
  ,                                       !- Multiplier
  ,                                       !- Number of Vertices
  6.2, 33, 2.033016,                      !- X,Y,Z Vertex 1 {m}
  6.2, 33, 0,                             !- X,Y,Z Vertex 2 {m}
  7.8, 33, 0,                             !- X,Y,Z Vertex 3 {m}
  7.8, 33, 2.033016;                      !- X,Y,Z Vertex 4 {m}

OS:Surface,
  {2cdfbc96-575a-4188-bea0-447fa8693917}, !- Handle
  Face 753,                               !- Name
  Wall,                                   !- Surface Type
  ,                                       !- Construction Name
  {6ba7e8a5-878f-428c-996b-f4d993120ee5}, !- Space Name
  Surface,                                !- Outside Boundary Condition
  {73e091eb-1602-41c2-95cf-3e9c62a2e669}, !- Outside Boundary Condition Object
  NoSun,                                  !- Sun Exposure
  NoWind,                                 !- Wind Exposure
  ,                                       !- View Factor to Ground
  ,                                       !- Number of Vertices
  -4, 33, 2.4384,                         !- X,Y,Z Vertex 1 {m}
  -4, 33, 0,                              !- X,Y,Z Vertex 2 {m}
  2, 33, 0,                               !- X,Y,Z Vertex 3 {m}
  2, 33, 2.4384;                          !- X,Y,Z Vertex 4 {m}

OS:Surface,
  {ee8c419b-2bc2-4e66-b7ac-3e53ab417c65}, !- Handle
  Face 755,                               !- Name
  Wall,                                   !- Surface Type
  ,                                       !- Construction Name
  {6ba7e8a5-878f-428c-996b-f4d993120ee5}, !- Space Name
  Surface,                                !- Outside Boundary Condition
  {0bd6558a-b3be-4884-8fa9-9e98130b9fd6}, !- Outside Boundary Condition Object
  NoSun,                                  !- Sun Exposure
  NoWind,                                 !- Wind Exposure
  ,                                       !- View Factor to Ground
  ,                                       !- Number of Vertices
  -4, 30, 2.4384,                         !- X,Y,Z Vertex 1 {m}
  -6, 30, 2.4384,                         !- X,Y,Z Vertex 2 {m}
  -6, 30, 0,                              !- X,Y,Z Vertex 3 {m}
  -4, 30, 0;                              !- X,Y,Z Vertex 4 {m}

OS:SubSurface,
  {bab8ec0d-755d-41d7-9bb4-1b1127687d81}, !- Handle
  Face 756,                               !- Name
  Door,                                   !- Sub Surface Type
  ,                                       !- Construction Name
  {ee8c419b-2bc2-4e66-b7ac-3e53ab417c65}, !- Surface Name
  {2decd1eb-01b8-46be-8746-f64f721a5526}, !- Outside Boundary Condition Object
  ,                                       !- View Factor to Ground
  ,                                       !- Frame and Divider Name
  ,                                       !- Multiplier
  ,                                       !- Number of Vertices
  -5.5, 30, 2.033016,                     !- X,Y,Z Vertex 1 {m}
  -5.5, 30, 0,                            !- X,Y,Z Vertex 2 {m}
  -4.5, 30, 0,                            !- X,Y,Z Vertex 3 {m}
  -4.5, 30, 2.033016;                     !- X,Y,Z Vertex 4 {m}

OS:Surface,
  {455f2bf9-9726-471e-ace2-ceab1f8f0a84}, !- Handle
  Face 759,                               !- Name
  Wall,                                   !- Surface Type
  ,                                       !- Construction Name
  {6ba7e8a5-878f-428c-996b-f4d993120ee5}, !- Space Name
  Surface,                                !- Outside Boundary Condition
  {173d0c87-a6b6-46b7-af03-695a7287ea8b}, !- Outside Boundary Condition Object
  NoSun,                                  !- Sun Exposure
  NoWind,                                 !- Wind Exposure
  ,                                       !- View Factor to Ground
  ,                                       !- Number of Vertices
  -10, 33, 2.4384,                        !- X,Y,Z Vertex 1 {m}
  -17, 33, 2.4384,                        !- X,Y,Z Vertex 2 {m}
  -17, 33, 0,                             !- X,Y,Z Vertex 3 {m}
  -10, 33, 0;                             !- X,Y,Z Vertex 4 {m}

OS:SubSurface,
  {d32b22c4-1d33-4a52-b99f-1813ab0de4e0}, !- Handle
  Face 760,                               !- Name
  Door,                                   !- Sub Surface Type
  ,                                       !- Construction Name
  {455f2bf9-9726-471e-ace2-ceab1f8f0a84}, !- Surface Name
  {e00dfe73-7d2c-476d-88d2-7f24f177483e}, !- Outside Boundary Condition Object
  ,                                       !- View Factor to Ground
  ,                                       !- Frame and Divider Name
  ,                                       !- Multiplier
  ,                                       !- Number of Vertices
  -15.8, 33, 2.033016,                    !- X,Y,Z Vertex 1 {m}
  -15.8, 33, 0,                           !- X,Y,Z Vertex 2 {m}
  -14.2, 33, 0,                           !- X,Y,Z Vertex 3 {m}
  -14.2, 33, 2.033016;                    !- X,Y,Z Vertex 4 {m}

OS:Surface,
  {e5bc4316-cd54-40b6-a9c6-8af781671045}, !- Handle
  Face 754,                               !- Name
  Wall,                                   !- Surface Type
  ,                                       !- Construction Name
  {6ba7e8a5-878f-428c-996b-f4d993120ee5}, !- Space Name
  Surface,                                !- Outside Boundary Condition
  {127df44a-955e-4402-9c9d-1d8a56353da9}, !- Outside Boundary Condition Object
  NoSun,                                  !- Sun Exposure
  NoWind,                                 !- Wind Exposure
  ,                                       !- View Factor to Ground
  ,                                       !- Number of Vertices
  -4, 30, 2.4384,                         !- X,Y,Z Vertex 1 {m}
  -4, 30, 0,                              !- X,Y,Z Vertex 2 {m}
  -4, 33, 0,                              !- X,Y,Z Vertex 3 {m}
  -4, 33, 2.4384;                         !- X,Y,Z Vertex 4 {m}

OS:Surface,
  {fa04ecb0-3212-4eee-aa8d-179aa3c1d724}, !- Handle
  Face 745,                               !- Name
  Wall,                                   !- Surface Type
  ,                                       !- Construction Name
  {6ba7e8a5-878f-428c-996b-f4d993120ee5}, !- Space Name
  Surface,                                !- Outside Boundary Condition
  {8bf905a5-1517-48a6-8cb8-c440bfcd0224}, !- Outside Boundary Condition Object
  NoSun,                                  !- Sun Exposure
  NoWind,                                 !- Wind Exposure
  ,                                       !- View Factor to Ground
  ,                                       !- Number of Vertices
  32, 21, 2.4384,                         !- X,Y,Z Vertex 1 {m}
  32, 21, 0,                              !- X,Y,Z Vertex 2 {m}
  33, 21, 0,                              !- X,Y,Z Vertex 3 {m}
  33, 21, 2.4384;                         !- X,Y,Z Vertex 4 {m}

OS:Surface,
  {e1d49755-3a2a-49f0-b6e4-9f219565290e}, !- Handle
  Face 746,                               !- Name
  Wall,                                   !- Surface Type
  ,                                       !- Construction Name
  {6ba7e8a5-878f-428c-996b-f4d993120ee5}, !- Space Name
  Surface,                                !- Outside Boundary Condition
  {0404393d-41ab-496b-bc71-cbb9b2791fb4}, !- Outside Boundary Condition Object
  NoSun,                                  !- Sun Exposure
  NoWind,                                 !- Wind Exposure
  ,                                       !- View Factor to Ground
  ,                                       !- Number of Vertices
  30, 21, 2.4384,                         !- X,Y,Z Vertex 1 {m}
  30, 21, 0,                              !- X,Y,Z Vertex 2 {m}
  32, 21, 0,                              !- X,Y,Z Vertex 3 {m}
  32, 21, 2.4384;                         !- X,Y,Z Vertex 4 {m}

OS:Surface,
  {8254e04c-2d87-4ea9-a081-0ccdbd713d67}, !- Handle
  Face 1956,                              !- Name
  Floor,                                  !- Surface Type
  ,                                       !- Construction Name
  {6ba7e8a5-878f-428c-996b-f4d993120ee5}, !- Space Name
  Ground,                                 !- Outside Boundary Condition
  ,                                       !- Outside Boundary Condition Object
  NoSun,                                  !- Sun Exposure
  NoWind,                                 !- Wind Exposure
  ,                                       !- View Factor to Ground
  ,                                       !- Number of Vertices
  33, 7, 0,                               !- X,Y,Z Vertex 1 {m}
  33, 14, 0,                              !- X,Y,Z Vertex 2 {m}
  33, 19, 0,                              !- X,Y,Z Vertex 3 {m}
  33, 21, 0,                              !- X,Y,Z Vertex 4 {m}
  32, 21, 0,                              !- X,Y,Z Vertex 5 {m}
  30, 21, 0,                              !- X,Y,Z Vertex 6 {m}
  30, 33, 0,                              !- X,Y,Z Vertex 7 {m}
  21, 33, 0,                              !- X,Y,Z Vertex 8 {m}
  19, 33, 0,                              !- X,Y,Z Vertex 9 {m}
  12, 33, 0,                              !- X,Y,Z Vertex 10 {m}
  2, 33, 0,                               !- X,Y,Z Vertex 11 {m}
  -4, 33, 0,                              !- X,Y,Z Vertex 12 {m}
  -4, 30, 0,                              !- X,Y,Z Vertex 13 {m}
  -6, 30, 0,                              !- X,Y,Z Vertex 14 {m}
  -6, 33, 0,                              !- X,Y,Z Vertex 15 {m}
  -10, 33, 0,                             !- X,Y,Z Vertex 16 {m}
  -17, 33, 0,                             !- X,Y,Z Vertex 17 {m}
  -20, 33, 0,                             !- X,Y,Z Vertex 18 {m}
  -22, 33, 0,                             !- X,Y,Z Vertex 19 {m}
  -28, 33, 0,                             !- X,Y,Z Vertex 20 {m}
  -35, 33, 0,                             !- X,Y,Z Vertex 21 {m}
  -37, 33, 0,                             !- X,Y,Z Vertex 22 {m}
  -37, 35, 0,                             !- X,Y,Z Vertex 23 {m}
  32, 35, 0,                              !- X,Y,Z Vertex 24 {m}
  32, 23, 0,                              !- X,Y,Z Vertex 25 {m}
  35, 23, 0,                              !- X,Y,Z Vertex 26 {m}
  35, 7, 0;                               !- X,Y,Z Vertex 27 {m}

OS:Surface,
  {8e93fa21-f141-4582-9aef-1c612ee3e3c9}, !- Handle
  Face 1957,                              !- Name
  RoofCeiling,                            !- Surface Type
  ,                                       !- Construction Name
  {6ba7e8a5-878f-428c-996b-f4d993120ee5}, !- Space Name
  Outdoors,                               !- Outside Boundary Condition
  ,                                       !- Outside Boundary Condition Object
  SunExposed,                             !- Sun Exposure
  WindExposed,                            !- Wind Exposure
  ,                                       !- View Factor to Ground
  ,                                       !- Number of Vertices
  35, 7, 2.4384,                          !- X,Y,Z Vertex 1 {m}
  35, 23, 2.4384,                         !- X,Y,Z Vertex 2 {m}
  32, 23, 2.4384,                         !- X,Y,Z Vertex 3 {m}
  32, 35, 2.4384,                         !- X,Y,Z Vertex 4 {m}
  -37, 35, 2.4384,                        !- X,Y,Z Vertex 5 {m}
  -37, 33, 2.4384,                        !- X,Y,Z Vertex 6 {m}
  -35, 33, 2.4384,                        !- X,Y,Z Vertex 7 {m}
  -28, 33, 2.4384,                        !- X,Y,Z Vertex 8 {m}
  -22, 33, 2.4384,                        !- X,Y,Z Vertex 9 {m}
  -20, 33, 2.4384,                        !- X,Y,Z Vertex 10 {m}
  -17, 33, 2.4384,                        !- X,Y,Z Vertex 11 {m}
  -10, 33, 2.4384,                        !- X,Y,Z Vertex 12 {m}
  -6, 33, 2.4384,                         !- X,Y,Z Vertex 13 {m}
  -6, 30, 2.4384,                         !- X,Y,Z Vertex 14 {m}
  -4, 30, 2.4384,                         !- X,Y,Z Vertex 15 {m}
  -4, 33, 2.4384,                         !- X,Y,Z Vertex 16 {m}
  2, 33, 2.4384,                          !- X,Y,Z Vertex 17 {m}
  12, 33, 2.4384,                         !- X,Y,Z Vertex 18 {m}
  19, 33, 2.4384,                         !- X,Y,Z Vertex 19 {m}
  21, 33, 2.4384,                         !- X,Y,Z Vertex 20 {m}
  30, 33, 2.4384,                         !- X,Y,Z Vertex 21 {m}
  30, 21, 2.4384,                         !- X,Y,Z Vertex 22 {m}
  32, 21, 2.4384,                         !- X,Y,Z Vertex 23 {m}
  33, 21, 2.4384,                         !- X,Y,Z Vertex 24 {m}
  33, 19, 2.4384,                         !- X,Y,Z Vertex 25 {m}
  33, 14, 2.4384,                         !- X,Y,Z Vertex 26 {m}
  33, 7, 2.4384;                          !- X,Y,Z Vertex 27 {m}

OS:Surface,
  {4b2fa570-ec13-48d2-b2f1-60ea76fb1256}, !- Handle
  Face 1958,                              !- Name
  Wall,                                   !- Surface Type
  ,                                       !- Construction Name
  {6ba7e8a5-878f-428c-996b-f4d993120ee5}, !- Space Name
  Surface,                                !- Outside Boundary Condition
  {d60c00d4-87ce-4fcb-9bdc-502bffee3a28}, !- Outside Boundary Condition Object
  NoSun,                                  !- Sun Exposure
  NoWind,                                 !- Wind Exposure
  ,                                       !- View Factor to Ground
  ,                                       !- Number of Vertices
  33, 7, 2.4384,                          !- X,Y,Z Vertex 1 {m}
  33, 14, 2.4384,                         !- X,Y,Z Vertex 2 {m}
  33, 14, 0,                              !- X,Y,Z Vertex 3 {m}
  33, 7, 0;                               !- X,Y,Z Vertex 4 {m}

OS:SubSurface,
  {f840b5cc-5144-4420-95ab-eb208a217833}, !- Handle
  Face 1959,                              !- Name
  Door,                                   !- Sub Surface Type
  ,                                       !- Construction Name
  {4b2fa570-ec13-48d2-b2f1-60ea76fb1256}, !- Surface Name
  {48c02b5a-bc6e-4a53-82ae-19568b01684d}, !- Outside Boundary Condition Object
  ,                                       !- View Factor to Ground
  ,                                       !- Frame and Divider Name
  ,                                       !- Multiplier
  ,                                       !- Number of Vertices
  33, 10.8, 2.033016,                     !- X,Y,Z Vertex 1 {m}
  33, 10.8, 0,                            !- X,Y,Z Vertex 2 {m}
  33, 9.2, 0,                             !- X,Y,Z Vertex 3 {m}
  33, 9.2, 2.033016;                      !- X,Y,Z Vertex 4 {m}

OS:Surface,
  {06fc0542-b6b0-48dd-a405-44ab19bb921d}, !- Handle
  Face 742,                               !- Name
  Wall,                                   !- Surface Type
  ,                                       !- Construction Name
  {6ba7e8a5-878f-428c-996b-f4d993120ee5}, !- Space Name
  Surface,                                !- Outside Boundary Condition
  {9a57abc8-516b-43e2-80aa-67e9de310eab}, !- Outside Boundary Condition Object
  NoSun,                                  !- Sun Exposure
  NoWind,                                 !- Wind Exposure
  ,                                       !- View Factor to Ground
  ,                                       !- Number of Vertices
  33, 14, 2.4384,                         !- X,Y,Z Vertex 1 {m}
  33, 19, 2.4384,                         !- X,Y,Z Vertex 2 {m}
  33, 19, 0,                              !- X,Y,Z Vertex 3 {m}
  33, 14, 0;                              !- X,Y,Z Vertex 4 {m}

OS:SubSurface,
  {43d05fe5-c909-449f-be9e-dfc21e70fcdd}, !- Handle
  Face 743,                               !- Name
  Door,                                   !- Sub Surface Type
  ,                                       !- Construction Name
  {06fc0542-b6b0-48dd-a405-44ab19bb921d}, !- Surface Name
  {ccf2c7af-d3c2-4d31-8180-e98778555d74}, !- Outside Boundary Condition Object
  ,                                       !- View Factor to Ground
  ,                                       !- Frame and Divider Name
  ,                                       !- Multiplier
  ,                                       !- Number of Vertices
  33, 15.5, 2.033016,                     !- X,Y,Z Vertex 1 {m}
  33, 15.5, 0,                            !- X,Y,Z Vertex 2 {m}
  33, 14.5, 0,                            !- X,Y,Z Vertex 3 {m}
  33, 14.5, 2.033016;                     !- X,Y,Z Vertex 4 {m}

OS:Surface,
  {652a963a-50ff-4471-a799-283cf7460d00}, !- Handle
  Face 744,                               !- Name
  Wall,                                   !- Surface Type
  ,                                       !- Construction Name
  {6ba7e8a5-878f-428c-996b-f4d993120ee5}, !- Space Name
  Surface,                                !- Outside Boundary Condition
  {04f2d5b1-f05f-4aa8-9214-c6d30c2a637c}, !- Outside Boundary Condition Object
  NoSun,                                  !- Sun Exposure
  NoWind,                                 !- Wind Exposure
  ,                                       !- View Factor to Ground
  ,                                       !- Number of Vertices
  33, 21, 2.4384,                         !- X,Y,Z Vertex 1 {m}
  33, 21, 0,                              !- X,Y,Z Vertex 2 {m}
  33, 19, 0,                              !- X,Y,Z Vertex 3 {m}
  33, 19, 2.4384;                         !- X,Y,Z Vertex 4 {m}

OS:Surface,
  {829ecad5-592b-4c85-8d41-627873ca6527}, !- Handle
  Face 211,                               !- Name
  Wall,                                   !- Surface Type
  ,                                       !- Construction Name
  {8cfebae2-86bd-4abe-93f9-f785a24f347e}, !- Space Name
  Surface,                                !- Outside Boundary Condition
  {f9786cbd-b60e-4d3e-8536-b3363e9191c1}, !- Outside Boundary Condition Object
  NoSun,                                  !- Sun Exposure
  NoWind,                                 !- Wind Exposure
  ,                                       !- View Factor to Ground
  ,                                       !- Number of Vertices
  19, 29, 2.4384,                         !- X,Y,Z Vertex 1 {m}
  19, 24, 2.4384,                         !- X,Y,Z Vertex 2 {m}
  19, 24, 0,                              !- X,Y,Z Vertex 3 {m}
  19, 29, 0;                              !- X,Y,Z Vertex 4 {m}

OS:SubSurface,
  {926013ff-15a3-4921-b1bd-109b5b69a8dc}, !- Handle
  Face 212,                               !- Name
  Door,                                   !- Sub Surface Type
  ,                                       !- Construction Name
  {829ecad5-592b-4c85-8d41-627873ca6527}, !- Surface Name
  {1667d6a7-98c5-46d6-8256-3668d5d4b547}, !- Outside Boundary Condition Object
  ,                                       !- View Factor to Ground
  ,                                       !- Frame and Divider Name
  ,                                       !- Multiplier
  ,                                       !- Number of Vertices
  19, 24.5, 2.033016,                     !- X,Y,Z Vertex 1 {m}
  19, 24.5, 0,                            !- X,Y,Z Vertex 2 {m}
  19, 25.5, 0,                            !- X,Y,Z Vertex 3 {m}
  19, 25.5, 2.033016;                     !- X,Y,Z Vertex 4 {m}

OS:Surface,
  {41178ae8-bdd0-4052-9d2b-ef0744d130f3}, !- Handle
  Face 209,                               !- Name
  Floor,                                  !- Surface Type
  ,                                       !- Construction Name
  {8cfebae2-86bd-4abe-93f9-f785a24f347e}, !- Space Name
  Ground,                                 !- Outside Boundary Condition
  ,                                       !- Outside Boundary Condition Object
  NoSun,                                  !- Sun Exposure
  NoWind,                                 !- Wind Exposure
  ,                                       !- View Factor to Ground
  ,                                       !- Number of Vertices
  19, 29, 0,                              !- X,Y,Z Vertex 1 {m}
  19, 24, 0,                              !- X,Y,Z Vertex 2 {m}
  12, 24, 0,                              !- X,Y,Z Vertex 3 {m}
  12, 29, 0;                              !- X,Y,Z Vertex 4 {m}

OS:Surface,
  {24de37ac-15cf-41d0-9099-6aac2b75fe79}, !- Handle
  Face 215,                               !- Name
  Wall,                                   !- Surface Type
  ,                                       !- Construction Name
  {8cfebae2-86bd-4abe-93f9-f785a24f347e}, !- Space Name
  Surface,                                !- Outside Boundary Condition
  {76d321b3-f57e-4c49-9667-bc1d650641dd}, !- Outside Boundary Condition Object
  NoSun,                                  !- Sun Exposure
  NoWind,                                 !- Wind Exposure
  ,                                       !- View Factor to Ground
  ,                                       !- Number of Vertices
  19, 29, 2.4384,                         !- X,Y,Z Vertex 1 {m}
  19, 29, 0,                              !- X,Y,Z Vertex 2 {m}
  12, 29, 0,                              !- X,Y,Z Vertex 3 {m}
  12, 29, 2.4384;                         !- X,Y,Z Vertex 4 {m}

OS:Surface,
  {c3ebbdef-1945-4391-9afd-5d0aae93ba0a}, !- Handle
  Face 213,                               !- Name
  Wall,                                   !- Surface Type
  ,                                       !- Construction Name
  {8cfebae2-86bd-4abe-93f9-f785a24f347e}, !- Space Name
  Surface,                                !- Outside Boundary Condition
  {f4c37132-deff-4397-8cf3-a43304654994}, !- Outside Boundary Condition Object
  NoSun,                                  !- Sun Exposure
  NoWind,                                 !- Wind Exposure
  ,                                       !- View Factor to Ground
  ,                                       !- Number of Vertices
  12, 24, 2.4384,                         !- X,Y,Z Vertex 1 {m}
  12, 24, 0,                              !- X,Y,Z Vertex 2 {m}
  19, 24, 0,                              !- X,Y,Z Vertex 3 {m}
  19, 24, 2.4384;                         !- X,Y,Z Vertex 4 {m}

OS:Surface,
  {69f90f01-8df9-4ed2-bf6e-f03d7de8df4d}, !- Handle
  Face 210,                               !- Name
  RoofCeiling,                            !- Surface Type
  ,                                       !- Construction Name
  {8cfebae2-86bd-4abe-93f9-f785a24f347e}, !- Space Name
  Outdoors,                               !- Outside Boundary Condition
  ,                                       !- Outside Boundary Condition Object
  SunExposed,                             !- Sun Exposure
  WindExposed,                            !- Wind Exposure
  ,                                       !- View Factor to Ground
  ,                                       !- Number of Vertices
  12, 29, 2.4384,                         !- X,Y,Z Vertex 1 {m}
  12, 24, 2.4384,                         !- X,Y,Z Vertex 2 {m}
  19, 24, 2.4384,                         !- X,Y,Z Vertex 3 {m}
  19, 29, 2.4384;                         !- X,Y,Z Vertex 4 {m}

OS:Surface,
  {afb2a897-549b-47dc-9bd4-3d62ad425b9c}, !- Handle
  Face 214,                               !- Name
  Wall,                                   !- Surface Type
  ,                                       !- Construction Name
  {8cfebae2-86bd-4abe-93f9-f785a24f347e}, !- Space Name
  Surface,                                !- Outside Boundary Condition
  {3853a2c2-95c5-448c-8ab6-ae592e41e970}, !- Outside Boundary Condition Object
  NoSun,                                  !- Sun Exposure
  NoWind,                                 !- Wind Exposure
  ,                                       !- View Factor to Ground
  ,                                       !- Number of Vertices
  12, 29, 2.4384,                         !- X,Y,Z Vertex 1 {m}
  12, 29, 0,                              !- X,Y,Z Vertex 2 {m}
  12, 24, 0,                              !- X,Y,Z Vertex 3 {m}
  12, 24, 2.4384;                         !- X,Y,Z Vertex 4 {m}

OS:Surface,
  {76d321b3-f57e-4c49-9667-bc1d650641dd}, !- Handle
  Face 220,                               !- Name
  Wall,                                   !- Surface Type
  ,                                       !- Construction Name
  {a52f83b9-30f7-4c55-b53a-eb81183ac830}, !- Space Name
  Surface,                                !- Outside Boundary Condition
  {24de37ac-15cf-41d0-9099-6aac2b75fe79}, !- Outside Boundary Condition Object
  NoSun,                                  !- Sun Exposure
  NoWind,                                 !- Wind Exposure
  ,                                       !- View Factor to Ground
  ,                                       !- Number of Vertices
  12, 29, 2.4384,                         !- X,Y,Z Vertex 1 {m}
  12, 29, 0,                              !- X,Y,Z Vertex 2 {m}
  19, 29, 0,                              !- X,Y,Z Vertex 3 {m}
  19, 29, 2.4384;                         !- X,Y,Z Vertex 4 {m}

OS:Surface,
  {7a4dc8b2-feda-4961-b8da-7d4937da4bff}, !- Handle
  Face 216,                               !- Name
  Floor,                                  !- Surface Type
  ,                                       !- Construction Name
  {a52f83b9-30f7-4c55-b53a-eb81183ac830}, !- Space Name
  Ground,                                 !- Outside Boundary Condition
  ,                                       !- Outside Boundary Condition Object
  NoSun,                                  !- Sun Exposure
  NoWind,                                 !- Wind Exposure
  ,                                       !- View Factor to Ground
  ,                                       !- Number of Vertices
  19, 33, 0,                              !- X,Y,Z Vertex 1 {m}
  19, 29, 0,                              !- X,Y,Z Vertex 2 {m}
  12, 29, 0,                              !- X,Y,Z Vertex 3 {m}
  12, 33, 0;                              !- X,Y,Z Vertex 4 {m}

OS:Surface,
  {1d608a87-cb6d-4bce-a796-e424bf344257}, !- Handle
  Face 221,                               !- Name
  Wall,                                   !- Surface Type
  ,                                       !- Construction Name
  {a52f83b9-30f7-4c55-b53a-eb81183ac830}, !- Space Name
  Surface,                                !- Outside Boundary Condition
  {1fd608c7-5df4-451d-9a5e-13e2dd1ff5a2}, !- Outside Boundary Condition Object
  NoSun,                                  !- Sun Exposure
  NoWind,                                 !- Wind Exposure
  ,                                       !- View Factor to Ground
  ,                                       !- Number of Vertices
  12, 33, 2.4384,                         !- X,Y,Z Vertex 1 {m}
  12, 33, 0,                              !- X,Y,Z Vertex 2 {m}
  12, 29, 0,                              !- X,Y,Z Vertex 3 {m}
  12, 29, 2.4384;                         !- X,Y,Z Vertex 4 {m}

OS:Surface,
  {6130627e-fcbc-4dae-907c-ea40e8c5813d}, !- Handle
  Face 217,                               !- Name
  RoofCeiling,                            !- Surface Type
  ,                                       !- Construction Name
  {a52f83b9-30f7-4c55-b53a-eb81183ac830}, !- Space Name
  Outdoors,                               !- Outside Boundary Condition
  ,                                       !- Outside Boundary Condition Object
  SunExposed,                             !- Sun Exposure
  WindExposed,                            !- Wind Exposure
  ,                                       !- View Factor to Ground
  ,                                       !- Number of Vertices
  12, 33, 2.4384,                         !- X,Y,Z Vertex 1 {m}
  12, 29, 2.4384,                         !- X,Y,Z Vertex 2 {m}
  19, 29, 2.4384,                         !- X,Y,Z Vertex 3 {m}
  19, 33, 2.4384;                         !- X,Y,Z Vertex 4 {m}

OS:Surface,
  {f52d74b7-079a-4b26-b4cd-2bc8becf7c36}, !- Handle
  Face 222,                               !- Name
  Wall,                                   !- Surface Type
  ,                                       !- Construction Name
  {a52f83b9-30f7-4c55-b53a-eb81183ac830}, !- Space Name
  Surface,                                !- Outside Boundary Condition
  {7fd6c6cf-fbb2-445a-a1da-3cc79838c2e3}, !- Outside Boundary Condition Object
  NoSun,                                  !- Sun Exposure
  NoWind,                                 !- Wind Exposure
  ,                                       !- View Factor to Ground
  ,                                       !- Number of Vertices
  19, 33, 2.4384,                         !- X,Y,Z Vertex 1 {m}
  19, 33, 0,                              !- X,Y,Z Vertex 2 {m}
  12, 33, 0,                              !- X,Y,Z Vertex 3 {m}
  12, 33, 2.4384;                         !- X,Y,Z Vertex 4 {m}

OS:Surface,
  {c3f9de6d-9676-497a-9f78-58d65c08c358}, !- Handle
  Face 218,                               !- Name
  Wall,                                   !- Surface Type
  ,                                       !- Construction Name
  {a52f83b9-30f7-4c55-b53a-eb81183ac830}, !- Space Name
  Surface,                                !- Outside Boundary Condition
  {d3b0b957-a73e-4c27-aad2-3cb586c68c5e}, !- Outside Boundary Condition Object
  NoSun,                                  !- Sun Exposure
  NoWind,                                 !- Wind Exposure
  ,                                       !- View Factor to Ground
  ,                                       !- Number of Vertices
  19, 33, 2.4384,                         !- X,Y,Z Vertex 1 {m}
  19, 29, 2.4384,                         !- X,Y,Z Vertex 2 {m}
  19, 29, 0,                              !- X,Y,Z Vertex 3 {m}
  19, 33, 0;                              !- X,Y,Z Vertex 4 {m}

OS:SubSurface,
  {033faa22-27da-4d6f-8e63-d4c1e2db7757}, !- Handle
  Face 219,                               !- Name
  Door,                                   !- Sub Surface Type
  ,                                       !- Construction Name
  {c3f9de6d-9676-497a-9f78-58d65c08c358}, !- Surface Name
  {31c256bb-7d03-4243-8935-07faae6d42f3}, !- Outside Boundary Condition Object
  ,                                       !- View Factor to Ground
  ,                                       !- Frame and Divider Name
  ,                                       !- Multiplier
  ,                                       !- Number of Vertices
  19, 29.5, 2.033016,                     !- X,Y,Z Vertex 1 {m}
  19, 29.5, 0,                            !- X,Y,Z Vertex 2 {m}
  19, 30.5, 0,                            !- X,Y,Z Vertex 3 {m}
  19, 30.5, 2.033016;                     !- X,Y,Z Vertex 4 {m}

OS:Surface,
  {c8268fca-e377-4f32-a42a-c657296967a4}, !- Handle
  Face 530,                               !- Name
  RoofCeiling,                            !- Surface Type
  ,                                       !- Construction Name
  {3e1d2a5e-5e7e-46b3-a9cd-d707b184b9d4}, !- Space Name
  Outdoors,                               !- Outside Boundary Condition
  ,                                       !- Outside Boundary Condition Object
  SunExposed,                             !- Sun Exposure
  WindExposed,                            !- Wind Exposure
  ,                                       !- View Factor to Ground
  ,                                       !- Number of Vertices
  -29, 6, 2.4384,                         !- X,Y,Z Vertex 1 {m}
  -29, 9, 2.4384,                         !- X,Y,Z Vertex 2 {m}
  -29, 11, 2.4384,                        !- X,Y,Z Vertex 3 {m}
  -35, 11, 2.4384,                        !- X,Y,Z Vertex 4 {m}
  -36, 11, 2.4384,                        !- X,Y,Z Vertex 5 {m}
  -36, 8, 2.4384,                         !- X,Y,Z Vertex 6 {m}
  -36, 6, 2.4384,                         !- X,Y,Z Vertex 7 {m}
  -32, 6, 2.4384;                         !- X,Y,Z Vertex 8 {m}

OS:Surface,
  {c9b334e0-47b8-4cd7-92c6-4fbd04c11bf8}, !- Handle
  Face 531,                               !- Name
  Wall,                                   !- Surface Type
  ,                                       !- Construction Name
  {3e1d2a5e-5e7e-46b3-a9cd-d707b184b9d4}, !- Space Name
  Surface,                                !- Outside Boundary Condition
  {0c8ff96a-2594-485a-94c6-6e8a148fbe42}, !- Outside Boundary Condition Object
  NoSun,                                  !- Sun Exposure
  NoWind,                                 !- Wind Exposure
  ,                                       !- View Factor to Ground
  ,                                       !- Number of Vertices
  -36, 6, 2.4384,                         !- X,Y,Z Vertex 1 {m}
  -36, 6, 0,                              !- X,Y,Z Vertex 2 {m}
  -32, 6, 0,                              !- X,Y,Z Vertex 3 {m}
  -32, 6, 2.4384;                         !- X,Y,Z Vertex 4 {m}

OS:Surface,
  {9c980ddb-634f-453a-a0f7-3a1c5045559e}, !- Handle
  Face 529,                               !- Name
  Floor,                                  !- Surface Type
  ,                                       !- Construction Name
  {3e1d2a5e-5e7e-46b3-a9cd-d707b184b9d4}, !- Space Name
  Ground,                                 !- Outside Boundary Condition
  ,                                       !- Outside Boundary Condition Object
  NoSun,                                  !- Sun Exposure
  NoWind,                                 !- Wind Exposure
  ,                                       !- View Factor to Ground
  ,                                       !- Number of Vertices
  -32, 6, 0,                              !- X,Y,Z Vertex 1 {m}
  -36, 6, 0,                              !- X,Y,Z Vertex 2 {m}
  -36, 8, 0,                              !- X,Y,Z Vertex 3 {m}
  -36, 11, 0,                             !- X,Y,Z Vertex 4 {m}
  -35, 11, 0,                             !- X,Y,Z Vertex 5 {m}
  -29, 11, 0,                             !- X,Y,Z Vertex 6 {m}
  -29, 9, 0,                              !- X,Y,Z Vertex 7 {m}
  -29, 6, 0;                              !- X,Y,Z Vertex 8 {m}

OS:Surface,
  {cace94a1-83e6-4fa5-9b55-ef911983a834}, !- Handle
  Face 536,                               !- Name
  Wall,                                   !- Surface Type
  ,                                       !- Construction Name
  {3e1d2a5e-5e7e-46b3-a9cd-d707b184b9d4}, !- Space Name
  Surface,                                !- Outside Boundary Condition
  {3571453f-1875-443a-81c0-311eba66a1db}, !- Outside Boundary Condition Object
  NoSun,                                  !- Sun Exposure
  NoWind,                                 !- Wind Exposure
  ,                                       !- View Factor to Ground
  ,                                       !- Number of Vertices
  -29, 11, 2.4384,                        !- X,Y,Z Vertex 1 {m}
  -29, 11, 0,                             !- X,Y,Z Vertex 2 {m}
  -35, 11, 0,                             !- X,Y,Z Vertex 3 {m}
  -35, 11, 2.4384;                        !- X,Y,Z Vertex 4 {m}

OS:Surface,
  {af735123-873d-439f-95c6-3a26b09d269a}, !- Handle
  Face 538,                               !- Name
  Wall,                                   !- Surface Type
  ,                                       !- Construction Name
  {3e1d2a5e-5e7e-46b3-a9cd-d707b184b9d4}, !- Space Name
  Surface,                                !- Outside Boundary Condition
  {9ba9263c-4a35-45e0-8d06-749aea5d50a8}, !- Outside Boundary Condition Object
  NoSun,                                  !- Sun Exposure
  NoWind,                                 !- Wind Exposure
  ,                                       !- View Factor to Ground
  ,                                       !- Number of Vertices
  -29, 6, 2.4384,                         !- X,Y,Z Vertex 1 {m}
  -29, 6, 0,                              !- X,Y,Z Vertex 2 {m}
  -29, 9, 0,                              !- X,Y,Z Vertex 3 {m}
  -29, 9, 2.4384;                         !- X,Y,Z Vertex 4 {m}

OS:Surface,
  {69ba1f1d-9fa9-4e6b-8273-7516ed62510c}, !- Handle
  Face 535,                               !- Name
  Wall,                                   !- Surface Type
  ,                                       !- Construction Name
  {3e1d2a5e-5e7e-46b3-a9cd-d707b184b9d4}, !- Space Name
  Surface,                                !- Outside Boundary Condition
  {c08988e4-693d-4cec-96de-1f24340e4578}, !- Outside Boundary Condition Object
  NoSun,                                  !- Sun Exposure
  NoWind,                                 !- Wind Exposure
  ,                                       !- View Factor to Ground
  ,                                       !- Number of Vertices
  -35, 11, 2.4384,                        !- X,Y,Z Vertex 1 {m}
  -35, 11, 0,                             !- X,Y,Z Vertex 2 {m}
  -36, 11, 0,                             !- X,Y,Z Vertex 3 {m}
  -36, 11, 2.4384;                        !- X,Y,Z Vertex 4 {m}

OS:Surface,
  {46498b06-b92f-4754-944a-2cacde2a9dd7}, !- Handle
  Face 532,                               !- Name
  Wall,                                   !- Surface Type
  ,                                       !- Construction Name
  {3e1d2a5e-5e7e-46b3-a9cd-d707b184b9d4}, !- Space Name
  Surface,                                !- Outside Boundary Condition
  {32a6607a-9962-4f42-b560-e520a5f0f4a2}, !- Outside Boundary Condition Object
  NoSun,                                  !- Sun Exposure
  NoWind,                                 !- Wind Exposure
  ,                                       !- View Factor to Ground
  ,                                       !- Number of Vertices
  -36, 6, 2.4384,                         !- X,Y,Z Vertex 1 {m}
  -36, 8, 2.4384,                         !- X,Y,Z Vertex 2 {m}
  -36, 8, 0,                              !- X,Y,Z Vertex 3 {m}
  -36, 6, 0;                              !- X,Y,Z Vertex 4 {m}

OS:SubSurface,
  {2c0526ed-8faf-4e94-a0cb-ff692555cd5a}, !- Handle
  Face 533,                               !- Name
  Door,                                   !- Sub Surface Type
  ,                                       !- Construction Name
  {46498b06-b92f-4754-944a-2cacde2a9dd7}, !- Surface Name
  {e5ab54cf-1365-4fb4-a818-c238c9535d05}, !- Outside Boundary Condition Object
  ,                                       !- View Factor to Ground
  ,                                       !- Frame and Divider Name
  ,                                       !- Multiplier
  ,                                       !- Number of Vertices
  -36, 7.5, 2.033016,                     !- X,Y,Z Vertex 1 {m}
  -36, 7.5, 0,                            !- X,Y,Z Vertex 2 {m}
  -36, 6.5, 0,                            !- X,Y,Z Vertex 3 {m}
  -36, 6.5, 2.033016;                     !- X,Y,Z Vertex 4 {m}

OS:Surface,
  {36dd4a9a-01ef-471a-9d63-e1c3c6914e78}, !- Handle
  Face 534,                               !- Name
  Wall,                                   !- Surface Type
  ,                                       !- Construction Name
  {3e1d2a5e-5e7e-46b3-a9cd-d707b184b9d4}, !- Space Name
  Surface,                                !- Outside Boundary Condition
  {1ec8682f-4951-4014-b970-b1cf78570dc6}, !- Outside Boundary Condition Object
  NoSun,                                  !- Sun Exposure
  NoWind,                                 !- Wind Exposure
  ,                                       !- View Factor to Ground
  ,                                       !- Number of Vertices
  -36, 11, 2.4384,                        !- X,Y,Z Vertex 1 {m}
  -36, 11, 0,                             !- X,Y,Z Vertex 2 {m}
  -36, 8, 0,                              !- X,Y,Z Vertex 3 {m}
  -36, 8, 2.4384;                         !- X,Y,Z Vertex 4 {m}

OS:Surface,
  {ed9fed0d-5a8a-420e-8931-af1f5f00dbfc}, !- Handle
  Face 537,                               !- Name
  Wall,                                   !- Surface Type
  ,                                       !- Construction Name
  {3e1d2a5e-5e7e-46b3-a9cd-d707b184b9d4}, !- Space Name
  Surface,                                !- Outside Boundary Condition
  {1342549e-bd4f-4519-aa50-9f2b16b572eb}, !- Outside Boundary Condition Object
  NoSun,                                  !- Sun Exposure
  NoWind,                                 !- Wind Exposure
  ,                                       !- View Factor to Ground
  ,                                       !- Number of Vertices
  -29, 9, 2.4384,                         !- X,Y,Z Vertex 1 {m}
  -29, 9, 0,                              !- X,Y,Z Vertex 2 {m}
  -29, 11, 0,                             !- X,Y,Z Vertex 3 {m}
  -29, 11, 2.4384;                        !- X,Y,Z Vertex 4 {m}

OS:Surface,
  {1d60a915-658c-44ae-8ef8-f3d745212ed3}, !- Handle
  Face 1960,                              !- Name
  Wall,                                   !- Surface Type
  ,                                       !- Construction Name
  {3e1d2a5e-5e7e-46b3-a9cd-d707b184b9d4}, !- Space Name
  Surface,                                !- Outside Boundary Condition
  {eefa44e2-d0df-4212-8d86-2237657d6d07}, !- Outside Boundary Condition Object
  NoSun,                                  !- Sun Exposure
  NoWind,                                 !- Wind Exposure
  ,                                       !- View Factor to Ground
  ,                                       !- Number of Vertices
  -32, 6, 2.4384,                         !- X,Y,Z Vertex 1 {m}
  -32, 6, 0,                              !- X,Y,Z Vertex 2 {m}
  -29, 6, 0,                              !- X,Y,Z Vertex 3 {m}
  -29, 6, 2.4384;                         !- X,Y,Z Vertex 4 {m}

OS:Surface,
  {2e9ea931-1470-431b-8496-70eb2adeb78e}, !- Handle
  Face 364,                               !- Name
  Floor,                                  !- Surface Type
  ,                                       !- Construction Name
  {4b2b2d8a-542a-4344-94c7-eb26a034a591}, !- Space Name
  Ground,                                 !- Outside Boundary Condition
  ,                                       !- Outside Boundary Condition Object
  NoSun,                                  !- Sun Exposure
  NoWind,                                 !- Wind Exposure
  ,                                       !- View Factor to Ground
  ,                                       !- Number of Vertices
  -22, 29, 0,                             !- X,Y,Z Vertex 1 {m}
  -22, 23, 0,                             !- X,Y,Z Vertex 2 {m}
  -35, 23, 0,                             !- X,Y,Z Vertex 3 {m}
  -35, 29, 0,                             !- X,Y,Z Vertex 4 {m}
  -28, 29, 0;                             !- X,Y,Z Vertex 5 {m}

OS:Surface,
  {b8709c0e-1b0e-4414-92d6-f93c022084dd}, !- Handle
  Face 365,                               !- Name
  RoofCeiling,                            !- Surface Type
  ,                                       !- Construction Name
  {4b2b2d8a-542a-4344-94c7-eb26a034a591}, !- Space Name
  Outdoors,                               !- Outside Boundary Condition
  ,                                       !- Outside Boundary Condition Object
  SunExposed,                             !- Sun Exposure
  WindExposed,                            !- Wind Exposure
  ,                                       !- View Factor to Ground
  ,                                       !- Number of Vertices
  -28, 29, 2.4384,                        !- X,Y,Z Vertex 1 {m}
  -35, 29, 2.4384,                        !- X,Y,Z Vertex 2 {m}
  -35, 23, 2.4384,                        !- X,Y,Z Vertex 3 {m}
  -22, 23, 2.4384,                        !- X,Y,Z Vertex 4 {m}
  -22, 29, 2.4384;                        !- X,Y,Z Vertex 5 {m}

OS:Surface,
  {9c2c6aed-e0fb-423e-ad93-bd06b5d29cab}, !- Handle
  Face 366,                               !- Name
  Wall,                                   !- Surface Type
  ,                                       !- Construction Name
  {4b2b2d8a-542a-4344-94c7-eb26a034a591}, !- Space Name
  Surface,                                !- Outside Boundary Condition
  {48c72c09-bb3e-4c91-bb9f-cd11c1b98728}, !- Outside Boundary Condition Object
  NoSun,                                  !- Sun Exposure
  NoWind,                                 !- Wind Exposure
  ,                                       !- View Factor to Ground
  ,                                       !- Number of Vertices
  -22, 29, 2.4384,                        !- X,Y,Z Vertex 1 {m}
  -22, 23, 2.4384,                        !- X,Y,Z Vertex 2 {m}
  -22, 23, 0,                             !- X,Y,Z Vertex 3 {m}
  -22, 29, 0;                             !- X,Y,Z Vertex 4 {m}

OS:SubSurface,
  {7f1da98d-e857-4eab-8da6-bd7e8d0753f0}, !- Handle
  Face 367,                               !- Name
  Door,                                   !- Sub Surface Type
  ,                                       !- Construction Name
  {9c2c6aed-e0fb-423e-ad93-bd06b5d29cab}, !- Surface Name
  {0efbd33a-3e3c-4061-b4e0-6788a5fc9906}, !- Outside Boundary Condition Object
  ,                                       !- View Factor to Ground
  ,                                       !- Frame and Divider Name
  ,                                       !- Multiplier
  ,                                       !- Number of Vertices
  -22, 27.5, 2.033016,                    !- X,Y,Z Vertex 1 {m}
  -22, 27.5, 0,                           !- X,Y,Z Vertex 2 {m}
  -22, 28.5, 0,                           !- X,Y,Z Vertex 3 {m}
  -22, 28.5, 2.033016;                    !- X,Y,Z Vertex 4 {m}

OS:Surface,
  {48c7a1d6-3df0-4b99-a1f2-d045573eba16}, !- Handle
  Face 368,                               !- Name
  Wall,                                   !- Surface Type
  ,                                       !- Construction Name
  {4b2b2d8a-542a-4344-94c7-eb26a034a591}, !- Space Name
  Surface,                                !- Outside Boundary Condition
  {b4a00cb3-3a19-4c34-b169-84d8b83380a1}, !- Outside Boundary Condition Object
  NoSun,                                  !- Sun Exposure
  NoWind,                                 !- Wind Exposure
  ,                                       !- View Factor to Ground
  ,                                       !- Number of Vertices
  -22, 23, 2.4384,                        !- X,Y,Z Vertex 1 {m}
  -35, 23, 2.4384,                        !- X,Y,Z Vertex 2 {m}
  -35, 23, 0,                             !- X,Y,Z Vertex 3 {m}
  -22, 23, 0;                             !- X,Y,Z Vertex 4 {m}

OS:SubSurface,
  {bca93c5c-a62e-4862-9d09-0aca9518aa21}, !- Handle
  Face 373,                               !- Name
  Door,                                   !- Sub Surface Type
  ,                                       !- Construction Name
  {48c7a1d6-3df0-4b99-a1f2-d045573eba16}, !- Surface Name
  {c30ec53a-0788-44ae-b3a5-cd71bc9a41c5}, !- Outside Boundary Condition Object
  ,                                       !- View Factor to Ground
  ,                                       !- Frame and Divider Name
  ,                                       !- Multiplier
  ,                                       !- Number of Vertices
  -32.5, 23, 2.033016,                    !- X,Y,Z Vertex 1 {m}
  -32.5, 23, 0,                           !- X,Y,Z Vertex 2 {m}
  -31.5, 23, 0,                           !- X,Y,Z Vertex 3 {m}
  -31.5, 23, 2.033016;                    !- X,Y,Z Vertex 4 {m}

OS:SubSurface,
  {b32a7c1b-367d-4480-9d83-0be4a2808bc6}, !- Handle
  Face 372,                               !- Name
  Door,                                   !- Sub Surface Type
  ,                                       !- Construction Name
  {48c7a1d6-3df0-4b99-a1f2-d045573eba16}, !- Surface Name
  {422887a8-212b-4187-889d-dc01428581be}, !- Outside Boundary Condition Object
  ,                                       !- View Factor to Ground
  ,                                       !- Frame and Divider Name
  ,                                       !- Multiplier
  ,                                       !- Number of Vertices
  -30.5, 23, 2.033016,                    !- X,Y,Z Vertex 1 {m}
  -30.5, 23, 0,                           !- X,Y,Z Vertex 2 {m}
  -29.5, 23, 0,                           !- X,Y,Z Vertex 3 {m}
  -29.5, 23, 2.033016;                    !- X,Y,Z Vertex 4 {m}

OS:SubSurface,
  {ec2aca81-0679-4b69-bf49-cf61afd89b15}, !- Handle
  Face 370,                               !- Name
  Door,                                   !- Sub Surface Type
  ,                                       !- Construction Name
  {48c7a1d6-3df0-4b99-a1f2-d045573eba16}, !- Surface Name
  {6fab7924-4735-4724-9dd1-376e4fecfc4f}, !- Outside Boundary Condition Object
  ,                                       !- View Factor to Ground
  ,                                       !- Frame and Divider Name
  ,                                       !- Multiplier
  ,                                       !- Number of Vertices
  -26.5, 23, 2.033016,                    !- X,Y,Z Vertex 1 {m}
  -26.5, 23, 0,                           !- X,Y,Z Vertex 2 {m}
  -25.5, 23, 0,                           !- X,Y,Z Vertex 3 {m}
  -25.5, 23, 2.033016;                    !- X,Y,Z Vertex 4 {m}

OS:SubSurface,
  {966eb977-0c95-49a2-88b1-30d2c935d9ac}, !- Handle
  Face 369,                               !- Name
  Door,                                   !- Sub Surface Type
  ,                                       !- Construction Name
  {48c7a1d6-3df0-4b99-a1f2-d045573eba16}, !- Surface Name
  {02011a97-bdbb-4c59-bd2c-fb3bb173d71b}, !- Outside Boundary Condition Object
  ,                                       !- View Factor to Ground
  ,                                       !- Frame and Divider Name
  ,                                       !- Multiplier
  ,                                       !- Number of Vertices
  -24.5, 23, 2.033016,                    !- X,Y,Z Vertex 1 {m}
  -24.5, 23, 0,                           !- X,Y,Z Vertex 2 {m}
  -23.5, 23, 0,                           !- X,Y,Z Vertex 3 {m}
  -23.5, 23, 2.033016;                    !- X,Y,Z Vertex 4 {m}

OS:SubSurface,
  {72a0d7c5-83db-48f0-b24b-2512c1cbe3d9}, !- Handle
  Face 374,                               !- Name
  Door,                                   !- Sub Surface Type
  ,                                       !- Construction Name
  {48c7a1d6-3df0-4b99-a1f2-d045573eba16}, !- Surface Name
  {5f664a66-3c5a-43e1-8f56-74ce28c544cd}, !- Outside Boundary Condition Object
  ,                                       !- View Factor to Ground
  ,                                       !- Frame and Divider Name
  ,                                       !- Multiplier
  ,                                       !- Number of Vertices
  -34.5, 23, 2.033016,                    !- X,Y,Z Vertex 1 {m}
  -34.5, 23, 0,                           !- X,Y,Z Vertex 2 {m}
  -33.5, 23, 0,                           !- X,Y,Z Vertex 3 {m}
  -33.5, 23, 2.033016;                    !- X,Y,Z Vertex 4 {m}

OS:SubSurface,
  {7e64d48f-3025-45ab-b054-831d737913ba}, !- Handle
  Face 371,                               !- Name
  Door,                                   !- Sub Surface Type
  ,                                       !- Construction Name
  {48c7a1d6-3df0-4b99-a1f2-d045573eba16}, !- Surface Name
  {b32f0263-38dd-4f6e-84dc-5b89f288c22e}, !- Outside Boundary Condition Object
  ,                                       !- View Factor to Ground
  ,                                       !- Frame and Divider Name
  ,                                       !- Multiplier
  ,                                       !- Number of Vertices
  -28.5, 23, 2.033016,                    !- X,Y,Z Vertex 1 {m}
  -28.5, 23, 0,                           !- X,Y,Z Vertex 2 {m}
  -27.5, 23, 0,                           !- X,Y,Z Vertex 3 {m}
  -27.5, 23, 2.033016;                    !- X,Y,Z Vertex 4 {m}

OS:Surface,
  {727112e8-5f0e-4aac-92d4-e2e094b6d108}, !- Handle
  Face 375,                               !- Name
  Wall,                                   !- Surface Type
  ,                                       !- Construction Name
  {4b2b2d8a-542a-4344-94c7-eb26a034a591}, !- Space Name
  Surface,                                !- Outside Boundary Condition
  {d44c2714-2400-4534-845f-30fee63d53a0}, !- Outside Boundary Condition Object
  NoSun,                                  !- Sun Exposure
  NoWind,                                 !- Wind Exposure
  ,                                       !- View Factor to Ground
  ,                                       !- Number of Vertices
  -35, 29, 2.4384,                        !- X,Y,Z Vertex 1 {m}
  -35, 29, 0,                             !- X,Y,Z Vertex 2 {m}
  -35, 23, 0,                             !- X,Y,Z Vertex 3 {m}
  -35, 23, 2.4384;                        !- X,Y,Z Vertex 4 {m}

OS:Surface,
  {c31839af-5db6-4256-9739-58849f345ae1}, !- Handle
  Face 376,                               !- Name
  Wall,                                   !- Surface Type
  ,                                       !- Construction Name
  {4b2b2d8a-542a-4344-94c7-eb26a034a591}, !- Space Name
  Surface,                                !- Outside Boundary Condition
  {cf4cadd3-5065-4079-97ab-71bcbbf46b27}, !- Outside Boundary Condition Object
  NoSun,                                  !- Sun Exposure
  NoWind,                                 !- Wind Exposure
  ,                                       !- View Factor to Ground
  ,                                       !- Number of Vertices
  -28, 29, 2.4384,                        !- X,Y,Z Vertex 1 {m}
  -28, 29, 0,                             !- X,Y,Z Vertex 2 {m}
  -35, 29, 0,                             !- X,Y,Z Vertex 3 {m}
  -35, 29, 2.4384;                        !- X,Y,Z Vertex 4 {m}

OS:Surface,
  {b6fe3af8-367d-4e7a-a8dd-8aec3026dc3f}, !- Handle
  Face 377,                               !- Name
  Wall,                                   !- Surface Type
  ,                                       !- Construction Name
  {4b2b2d8a-542a-4344-94c7-eb26a034a591}, !- Space Name
  Surface,                                !- Outside Boundary Condition
  {6f4f4e35-5db9-484f-8d95-9049683f1701}, !- Outside Boundary Condition Object
  NoSun,                                  !- Sun Exposure
  NoWind,                                 !- Wind Exposure
  ,                                       !- View Factor to Ground
  ,                                       !- Number of Vertices
  -22, 29, 2.4384,                        !- X,Y,Z Vertex 1 {m}
  -22, 29, 0,                             !- X,Y,Z Vertex 2 {m}
  -28, 29, 0,                             !- X,Y,Z Vertex 3 {m}
  -28, 29, 2.4384;                        !- X,Y,Z Vertex 4 {m}

OS:Surface,
  {b9e410de-c8a5-4a84-bd3f-653972d8cc0d}, !- Handle
  Face 253,                               !- Name
  Floor,                                  !- Surface Type
  ,                                       !- Construction Name
  {325bacaa-21b3-4b7f-aae8-e0f1fab93de5}, !- Space Name
  Ground,                                 !- Outside Boundary Condition
  ,                                       !- Outside Boundary Condition Object
  NoSun,                                  !- Sun Exposure
  NoWind,                                 !- Wind Exposure
  ,                                       !- View Factor to Ground
  ,                                       !- Number of Vertices
  -4, 26, 0,                              !- X,Y,Z Vertex 1 {m}
  -4, 30, 0,                              !- X,Y,Z Vertex 2 {m}
  -4, 33, 0,                              !- X,Y,Z Vertex 3 {m}
  2, 33, 0,                               !- X,Y,Z Vertex 4 {m}
  2, 26, 0;                               !- X,Y,Z Vertex 5 {m}

OS:Surface,
  {127df44a-955e-4402-9c9d-1d8a56353da9}, !- Handle
  Face 256,                               !- Name
  Wall,                                   !- Surface Type
  ,                                       !- Construction Name
  {325bacaa-21b3-4b7f-aae8-e0f1fab93de5}, !- Space Name
  Surface,                                !- Outside Boundary Condition
  {e5bc4316-cd54-40b6-a9c6-8af781671045}, !- Outside Boundary Condition Object
  NoSun,                                  !- Sun Exposure
  NoWind,                                 !- Wind Exposure
  ,                                       !- View Factor to Ground
  ,                                       !- Number of Vertices
  -4, 33, 2.4384,                         !- X,Y,Z Vertex 1 {m}
  -4, 33, 0,                              !- X,Y,Z Vertex 2 {m}
  -4, 30, 0,                              !- X,Y,Z Vertex 3 {m}
  -4, 30, 2.4384;                         !- X,Y,Z Vertex 4 {m}

OS:Surface,
  {73e091eb-1602-41c2-95cf-3e9c62a2e669}, !- Handle
  Face 257,                               !- Name
  Wall,                                   !- Surface Type
  ,                                       !- Construction Name
  {325bacaa-21b3-4b7f-aae8-e0f1fab93de5}, !- Space Name
  Surface,                                !- Outside Boundary Condition
  {2cdfbc96-575a-4188-bea0-447fa8693917}, !- Outside Boundary Condition Object
  NoSun,                                  !- Sun Exposure
  NoWind,                                 !- Wind Exposure
  ,                                       !- View Factor to Ground
  ,                                       !- Number of Vertices
  2, 33, 2.4384,                          !- X,Y,Z Vertex 1 {m}
  2, 33, 0,                               !- X,Y,Z Vertex 2 {m}
  -4, 33, 0,                              !- X,Y,Z Vertex 3 {m}
  -4, 33, 2.4384;                         !- X,Y,Z Vertex 4 {m}

OS:Surface,
  {602f1a02-125c-41dd-ae66-f889519cba58}, !- Handle
  Face 259,                               !- Name
  Wall,                                   !- Surface Type
  ,                                       !- Construction Name
  {325bacaa-21b3-4b7f-aae8-e0f1fab93de5}, !- Space Name
  Surface,                                !- Outside Boundary Condition
  {54f07e86-bd28-442b-a7b0-6fe82c3eecbc}, !- Outside Boundary Condition Object
  NoSun,                                  !- Sun Exposure
  NoWind,                                 !- Wind Exposure
  ,                                       !- View Factor to Ground
  ,                                       !- Number of Vertices
  -4, 26, 2.4384,                         !- X,Y,Z Vertex 1 {m}
  -4, 26, 0,                              !- X,Y,Z Vertex 2 {m}
  2, 26, 0,                               !- X,Y,Z Vertex 3 {m}
  2, 26, 2.4384;                          !- X,Y,Z Vertex 4 {m}

OS:Surface,
  {8cb686e8-19ca-4d57-b570-7a11a67c5c5b}, !- Handle
  Face 254,                               !- Name
  RoofCeiling,                            !- Surface Type
  ,                                       !- Construction Name
  {325bacaa-21b3-4b7f-aae8-e0f1fab93de5}, !- Space Name
  Outdoors,                               !- Outside Boundary Condition
  ,                                       !- Outside Boundary Condition Object
  SunExposed,                             !- Sun Exposure
  WindExposed,                            !- Wind Exposure
  ,                                       !- View Factor to Ground
  ,                                       !- Number of Vertices
  2, 26, 2.4384,                          !- X,Y,Z Vertex 1 {m}
  2, 33, 2.4384,                          !- X,Y,Z Vertex 2 {m}
  -4, 33, 2.4384,                         !- X,Y,Z Vertex 3 {m}
  -4, 30, 2.4384,                         !- X,Y,Z Vertex 4 {m}
  -4, 26, 2.4384;                         !- X,Y,Z Vertex 5 {m}

OS:Surface,
  {1f4677fc-c826-49f4-aa07-a8673a2da4eb}, !- Handle
  Face 255,                               !- Name
  Wall,                                   !- Surface Type
  ,                                       !- Construction Name
  {325bacaa-21b3-4b7f-aae8-e0f1fab93de5}, !- Space Name
  Surface,                                !- Outside Boundary Condition
  {96c69aa2-7e6e-48fc-849e-ba11d3442366}, !- Outside Boundary Condition Object
  NoSun,                                  !- Sun Exposure
  NoWind,                                 !- Wind Exposure
  ,                                       !- View Factor to Ground
  ,                                       !- Number of Vertices
  -4, 30, 2.4384,                         !- X,Y,Z Vertex 1 {m}
  -4, 30, 0,                              !- X,Y,Z Vertex 2 {m}
  -4, 26, 0,                              !- X,Y,Z Vertex 3 {m}
  -4, 26, 2.4384;                         !- X,Y,Z Vertex 4 {m}

OS:Surface,
  {de63c056-19b3-43ed-af8f-b83f68fd06b1}, !- Handle
  Face 258,                               !- Name
  Wall,                                   !- Surface Type
  ,                                       !- Construction Name
  {325bacaa-21b3-4b7f-aae8-e0f1fab93de5}, !- Space Name
  Surface,                                !- Outside Boundary Condition
  {c190c764-05b8-4c4b-bcc4-a705850a6ac8}, !- Outside Boundary Condition Object
  NoSun,                                  !- Sun Exposure
  NoWind,                                 !- Wind Exposure
  ,                                       !- View Factor to Ground
  ,                                       !- Number of Vertices
  2, 26, 2.4384,                          !- X,Y,Z Vertex 1 {m}
  2, 26, 0,                               !- X,Y,Z Vertex 2 {m}
  2, 33, 0,                               !- X,Y,Z Vertex 3 {m}
  2, 33, 2.4384;                          !- X,Y,Z Vertex 4 {m}

OS:Surface,
  {5f5e413e-1c66-43ca-bbb0-c1351bc989cd}, !- Handle
  Face 100,                               !- Name
  Wall,                                   !- Surface Type
  ,                                       !- Construction Name
  {c44f7649-dd6c-4899-aad4-9493109e3f04}, !- Space Name
  Surface,                                !- Outside Boundary Condition
  {e04a84b9-43c1-4456-a09c-a995ea3581fb}, !- Outside Boundary Condition Object
  NoSun,                                  !- Sun Exposure
  NoWind,                                 !- Wind Exposure
  ,                                       !- View Factor to Ground
  ,                                       !- Number of Vertices
  -16, 11, 2.4384,                        !- X,Y,Z Vertex 1 {m}
  -16, 11, 0,                             !- X,Y,Z Vertex 2 {m}
  -16, 7, 0,                              !- X,Y,Z Vertex 3 {m}
  -16, 7, 2.4384;                         !- X,Y,Z Vertex 4 {m}

OS:Surface,
  {ff180442-2adc-465b-b178-d46f3299d22f}, !- Handle
  Face 101,                               !- Name
  Wall,                                   !- Surface Type
  ,                                       !- Construction Name
  {c44f7649-dd6c-4899-aad4-9493109e3f04}, !- Space Name
  Surface,                                !- Outside Boundary Condition
  {23c9e449-529d-418a-bf25-09cecb98809b}, !- Outside Boundary Condition Object
  NoSun,                                  !- Sun Exposure
  NoWind,                                 !- Wind Exposure
  ,                                       !- View Factor to Ground
  ,                                       !- Number of Vertices
  -16, 11, 2.4384,                        !- X,Y,Z Vertex 1 {m}
  -12, 11, 2.4384,                        !- X,Y,Z Vertex 2 {m}
  -12, 11, 0,                             !- X,Y,Z Vertex 3 {m}
  -16, 11, 0;                             !- X,Y,Z Vertex 4 {m}

OS:SubSurface,
  {fca4638c-7230-4cc7-920b-7050a8f92c15}, !- Handle
  Face 102,                               !- Name
  Door,                                   !- Sub Surface Type
  ,                                       !- Construction Name
  {ff180442-2adc-465b-b178-d46f3299d22f}, !- Surface Name
  {8458ca55-bcb3-4926-b0cb-330b56a41e5d}, !- Outside Boundary Condition Object
  ,                                       !- View Factor to Ground
  ,                                       !- Frame and Divider Name
  ,                                       !- Multiplier
  ,                                       !- Number of Vertices
  -12.5, 11, 2.033016,                    !- X,Y,Z Vertex 1 {m}
  -12.5, 11, 0,                           !- X,Y,Z Vertex 2 {m}
  -13.5, 11, 0,                           !- X,Y,Z Vertex 3 {m}
  -13.5, 11, 2.033016;                    !- X,Y,Z Vertex 4 {m}

OS:Surface,
  {28b36147-a8ab-4573-b970-6cb1caeaed50}, !- Handle
  Face 97,                                !- Name
  RoofCeiling,                            !- Surface Type
  ,                                       !- Construction Name
  {c44f7649-dd6c-4899-aad4-9493109e3f04}, !- Space Name
  Outdoors,                               !- Outside Boundary Condition
  ,                                       !- Outside Boundary Condition Object
  SunExposed,                             !- Sun Exposure
  WindExposed,                            !- Wind Exposure
  ,                                       !- View Factor to Ground
  ,                                       !- Number of Vertices
  -16, 11, 2.4384,                        !- X,Y,Z Vertex 1 {m}
  -16, 7, 2.4384,                         !- X,Y,Z Vertex 2 {m}
  -12, 7, 2.4384,                         !- X,Y,Z Vertex 3 {m}
  -12, 11, 2.4384;                        !- X,Y,Z Vertex 4 {m}

OS:Surface,
  {bedc1acf-94b4-464b-8d91-b1a777500d91}, !- Handle
  Face 96,                                !- Name
  Floor,                                  !- Surface Type
  ,                                       !- Construction Name
  {c44f7649-dd6c-4899-aad4-9493109e3f04}, !- Space Name
  Ground,                                 !- Outside Boundary Condition
  ,                                       !- Outside Boundary Condition Object
  NoSun,                                  !- Sun Exposure
  NoWind,                                 !- Wind Exposure
  ,                                       !- View Factor to Ground
  ,                                       !- Number of Vertices
  -12, 11, 0,                             !- X,Y,Z Vertex 1 {m}
  -12, 7, 0,                              !- X,Y,Z Vertex 2 {m}
  -16, 7, 0,                              !- X,Y,Z Vertex 3 {m}
  -16, 11, 0;                             !- X,Y,Z Vertex 4 {m}

OS:Surface,
  {76419b51-08ca-4a98-8eef-b13943bed96a}, !- Handle
  Face 98,                                !- Name
  Wall,                                   !- Surface Type
  ,                                       !- Construction Name
  {c44f7649-dd6c-4899-aad4-9493109e3f04}, !- Space Name
  Surface,                                !- Outside Boundary Condition
  {ca9185b8-0e8c-4367-9a8e-d378c0ebe876}, !- Outside Boundary Condition Object
  NoSun,                                  !- Sun Exposure
  NoWind,                                 !- Wind Exposure
  ,                                       !- View Factor to Ground
  ,                                       !- Number of Vertices
  -12, 7, 2.4384,                         !- X,Y,Z Vertex 1 {m}
  -12, 7, 0,                              !- X,Y,Z Vertex 2 {m}
  -12, 11, 0,                             !- X,Y,Z Vertex 3 {m}
  -12, 11, 2.4384;                        !- X,Y,Z Vertex 4 {m}

OS:Surface,
  {2947ff5b-d1a1-43fd-9d39-4a7c10fc1e6d}, !- Handle
  Face 99,                                !- Name
  Wall,                                   !- Surface Type
  ,                                       !- Construction Name
  {c44f7649-dd6c-4899-aad4-9493109e3f04}, !- Space Name
  Surface,                                !- Outside Boundary Condition
  {94330bf5-6899-42ec-86c4-a91e115c2d7c}, !- Outside Boundary Condition Object
  NoSun,                                  !- Sun Exposure
  NoWind,                                 !- Wind Exposure
  ,                                       !- View Factor to Ground
  ,                                       !- Number of Vertices
  -16, 7, 2.4384,                         !- X,Y,Z Vertex 1 {m}
  -16, 7, 0,                              !- X,Y,Z Vertex 2 {m}
  -12, 7, 0,                              !- X,Y,Z Vertex 3 {m}
  -12, 7, 2.4384;                         !- X,Y,Z Vertex 4 {m}

OS:Surface,
  {9ba9263c-4a35-45e0-8d06-749aea5d50a8}, !- Handle
  Face 272,                               !- Name
  Wall,                                   !- Surface Type
  ,                                       !- Construction Name
  {7bfab360-8046-440f-a72d-fe255f0b6fb8}, !- Space Name
  Surface,                                !- Outside Boundary Condition
  {af735123-873d-439f-95c6-3a26b09d269a}, !- Outside Boundary Condition Object
  NoSun,                                  !- Sun Exposure
  NoWind,                                 !- Wind Exposure
  ,                                       !- View Factor to Ground
  ,                                       !- Number of Vertices
  -29, 9, 2.4384,                         !- X,Y,Z Vertex 1 {m}
  -29, 9, 0,                              !- X,Y,Z Vertex 2 {m}
  -29, 6, 0,                              !- X,Y,Z Vertex 3 {m}
  -29, 6, 2.4384;                         !- X,Y,Z Vertex 4 {m}

OS:Surface,
  {6ea803b3-11ab-4ee5-b5a6-978d5bcde7df}, !- Handle
  Face 267,                               !- Name
  Floor,                                  !- Surface Type
  ,                                       !- Construction Name
  {7bfab360-8046-440f-a72d-fe255f0b6fb8}, !- Space Name
  Ground,                                 !- Outside Boundary Condition
  ,                                       !- Outside Boundary Condition Object
  NoSun,                                  !- Sun Exposure
  NoWind,                                 !- Wind Exposure
  ,                                       !- View Factor to Ground
  ,                                       !- Number of Vertices
  -22, 9, 0,                              !- X,Y,Z Vertex 1 {m}
  -22, 6, 0,                              !- X,Y,Z Vertex 2 {m}
  -29, 6, 0,                              !- X,Y,Z Vertex 3 {m}
  -29, 9, 0;                              !- X,Y,Z Vertex 4 {m}

OS:Surface,
  {abd1c66a-5084-4c9f-95cf-3d8f15d21e07}, !- Handle
  Face 268,                               !- Name
  RoofCeiling,                            !- Surface Type
  ,                                       !- Construction Name
  {7bfab360-8046-440f-a72d-fe255f0b6fb8}, !- Space Name
  Outdoors,                               !- Outside Boundary Condition
  ,                                       !- Outside Boundary Condition Object
  SunExposed,                             !- Sun Exposure
  WindExposed,                            !- Wind Exposure
  ,                                       !- View Factor to Ground
  ,                                       !- Number of Vertices
  -29, 9, 2.4384,                         !- X,Y,Z Vertex 1 {m}
  -29, 6, 2.4384,                         !- X,Y,Z Vertex 2 {m}
  -22, 6, 2.4384,                         !- X,Y,Z Vertex 3 {m}
  -22, 9, 2.4384;                         !- X,Y,Z Vertex 4 {m}

OS:Surface,
  {9c272b47-f595-4275-b4ba-e4cffd886d57}, !- Handle
  Face 269,                               !- Name
  Wall,                                   !- Surface Type
  ,                                       !- Construction Name
  {7bfab360-8046-440f-a72d-fe255f0b6fb8}, !- Space Name
  Surface,                                !- Outside Boundary Condition
  {db1bb395-f7cf-4414-b433-073406ded886}, !- Outside Boundary Condition Object
  NoSun,                                  !- Sun Exposure
  NoWind,                                 !- Wind Exposure
  ,                                       !- View Factor to Ground
  ,                                       !- Number of Vertices
  -22, 9, 2.4384,                         !- X,Y,Z Vertex 1 {m}
  -22, 6, 2.4384,                         !- X,Y,Z Vertex 2 {m}
  -22, 6, 0,                              !- X,Y,Z Vertex 3 {m}
  -22, 9, 0;                              !- X,Y,Z Vertex 4 {m}

OS:SubSurface,
  {e6af1733-5982-472b-8b70-0976820dca4b}, !- Handle
  Face 270,                               !- Name
  Door,                                   !- Sub Surface Type
  ,                                       !- Construction Name
  {9c272b47-f595-4275-b4ba-e4cffd886d57}, !- Surface Name
  {46afaaea-c79e-4c86-b316-c87df7bfdde6}, !- Outside Boundary Condition Object
  ,                                       !- View Factor to Ground
  ,                                       !- Frame and Divider Name
  ,                                       !- Multiplier
  ,                                       !- Number of Vertices
  -22, 7.5, 2.033016,                     !- X,Y,Z Vertex 1 {m}
  -22, 7.5, 0,                            !- X,Y,Z Vertex 2 {m}
  -22, 8.5, 0,                            !- X,Y,Z Vertex 3 {m}
  -22, 8.5, 2.033016;                     !- X,Y,Z Vertex 4 {m}

OS:Surface,
  {80f4cbc7-e283-4121-bae6-58c4438e5680}, !- Handle
  Face 271,                               !- Name
  Wall,                                   !- Surface Type
  ,                                       !- Construction Name
  {7bfab360-8046-440f-a72d-fe255f0b6fb8}, !- Space Name
  Surface,                                !- Outside Boundary Condition
  {91ba28ff-48bc-4879-bef0-598c8888eeed}, !- Outside Boundary Condition Object
  NoSun,                                  !- Sun Exposure
  NoWind,                                 !- Wind Exposure
  ,                                       !- View Factor to Ground
  ,                                       !- Number of Vertices
  -29, 6, 2.4384,                         !- X,Y,Z Vertex 1 {m}
  -29, 6, 0,                              !- X,Y,Z Vertex 2 {m}
  -22, 6, 0,                              !- X,Y,Z Vertex 3 {m}
  -22, 6, 2.4384;                         !- X,Y,Z Vertex 4 {m}

OS:Surface,
  {f2012d9b-88ad-40fa-bca7-ce0b4c19b86b}, !- Handle
  Face 273,                               !- Name
  Wall,                                   !- Surface Type
  ,                                       !- Construction Name
  {7bfab360-8046-440f-a72d-fe255f0b6fb8}, !- Space Name
  Surface,                                !- Outside Boundary Condition
  {ac1ed3bb-505e-4801-b2dd-86ec11115d50}, !- Outside Boundary Condition Object
  NoSun,                                  !- Sun Exposure
  NoWind,                                 !- Wind Exposure
  ,                                       !- View Factor to Ground
  ,                                       !- Number of Vertices
  -22, 9, 2.4384,                         !- X,Y,Z Vertex 1 {m}
  -22, 9, 0,                              !- X,Y,Z Vertex 2 {m}
  -29, 9, 0,                              !- X,Y,Z Vertex 3 {m}
  -29, 9, 2.4384;                         !- X,Y,Z Vertex 4 {m}

OS:Surface,
  {601a156c-3073-44f6-bbec-0b98f64d235d}, !- Handle
  Face 129,                               !- Name
  Floor,                                  !- Surface Type
  ,                                       !- Construction Name
  {04a13f9a-f5c5-4f2a-a4ca-50f03792fece}, !- Space Name
  Ground,                                 !- Outside Boundary Condition
  ,                                       !- Outside Boundary Condition Object
  NoSun,                                  !- Sun Exposure
  NoWind,                                 !- Wind Exposure
  ,                                       !- View Factor to Ground
  ,                                       !- Number of Vertices
  21, 7, 0,                               !- X,Y,Z Vertex 1 {m}
  21, 11, 0,                              !- X,Y,Z Vertex 2 {m}
  21, 14, 0,                              !- X,Y,Z Vertex 3 {m}
  30, 14, 0,                              !- X,Y,Z Vertex 4 {m}
  30, 7, 0;                               !- X,Y,Z Vertex 5 {m}

OS:Surface,
  {27e31790-3a3a-4dd4-85be-5ee49536cce2}, !- Handle
  Face 131,                               !- Name
  Wall,                                   !- Surface Type
  ,                                       !- Construction Name
  {04a13f9a-f5c5-4f2a-a4ca-50f03792fece}, !- Space Name
  Surface,                                !- Outside Boundary Condition
  {1b1a34eb-0eca-4ad1-83ee-1242e08819d0}, !- Outside Boundary Condition Object
  NoSun,                                  !- Sun Exposure
  NoWind,                                 !- Wind Exposure
  ,                                       !- View Factor to Ground
  ,                                       !- Number of Vertices
  21, 7, 2.4384,                          !- X,Y,Z Vertex 1 {m}
  21, 11, 2.4384,                         !- X,Y,Z Vertex 2 {m}
  21, 11, 0,                              !- X,Y,Z Vertex 3 {m}
  21, 7, 0;                               !- X,Y,Z Vertex 4 {m}

OS:SubSurface,
  {435b288f-1dac-45e8-b99c-e496c54204f0}, !- Handle
  Face 132,                               !- Name
  Door,                                   !- Sub Surface Type
  ,                                       !- Construction Name
  {27e31790-3a3a-4dd4-85be-5ee49536cce2}, !- Surface Name
  {7eda1df5-d7a5-4924-9276-f93e76a00e50}, !- Outside Boundary Condition Object
  ,                                       !- View Factor to Ground
  ,                                       !- Frame and Divider Name
  ,                                       !- Multiplier
  ,                                       !- Number of Vertices
  21, 8.5, 2.033016,                      !- X,Y,Z Vertex 1 {m}
  21, 8.5, 0,                             !- X,Y,Z Vertex 2 {m}
  21, 7.5, 0,                             !- X,Y,Z Vertex 3 {m}
  21, 7.5, 2.033016;                      !- X,Y,Z Vertex 4 {m}

OS:Surface,
  {883d63cd-a712-4749-88cc-3ed20ba5794c}, !- Handle
  Face 130,                               !- Name
  RoofCeiling,                            !- Surface Type
  ,                                       !- Construction Name
  {04a13f9a-f5c5-4f2a-a4ca-50f03792fece}, !- Space Name
  Outdoors,                               !- Outside Boundary Condition
  ,                                       !- Outside Boundary Condition Object
  SunExposed,                             !- Sun Exposure
  WindExposed,                            !- Wind Exposure
  ,                                       !- View Factor to Ground
  ,                                       !- Number of Vertices
  30, 7, 2.4384,                          !- X,Y,Z Vertex 1 {m}
  30, 14, 2.4384,                         !- X,Y,Z Vertex 2 {m}
  21, 14, 2.4384,                         !- X,Y,Z Vertex 3 {m}
  21, 11, 2.4384,                         !- X,Y,Z Vertex 4 {m}
  21, 7, 2.4384;                          !- X,Y,Z Vertex 5 {m}

OS:Surface,
  {bccf0658-38b0-447b-9cbf-275f96db2ed6}, !- Handle
  Face 133,                               !- Name
  Wall,                                   !- Surface Type
  ,                                       !- Construction Name
  {04a13f9a-f5c5-4f2a-a4ca-50f03792fece}, !- Space Name
  Surface,                                !- Outside Boundary Condition
  {db867bca-ecc5-4469-821d-5b237d9186f4}, !- Outside Boundary Condition Object
  NoSun,                                  !- Sun Exposure
  NoWind,                                 !- Wind Exposure
  ,                                       !- View Factor to Ground
  ,                                       !- Number of Vertices
  21, 14, 2.4384,                         !- X,Y,Z Vertex 1 {m}
  21, 14, 0,                              !- X,Y,Z Vertex 2 {m}
  21, 11, 0,                              !- X,Y,Z Vertex 3 {m}
  21, 11, 2.4384;                         !- X,Y,Z Vertex 4 {m}

OS:Surface,
  {7763f0f5-02b7-4a3f-b59a-4b299da416a3}, !- Handle
  Face 135,                               !- Name
  Wall,                                   !- Surface Type
  ,                                       !- Construction Name
  {04a13f9a-f5c5-4f2a-a4ca-50f03792fece}, !- Space Name
  Surface,                                !- Outside Boundary Condition
  {844f6809-5d5e-4000-a54a-fa1bb79ec8b6}, !- Outside Boundary Condition Object
  NoSun,                                  !- Sun Exposure
  NoWind,                                 !- Wind Exposure
  ,                                       !- View Factor to Ground
  ,                                       !- Number of Vertices
  30, 7, 2.4384,                          !- X,Y,Z Vertex 1 {m}
  30, 7, 0,                               !- X,Y,Z Vertex 2 {m}
  30, 14, 0,                              !- X,Y,Z Vertex 3 {m}
  30, 14, 2.4384;                         !- X,Y,Z Vertex 4 {m}

OS:Surface,
  {23a55d40-7a33-499f-84b3-3119f0a53094}, !- Handle
  Face 134,                               !- Name
  Wall,                                   !- Surface Type
  ,                                       !- Construction Name
  {04a13f9a-f5c5-4f2a-a4ca-50f03792fece}, !- Space Name
  Surface,                                !- Outside Boundary Condition
  {9060b9fc-04cc-4207-8c73-ed28c0a91bb4}, !- Outside Boundary Condition Object
  NoSun,                                  !- Sun Exposure
  NoWind,                                 !- Wind Exposure
  ,                                       !- View Factor to Ground
  ,                                       !- Number of Vertices
  30, 14, 2.4384,                         !- X,Y,Z Vertex 1 {m}
  30, 14, 0,                              !- X,Y,Z Vertex 2 {m}
  21, 14, 0,                              !- X,Y,Z Vertex 3 {m}
  21, 14, 2.4384;                         !- X,Y,Z Vertex 4 {m}

OS:Surface,
  {c3f2feea-5f98-420b-809e-bd99b56bff7c}, !- Handle
  Face 136,                               !- Name
  Wall,                                   !- Surface Type
  ,                                       !- Construction Name
  {04a13f9a-f5c5-4f2a-a4ca-50f03792fece}, !- Space Name
  Surface,                                !- Outside Boundary Condition
  {3eb4376e-13e2-4df4-8fe5-0e22064b0daf}, !- Outside Boundary Condition Object
  NoSun,                                  !- Sun Exposure
  NoWind,                                 !- Wind Exposure
  ,                                       !- View Factor to Ground
  ,                                       !- Number of Vertices
  21, 7, 2.4384,                          !- X,Y,Z Vertex 1 {m}
  21, 7, 0,                               !- X,Y,Z Vertex 2 {m}
  30, 7, 0,                               !- X,Y,Z Vertex 3 {m}
  30, 7, 2.4384;                          !- X,Y,Z Vertex 4 {m}

OS:Surface,
  {62b26eb8-5fee-4a8f-9965-95d869bf7203}, !- Handle
  Face 447,                               !- Name
  Floor,                                  !- Surface Type
  ,                                       !- Construction Name
  {509a221f-ae97-48c5-9580-5dd6c26936cd}, !- Space Name
  Ground,                                 !- Outside Boundary Condition
  ,                                       !- Outside Boundary Condition Object
  NoSun,                                  !- Sun Exposure
  NoWind,                                 !- Wind Exposure
  ,                                       !- View Factor to Ground
  ,                                       !- Number of Vertices
  16, -4, 0,                              !- X,Y,Z Vertex 1 {m}
  16, -11, 0,                             !- X,Y,Z Vertex 2 {m}
  13, -11, 0,                             !- X,Y,Z Vertex 3 {m}
  10, -11, 0,                             !- X,Y,Z Vertex 4 {m}
  10, -7, 0,                              !- X,Y,Z Vertex 5 {m}
  10, -4, 0;                              !- X,Y,Z Vertex 6 {m}

OS:Surface,
  {d8e37c22-1179-437d-bf0d-f2036550671c}, !- Handle
  Face 450,                               !- Name
  Wall,                                   !- Surface Type
  ,                                       !- Construction Name
  {509a221f-ae97-48c5-9580-5dd6c26936cd}, !- Space Name
  Surface,                                !- Outside Boundary Condition
  {459431fe-af2b-42f0-8e82-91bfc97c4220}, !- Outside Boundary Condition Object
  NoSun,                                  !- Sun Exposure
  NoWind,                                 !- Wind Exposure
  ,                                       !- View Factor to Ground
  ,                                       !- Number of Vertices
  13, -11, 2.4384,                        !- X,Y,Z Vertex 1 {m}
  13, -11, 0,                             !- X,Y,Z Vertex 2 {m}
  16, -11, 0,                             !- X,Y,Z Vertex 3 {m}
  16, -11, 2.4384;                        !- X,Y,Z Vertex 4 {m}

OS:Surface,
  {ab6d9aff-3937-4637-ac51-a309f3686e5b}, !- Handle
  Face 448,                               !- Name
  RoofCeiling,                            !- Surface Type
  ,                                       !- Construction Name
  {509a221f-ae97-48c5-9580-5dd6c26936cd}, !- Space Name
  Outdoors,                               !- Outside Boundary Condition
  ,                                       !- Outside Boundary Condition Object
  SunExposed,                             !- Sun Exposure
  WindExposed,                            !- Wind Exposure
  ,                                       !- View Factor to Ground
  ,                                       !- Number of Vertices
  10, -4, 2.4384,                         !- X,Y,Z Vertex 1 {m}
  10, -7, 2.4384,                         !- X,Y,Z Vertex 2 {m}
  10, -11, 2.4384,                        !- X,Y,Z Vertex 3 {m}
  13, -11, 2.4384,                        !- X,Y,Z Vertex 4 {m}
  16, -11, 2.4384,                        !- X,Y,Z Vertex 5 {m}
  16, -4, 2.4384;                         !- X,Y,Z Vertex 6 {m}

OS:Surface,
  {152c8846-4fc8-418f-99b9-06b2a31fb60f}, !- Handle
  Face 449,                               !- Name
  Wall,                                   !- Surface Type
  ,                                       !- Construction Name
  {509a221f-ae97-48c5-9580-5dd6c26936cd}, !- Space Name
  Surface,                                !- Outside Boundary Condition
  {5ba7d4b5-a21a-4fba-af4f-0cb37fe0bafc}, !- Outside Boundary Condition Object
  NoSun,                                  !- Sun Exposure
  NoWind,                                 !- Wind Exposure
  ,                                       !- View Factor to Ground
  ,                                       !- Number of Vertices
  16, -11, 2.4384,                        !- X,Y,Z Vertex 1 {m}
  16, -11, 0,                             !- X,Y,Z Vertex 2 {m}
  16, -4, 0,                              !- X,Y,Z Vertex 3 {m}
  16, -4, 2.4384;                         !- X,Y,Z Vertex 4 {m}

OS:Surface,
  {dbef14ab-8662-4ca8-9bcd-a9db27d9b54e}, !- Handle
  Face 454,                               !- Name
  Wall,                                   !- Surface Type
  ,                                       !- Construction Name
  {509a221f-ae97-48c5-9580-5dd6c26936cd}, !- Space Name
  Surface,                                !- Outside Boundary Condition
  {e68ba84e-9c29-42e5-bbfb-b39b1e70093e}, !- Outside Boundary Condition Object
  NoSun,                                  !- Sun Exposure
  NoWind,                                 !- Wind Exposure
  ,                                       !- View Factor to Ground
  ,                                       !- Number of Vertices
  10, -4, 2.4384,                         !- X,Y,Z Vertex 1 {m}
  10, -4, 0,                              !- X,Y,Z Vertex 2 {m}
  10, -7, 0,                              !- X,Y,Z Vertex 3 {m}
  10, -7, 2.4384;                         !- X,Y,Z Vertex 4 {m}

OS:Surface,
  {81031cbf-9ca0-44c4-b550-6149a8202c49}, !- Handle
  Face 453,                               !- Name
  Wall,                                   !- Surface Type
  ,                                       !- Construction Name
  {509a221f-ae97-48c5-9580-5dd6c26936cd}, !- Space Name
  Surface,                                !- Outside Boundary Condition
  {e16d8396-f198-478b-87b0-31f22770d024}, !- Outside Boundary Condition Object
  NoSun,                                  !- Sun Exposure
  NoWind,                                 !- Wind Exposure
  ,                                       !- View Factor to Ground
  ,                                       !- Number of Vertices
  10, -7, 2.4384,                         !- X,Y,Z Vertex 1 {m}
  10, -7, 0,                              !- X,Y,Z Vertex 2 {m}
  10, -11, 0,                             !- X,Y,Z Vertex 3 {m}
  10, -11, 2.4384;                        !- X,Y,Z Vertex 4 {m}

OS:Surface,
  {11fe80a4-00b0-449d-8268-cebc8d438ff3}, !- Handle
  Face 455,                               !- Name
  Wall,                                   !- Surface Type
  ,                                       !- Construction Name
  {509a221f-ae97-48c5-9580-5dd6c26936cd}, !- Space Name
  Surface,                                !- Outside Boundary Condition
  {6bf40a04-c01f-4244-bd63-09a635b4ec2a}, !- Outside Boundary Condition Object
  NoSun,                                  !- Sun Exposure
  NoWind,                                 !- Wind Exposure
  ,                                       !- View Factor to Ground
  ,                                       !- Number of Vertices
  16, -4, 2.4384,                         !- X,Y,Z Vertex 1 {m}
  16, -4, 0,                              !- X,Y,Z Vertex 2 {m}
  10, -4, 0,                              !- X,Y,Z Vertex 3 {m}
  10, -4, 2.4384;                         !- X,Y,Z Vertex 4 {m}

OS:Surface,
  {46cb78bd-1657-4516-b4e9-493c86e928b7}, !- Handle
  Face 451,                               !- Name
  Wall,                                   !- Surface Type
  ,                                       !- Construction Name
  {509a221f-ae97-48c5-9580-5dd6c26936cd}, !- Space Name
  Surface,                                !- Outside Boundary Condition
  {81a6ff0c-e5f0-4513-992a-df90abd1b587}, !- Outside Boundary Condition Object
  NoSun,                                  !- Sun Exposure
  NoWind,                                 !- Wind Exposure
  ,                                       !- View Factor to Ground
  ,                                       !- Number of Vertices
  13, -11, 2.4384,                        !- X,Y,Z Vertex 1 {m}
  10, -11, 2.4384,                        !- X,Y,Z Vertex 2 {m}
  10, -11, 0,                             !- X,Y,Z Vertex 3 {m}
  13, -11, 0;                             !- X,Y,Z Vertex 4 {m}

OS:SubSurface,
  {30f84b1e-0d3f-433b-9c5c-6b559c7a9fa6}, !- Handle
  Face 452,                               !- Name
  Door,                                   !- Sub Surface Type
  ,                                       !- Construction Name
  {46cb78bd-1657-4516-b4e9-493c86e928b7}, !- Surface Name
  {aad1288b-84bb-419b-b314-74f0b527caea}, !- Outside Boundary Condition Object
  ,                                       !- View Factor to Ground
  ,                                       !- Frame and Divider Name
  ,                                       !- Multiplier
  ,                                       !- Number of Vertices
  11.5, -11, 2.033016,                    !- X,Y,Z Vertex 1 {m}
  11.5, -11, 0,                           !- X,Y,Z Vertex 2 {m}
  12.5, -11, 0,                           !- X,Y,Z Vertex 3 {m}
  12.5, -11, 2.033016;                    !- X,Y,Z Vertex 4 {m}

OS:Surface,
  {557b9032-c2b4-4231-935f-0bfa782822d6}, !- Handle
  Face 334,                               !- Name
  Wall,                                   !- Surface Type
  ,                                       !- Construction Name
  {18cb6cdd-84e7-4e5e-a8d2-5ee426d4e1d0}, !- Space Name
  Surface,                                !- Outside Boundary Condition
  {fe133501-3e61-4d77-a85c-0a2aae2e7e4f}, !- Outside Boundary Condition Object
  NoSun,                                  !- Sun Exposure
  NoWind,                                 !- Wind Exposure
  ,                                       !- View Factor to Ground
  ,                                       !- Number of Vertices
  -22, 20, 2.4384,                        !- X,Y,Z Vertex 1 {m}
  -22, 14, 2.4384,                        !- X,Y,Z Vertex 2 {m}
  -22, 14, 0,                             !- X,Y,Z Vertex 3 {m}
  -22, 20, 0;                             !- X,Y,Z Vertex 4 {m}

OS:SubSurface,
  {d8fb3ec6-81dc-4a78-a3e9-3a1ce228e987}, !- Handle
  Face 335,                               !- Name
  Door,                                   !- Sub Surface Type
  ,                                       !- Construction Name
  {557b9032-c2b4-4231-935f-0bfa782822d6}, !- Surface Name
  {c89d2b55-6173-48a1-a384-aba7e96a915a}, !- Outside Boundary Condition Object
  ,                                       !- View Factor to Ground
  ,                                       !- Frame and Divider Name
  ,                                       !- Multiplier
  ,                                       !- Number of Vertices
  -22, 14.5, 2.033016,                    !- X,Y,Z Vertex 1 {m}
  -22, 14.5, 0,                           !- X,Y,Z Vertex 2 {m}
  -22, 15.5, 0,                           !- X,Y,Z Vertex 3 {m}
  -22, 15.5, 2.033016;                    !- X,Y,Z Vertex 4 {m}

OS:Surface,
  {c917cd37-ff15-4a01-ba37-998853be1fc8}, !- Handle
  Face 332,                               !- Name
  Floor,                                  !- Surface Type
  ,                                       !- Construction Name
  {18cb6cdd-84e7-4e5e-a8d2-5ee426d4e1d0}, !- Space Name
  Ground,                                 !- Outside Boundary Condition
  ,                                       !- Outside Boundary Condition Object
  NoSun,                                  !- Sun Exposure
  NoWind,                                 !- Wind Exposure
  ,                                       !- View Factor to Ground
  ,                                       !- Number of Vertices
  -22, 20, 0,                             !- X,Y,Z Vertex 1 {m}
  -22, 14, 0,                             !- X,Y,Z Vertex 2 {m}
  -29, 14, 0,                             !- X,Y,Z Vertex 3 {m}
  -35, 14, 0,                             !- X,Y,Z Vertex 4 {m}
  -35, 20, 0;                             !- X,Y,Z Vertex 5 {m}

OS:Surface,
  {891decc2-e6da-4ae7-a24f-2964c04dcb7a}, !- Handle
  Face 333,                               !- Name
  RoofCeiling,                            !- Surface Type
  ,                                       !- Construction Name
  {18cb6cdd-84e7-4e5e-a8d2-5ee426d4e1d0}, !- Space Name
  Outdoors,                               !- Outside Boundary Condition
  ,                                       !- Outside Boundary Condition Object
  SunExposed,                             !- Sun Exposure
  WindExposed,                            !- Wind Exposure
  ,                                       !- View Factor to Ground
  ,                                       !- Number of Vertices
  -35, 20, 2.4384,                        !- X,Y,Z Vertex 1 {m}
  -35, 14, 2.4384,                        !- X,Y,Z Vertex 2 {m}
  -29, 14, 2.4384,                        !- X,Y,Z Vertex 3 {m}
  -22, 14, 2.4384,                        !- X,Y,Z Vertex 4 {m}
  -22, 20, 2.4384;                        !- X,Y,Z Vertex 5 {m}

OS:Surface,
  {2885185f-c7d3-4982-8acd-37bacd4adc25}, !- Handle
  Face 336,                               !- Name
  Wall,                                   !- Surface Type
  ,                                       !- Construction Name
  {18cb6cdd-84e7-4e5e-a8d2-5ee426d4e1d0}, !- Space Name
  Surface,                                !- Outside Boundary Condition
  {cf7964d9-4d42-4403-83ab-35cd6b85bac5}, !- Outside Boundary Condition Object
  NoSun,                                  !- Sun Exposure
  NoWind,                                 !- Wind Exposure
  ,                                       !- View Factor to Ground
  ,                                       !- Number of Vertices
  -29, 14, 2.4384,                        !- X,Y,Z Vertex 1 {m}
  -29, 14, 0,                             !- X,Y,Z Vertex 2 {m}
  -22, 14, 0,                             !- X,Y,Z Vertex 3 {m}
  -22, 14, 2.4384;                        !- X,Y,Z Vertex 4 {m}

OS:Surface,
  {1fa7d229-fb6c-41eb-af16-59139bec861d}, !- Handle
  Face 337,                               !- Name
  Wall,                                   !- Surface Type
  ,                                       !- Construction Name
  {18cb6cdd-84e7-4e5e-a8d2-5ee426d4e1d0}, !- Space Name
  Surface,                                !- Outside Boundary Condition
  {eef19434-2033-4529-b2c3-2d8d552e235b}, !- Outside Boundary Condition Object
  NoSun,                                  !- Sun Exposure
  NoWind,                                 !- Wind Exposure
  ,                                       !- View Factor to Ground
  ,                                       !- Number of Vertices
  -35, 14, 2.4384,                        !- X,Y,Z Vertex 1 {m}
  -35, 14, 0,                             !- X,Y,Z Vertex 2 {m}
  -29, 14, 0,                             !- X,Y,Z Vertex 3 {m}
  -29, 14, 2.4384;                        !- X,Y,Z Vertex 4 {m}

OS:Surface,
  {b7f05bd4-5432-485b-abba-45a9873be05f}, !- Handle
  Face 338,                               !- Name
  Wall,                                   !- Surface Type
  ,                                       !- Construction Name
  {18cb6cdd-84e7-4e5e-a8d2-5ee426d4e1d0}, !- Space Name
  Surface,                                !- Outside Boundary Condition
  {297bb29d-50ba-4c27-9707-9de2f43bf22a}, !- Outside Boundary Condition Object
  NoSun,                                  !- Sun Exposure
  NoWind,                                 !- Wind Exposure
  ,                                       !- View Factor to Ground
  ,                                       !- Number of Vertices
  -35, 20, 2.4384,                        !- X,Y,Z Vertex 1 {m}
  -35, 20, 0,                             !- X,Y,Z Vertex 2 {m}
  -35, 14, 0,                             !- X,Y,Z Vertex 3 {m}
  -35, 14, 2.4384;                        !- X,Y,Z Vertex 4 {m}

OS:Surface,
  {893e6841-fed9-445a-9144-278e8c0d854c}, !- Handle
  Face 339,                               !- Name
  Wall,                                   !- Surface Type
  ,                                       !- Construction Name
  {18cb6cdd-84e7-4e5e-a8d2-5ee426d4e1d0}, !- Space Name
  Surface,                                !- Outside Boundary Condition
  {b3c322a4-5aef-4829-8501-ff9bfd897816}, !- Outside Boundary Condition Object
  NoSun,                                  !- Sun Exposure
  NoWind,                                 !- Wind Exposure
  ,                                       !- View Factor to Ground
  ,                                       !- Number of Vertices
  -35, 20, 2.4384,                        !- X,Y,Z Vertex 1 {m}
  -22, 20, 2.4384,                        !- X,Y,Z Vertex 2 {m}
  -22, 20, 0,                             !- X,Y,Z Vertex 3 {m}
  -35, 20, 0;                             !- X,Y,Z Vertex 4 {m}

OS:SubSurface,
  {9e59bdeb-6786-4544-8183-48704f24c5ce}, !- Handle
  Face 340,                               !- Name
  Door,                                   !- Sub Surface Type
  ,                                       !- Construction Name
  {893e6841-fed9-445a-9144-278e8c0d854c}, !- Surface Name
  {833cf74d-96be-41f2-80cb-66ed660afd64}, !- Outside Boundary Condition Object
  ,                                       !- View Factor to Ground
  ,                                       !- Frame and Divider Name
  ,                                       !- Multiplier
  ,                                       !- Number of Vertices
  -33.5, 20, 2.033016,                    !- X,Y,Z Vertex 1 {m}
  -33.5, 20, 0,                           !- X,Y,Z Vertex 2 {m}
  -34.5, 20, 0,                           !- X,Y,Z Vertex 3 {m}
  -34.5, 20, 2.033016;                    !- X,Y,Z Vertex 4 {m}

OS:SubSurface,
  {7a57538e-af88-4959-8361-2f0c9c135a90}, !- Handle
  Face 341,                               !- Name
  Door,                                   !- Sub Surface Type
  ,                                       !- Construction Name
  {893e6841-fed9-445a-9144-278e8c0d854c}, !- Surface Name
  {e12bb718-acd6-48c0-8222-fc21ea95804d}, !- Outside Boundary Condition Object
  ,                                       !- View Factor to Ground
  ,                                       !- Frame and Divider Name
  ,                                       !- Multiplier
  ,                                       !- Number of Vertices
  -31.5, 20, 2.033016,                    !- X,Y,Z Vertex 1 {m}
  -31.5, 20, 0,                           !- X,Y,Z Vertex 2 {m}
  -32.5, 20, 0,                           !- X,Y,Z Vertex 3 {m}
  -32.5, 20, 2.033016;                    !- X,Y,Z Vertex 4 {m}

OS:SubSurface,
  {7c14c1cd-2eab-47ea-8552-2ee5da34c852}, !- Handle
  Face 345,                               !- Name
  Door,                                   !- Sub Surface Type
  ,                                       !- Construction Name
  {893e6841-fed9-445a-9144-278e8c0d854c}, !- Surface Name
  {fac5b536-9752-483e-8c00-fbfa9917f136}, !- Outside Boundary Condition Object
  ,                                       !- View Factor to Ground
  ,                                       !- Frame and Divider Name
  ,                                       !- Multiplier
  ,                                       !- Number of Vertices
  -23.5, 20, 2.033016,                    !- X,Y,Z Vertex 1 {m}
  -23.5, 20, 0,                           !- X,Y,Z Vertex 2 {m}
  -24.5, 20, 0,                           !- X,Y,Z Vertex 3 {m}
  -24.5, 20, 2.033016;                    !- X,Y,Z Vertex 4 {m}

OS:SubSurface,
  {b32e613a-cfea-4fd4-a8f9-5fe1ca79e235}, !- Handle
  Face 342,                               !- Name
  Door,                                   !- Sub Surface Type
  ,                                       !- Construction Name
  {893e6841-fed9-445a-9144-278e8c0d854c}, !- Surface Name
  {08869cc4-d4f6-4e17-b6a8-892dcf2ccac9}, !- Outside Boundary Condition Object
  ,                                       !- View Factor to Ground
  ,                                       !- Frame and Divider Name
  ,                                       !- Multiplier
  ,                                       !- Number of Vertices
  -29.5, 20, 2.033016,                    !- X,Y,Z Vertex 1 {m}
  -29.5, 20, 0,                           !- X,Y,Z Vertex 2 {m}
  -30.5, 20, 0,                           !- X,Y,Z Vertex 3 {m}
  -30.5, 20, 2.033016;                    !- X,Y,Z Vertex 4 {m}

OS:SubSurface,
  {5372ae8c-336a-436a-a990-5ead7bc930aa}, !- Handle
  Face 343,                               !- Name
  Door,                                   !- Sub Surface Type
  ,                                       !- Construction Name
  {893e6841-fed9-445a-9144-278e8c0d854c}, !- Surface Name
  {256debe6-a3a4-4f00-821a-1d36c69c6dfb}, !- Outside Boundary Condition Object
  ,                                       !- View Factor to Ground
  ,                                       !- Frame and Divider Name
  ,                                       !- Multiplier
  ,                                       !- Number of Vertices
  -27.5, 20, 2.033016,                    !- X,Y,Z Vertex 1 {m}
  -27.5, 20, 0,                           !- X,Y,Z Vertex 2 {m}
  -28.5, 20, 0,                           !- X,Y,Z Vertex 3 {m}
  -28.5, 20, 2.033016;                    !- X,Y,Z Vertex 4 {m}

OS:SubSurface,
  {25b93812-2de4-4731-aa0a-f80d69cf5e24}, !- Handle
  Face 344,                               !- Name
  Door,                                   !- Sub Surface Type
  ,                                       !- Construction Name
  {893e6841-fed9-445a-9144-278e8c0d854c}, !- Surface Name
  {fa1b3fea-d7d9-4c97-b949-6af17ecdb69f}, !- Outside Boundary Condition Object
  ,                                       !- View Factor to Ground
  ,                                       !- Frame and Divider Name
  ,                                       !- Multiplier
  ,                                       !- Number of Vertices
  -25.5, 20, 2.033016,                    !- X,Y,Z Vertex 1 {m}
  -25.5, 20, 0,                           !- X,Y,Z Vertex 2 {m}
  -26.5, 20, 0,                           !- X,Y,Z Vertex 3 {m}
  -26.5, 20, 2.033016;                    !- X,Y,Z Vertex 4 {m}

OS:Surface,
  {0e71b0a7-2a9d-4fad-a948-e5fac940e8e0}, !- Handle
  Face 391,                               !- Name
  Wall,                                   !- Surface Type
  ,                                       !- Construction Name
  {d61b7145-0523-429d-9006-cc6285d34896}, !- Space Name
  Surface,                                !- Outside Boundary Condition
  {a9a0947e-077a-4157-97b1-8d8751d35117}, !- Outside Boundary Condition Object
  NoSun,                                  !- Sun Exposure
  NoWind,                                 !- Wind Exposure
  ,                                       !- View Factor to Ground
  ,                                       !- Number of Vertices
  -35, 29, 2.4384,                        !- X,Y,Z Vertex 1 {m}
  -35, 33, 2.4384,                        !- X,Y,Z Vertex 2 {m}
  -35, 33, 0,                             !- X,Y,Z Vertex 3 {m}
  -35, 29, 0;                             !- X,Y,Z Vertex 4 {m}

OS:SubSurface,
  {6c552dea-66ee-4d47-88b1-bdcd3d26ea2c}, !- Handle
  Face 392,                               !- Name
  Door,                                   !- Sub Surface Type
  ,                                       !- Construction Name
  {0e71b0a7-2a9d-4fad-a948-e5fac940e8e0}, !- Surface Name
  {37ae20ac-1ceb-4d34-a2fc-462296acae82}, !- Outside Boundary Condition Object
  ,                                       !- View Factor to Ground
  ,                                       !- Frame and Divider Name
  ,                                       !- Multiplier
  ,                                       !- Number of Vertices
  -35, 30.5, 2.033016,                    !- X,Y,Z Vertex 1 {m}
  -35, 30.5, 0,                           !- X,Y,Z Vertex 2 {m}
  -35, 29.5, 0,                           !- X,Y,Z Vertex 3 {m}
  -35, 29.5, 2.033016;                    !- X,Y,Z Vertex 4 {m}

OS:Surface,
  {cf4cadd3-5065-4079-97ab-71bcbbf46b27}, !- Handle
  Face 390,                               !- Name
  Wall,                                   !- Surface Type
  ,                                       !- Construction Name
  {d61b7145-0523-429d-9006-cc6285d34896}, !- Space Name
  Surface,                                !- Outside Boundary Condition
  {c31839af-5db6-4256-9739-58849f345ae1}, !- Outside Boundary Condition Object
  NoSun,                                  !- Sun Exposure
  NoWind,                                 !- Wind Exposure
  ,                                       !- View Factor to Ground
  ,                                       !- Number of Vertices
  -35, 29, 2.4384,                        !- X,Y,Z Vertex 1 {m}
  -35, 29, 0,                             !- X,Y,Z Vertex 2 {m}
  -28, 29, 0,                             !- X,Y,Z Vertex 3 {m}
  -28, 29, 2.4384;                        !- X,Y,Z Vertex 4 {m}

OS:Surface,
  {503a543b-48b9-473a-8201-bad2f3ce5ea7}, !- Handle
  Face 393,                               !- Name
  Wall,                                   !- Surface Type
  ,                                       !- Construction Name
  {d61b7145-0523-429d-9006-cc6285d34896}, !- Space Name
  Surface,                                !- Outside Boundary Condition
  {5a265a31-a7d8-4792-bffe-69ab46706d93}, !- Outside Boundary Condition Object
  NoSun,                                  !- Sun Exposure
  NoWind,                                 !- Wind Exposure
  ,                                       !- View Factor to Ground
  ,                                       !- Number of Vertices
  -28, 33, 2.4384,                        !- X,Y,Z Vertex 1 {m}
  -28, 33, 0,                             !- X,Y,Z Vertex 2 {m}
  -35, 33, 0,                             !- X,Y,Z Vertex 3 {m}
  -35, 33, 2.4384;                        !- X,Y,Z Vertex 4 {m}

OS:Surface,
  {5f1dc95f-04a8-48b5-8e54-178492842f6f}, !- Handle
  Face 387,                               !- Name
  RoofCeiling,                            !- Surface Type
  ,                                       !- Construction Name
  {d61b7145-0523-429d-9006-cc6285d34896}, !- Space Name
  Outdoors,                               !- Outside Boundary Condition
  ,                                       !- Outside Boundary Condition Object
  SunExposed,                             !- Sun Exposure
  WindExposed,                            !- Wind Exposure
  ,                                       !- View Factor to Ground
  ,                                       !- Number of Vertices
  -35, 33, 2.4384,                        !- X,Y,Z Vertex 1 {m}
  -35, 29, 2.4384,                        !- X,Y,Z Vertex 2 {m}
  -28, 29, 2.4384,                        !- X,Y,Z Vertex 3 {m}
  -28, 33, 2.4384;                        !- X,Y,Z Vertex 4 {m}

OS:Surface,
  {260fe33a-7b44-4627-8c3a-44dab54adda4}, !- Handle
  Face 388,                               !- Name
  Wall,                                   !- Surface Type
  ,                                       !- Construction Name
  {d61b7145-0523-429d-9006-cc6285d34896}, !- Space Name
  Surface,                                !- Outside Boundary Condition
  {a904c8a9-779f-42a0-b2da-052fabe85566}, !- Outside Boundary Condition Object
  NoSun,                                  !- Sun Exposure
  NoWind,                                 !- Wind Exposure
  ,                                       !- View Factor to Ground
  ,                                       !- Number of Vertices
  -28, 33, 2.4384,                        !- X,Y,Z Vertex 1 {m}
  -28, 29, 2.4384,                        !- X,Y,Z Vertex 2 {m}
  -28, 29, 0,                             !- X,Y,Z Vertex 3 {m}
  -28, 33, 0;                             !- X,Y,Z Vertex 4 {m}

OS:SubSurface,
  {ec3de426-de80-4ac6-9532-073c924b8113}, !- Handle
  Face 389,                               !- Name
  Door,                                   !- Sub Surface Type
  ,                                       !- Construction Name
  {260fe33a-7b44-4627-8c3a-44dab54adda4}, !- Surface Name
  {6c41ccd5-68c7-46e0-ac8b-dc6f3bd98929}, !- Outside Boundary Condition Object
  ,                                       !- View Factor to Ground
  ,                                       !- Frame and Divider Name
  ,                                       !- Multiplier
  ,                                       !- Number of Vertices
  -28, 29.5, 2.033016,                    !- X,Y,Z Vertex 1 {m}
  -28, 29.5, 0,                           !- X,Y,Z Vertex 2 {m}
  -28, 30.5, 0,                           !- X,Y,Z Vertex 3 {m}
  -28, 30.5, 2.033016;                    !- X,Y,Z Vertex 4 {m}

OS:Surface,
  {98a05a4e-ff79-4b63-be29-e563077ef1b0}, !- Handle
  Face 386,                               !- Name
  Floor,                                  !- Surface Type
  ,                                       !- Construction Name
  {d61b7145-0523-429d-9006-cc6285d34896}, !- Space Name
  Ground,                                 !- Outside Boundary Condition
  ,                                       !- Outside Boundary Condition Object
  NoSun,                                  !- Sun Exposure
  NoWind,                                 !- Wind Exposure
  ,                                       !- View Factor to Ground
  ,                                       !- Number of Vertices
  -28, 33, 0,                             !- X,Y,Z Vertex 1 {m}
  -28, 29, 0,                             !- X,Y,Z Vertex 2 {m}
  -35, 29, 0,                             !- X,Y,Z Vertex 3 {m}
  -35, 33, 0;                             !- X,Y,Z Vertex 4 {m}

OS:Surface,
  {2714df15-1dad-4e94-abd6-77cee85e0d8e}, !- Handle
  Face 105,                               !- Name
  Wall,                                   !- Surface Type
  ,                                       !- Construction Name
  {a5d9d270-943b-4372-b43b-4a502eb33fdd}, !- Space Name
  Surface,                                !- Outside Boundary Condition
  {45de51f0-2e22-4f3f-adbf-d1bea102df79}, !- Outside Boundary Condition Object
  NoSun,                                  !- Sun Exposure
  NoWind,                                 !- Wind Exposure
  ,                                       !- View Factor to Ground
  ,                                       !- Number of Vertices
  -16, 3, 2.4384,                         !- X,Y,Z Vertex 1 {m}
  -16, 0, 2.4384,                         !- X,Y,Z Vertex 2 {m}
  -16, 0, 0,                              !- X,Y,Z Vertex 3 {m}
  -16, 3, 0;                              !- X,Y,Z Vertex 4 {m}

OS:SubSurface,
  {23073349-f3b7-41a9-8f62-307e64ebe317}, !- Handle
  Face 106,                               !- Name
  Door,                                   !- Sub Surface Type
  ,                                       !- Construction Name
  {2714df15-1dad-4e94-abd6-77cee85e0d8e}, !- Surface Name
  {166910b1-9f5f-49eb-921c-d339e11a6aa4}, !- Outside Boundary Condition Object
  ,                                       !- View Factor to Ground
  ,                                       !- Frame and Divider Name
  ,                                       !- Multiplier
  ,                                       !- Number of Vertices
  -16, 1.5, 2.033016,                     !- X,Y,Z Vertex 1 {m}
  -16, 1.5, 0,                            !- X,Y,Z Vertex 2 {m}
  -16, 2.5, 0,                            !- X,Y,Z Vertex 3 {m}
  -16, 2.5, 2.033016;                     !- X,Y,Z Vertex 4 {m}

OS:Surface,
  {1ddd67ee-0d31-431b-a99e-776a01588fa4}, !- Handle
  Face 108,                               !- Name
  Wall,                                   !- Surface Type
  ,                                       !- Construction Name
  {a5d9d270-943b-4372-b43b-4a502eb33fdd}, !- Space Name
  Surface,                                !- Outside Boundary Condition
  {3f711314-e746-4f3d-bc14-f655ad58cccd}, !- Outside Boundary Condition Object
  NoSun,                                  !- Sun Exposure
  NoWind,                                 !- Wind Exposure
  ,                                       !- View Factor to Ground
  ,                                       !- Number of Vertices
  -19, 3, 2.4384,                         !- X,Y,Z Vertex 1 {m}
  -19, 3, 0,                              !- X,Y,Z Vertex 2 {m}
  -19, 0, 0,                              !- X,Y,Z Vertex 3 {m}
  -19, 0, 2.4384;                         !- X,Y,Z Vertex 4 {m}

OS:Surface,
  {1e0e5a18-ce7c-459f-b43b-bb73e42fcf71}, !- Handle
  Face 103,                               !- Name
  Floor,                                  !- Surface Type
  ,                                       !- Construction Name
  {a5d9d270-943b-4372-b43b-4a502eb33fdd}, !- Space Name
  Ground,                                 !- Outside Boundary Condition
  ,                                       !- Outside Boundary Condition Object
  NoSun,                                  !- Sun Exposure
  NoWind,                                 !- Wind Exposure
  ,                                       !- View Factor to Ground
  ,                                       !- Number of Vertices
  -16, 3, 0,                              !- X,Y,Z Vertex 1 {m}
  -16, 0, 0,                              !- X,Y,Z Vertex 2 {m}
  -19, 0, 0,                              !- X,Y,Z Vertex 3 {m}
  -19, 3, 0;                              !- X,Y,Z Vertex 4 {m}

OS:Surface,
  {82248b15-ceb4-4064-9062-997c639eb253}, !- Handle
  Face 109,                               !- Name
  Wall,                                   !- Surface Type
  ,                                       !- Construction Name
  {a5d9d270-943b-4372-b43b-4a502eb33fdd}, !- Space Name
  Surface,                                !- Outside Boundary Condition
  {f431def3-eaba-42ad-a8e6-c6ea7b9e93be}, !- Outside Boundary Condition Object
  NoSun,                                  !- Sun Exposure
  NoWind,                                 !- Wind Exposure
  ,                                       !- View Factor to Ground
  ,                                       !- Number of Vertices
  -16, 3, 2.4384,                         !- X,Y,Z Vertex 1 {m}
  -16, 3, 0,                              !- X,Y,Z Vertex 2 {m}
  -19, 3, 0,                              !- X,Y,Z Vertex 3 {m}
  -19, 3, 2.4384;                         !- X,Y,Z Vertex 4 {m}

OS:Surface,
  {8c15bc40-5b7c-4d2e-9582-95c541b53daa}, !- Handle
  Face 107,                               !- Name
  Wall,                                   !- Surface Type
  ,                                       !- Construction Name
  {a5d9d270-943b-4372-b43b-4a502eb33fdd}, !- Space Name
  Surface,                                !- Outside Boundary Condition
  {35587b6c-302a-4049-98b4-8b0122070bec}, !- Outside Boundary Condition Object
  NoSun,                                  !- Sun Exposure
  NoWind,                                 !- Wind Exposure
  ,                                       !- View Factor to Ground
  ,                                       !- Number of Vertices
  -19, 0, 2.4384,                         !- X,Y,Z Vertex 1 {m}
  -19, 0, 0,                              !- X,Y,Z Vertex 2 {m}
  -16, 0, 0,                              !- X,Y,Z Vertex 3 {m}
  -16, 0, 2.4384;                         !- X,Y,Z Vertex 4 {m}

OS:Surface,
  {dfcf71a7-79bc-43f3-a6ff-65a1a77aeb66}, !- Handle
  Face 104,                               !- Name
  RoofCeiling,                            !- Surface Type
  ,                                       !- Construction Name
  {a5d9d270-943b-4372-b43b-4a502eb33fdd}, !- Space Name
  Outdoors,                               !- Outside Boundary Condition
  ,                                       !- Outside Boundary Condition Object
  SunExposed,                             !- Sun Exposure
  WindExposed,                            !- Wind Exposure
  ,                                       !- View Factor to Ground
  ,                                       !- Number of Vertices
  -19, 3, 2.4384,                         !- X,Y,Z Vertex 1 {m}
  -19, 0, 2.4384,                         !- X,Y,Z Vertex 2 {m}
  -16, 0, 2.4384,                         !- X,Y,Z Vertex 3 {m}
  -16, 3, 2.4384;                         !- X,Y,Z Vertex 4 {m}

OS:Surface,
  {84cc67f0-f724-4aa8-9179-2bd11d6708e5}, !- Handle
  Face 15,                                !- Name
  Wall,                                   !- Surface Type
  ,                                       !- Construction Name
  {ba75c511-818f-499f-a4eb-a80103f71033}, !- Space Name
  Surface,                                !- Outside Boundary Condition
  {18246e9b-0a84-4d92-bdbb-6907f0fe16c1}, !- Outside Boundary Condition Object
  NoSun,                                  !- Sun Exposure
  NoWind,                                 !- Wind Exposure
  ,                                       !- View Factor to Ground
  ,                                       !- Number of Vertices
  18, 0, 2.4384,                          !- X,Y,Z Vertex 1 {m}
  9, 0, 2.4384,                           !- X,Y,Z Vertex 2 {m}
  9, 0, 0,                                !- X,Y,Z Vertex 3 {m}
  18, 0, 0;                               !- X,Y,Z Vertex 4 {m}

OS:SubSurface,
  {6c1b8761-462a-4f5c-bfbf-bfa3550f23af}, !- Handle
  Face 16,                                !- Name
  Door,                                   !- Sub Surface Type
  ,                                       !- Construction Name
  {84cc67f0-f724-4aa8-9179-2bd11d6708e5}, !- Surface Name
  {07ce5445-730c-40f3-b360-bdf317a6c48c}, !- Outside Boundary Condition Object
  ,                                       !- View Factor to Ground
  ,                                       !- Frame and Divider Name
  ,                                       !- Multiplier
  ,                                       !- Number of Vertices
  15.2, 0, 2.033016,                      !- X,Y,Z Vertex 1 {m}
  15.2, 0, 0,                             !- X,Y,Z Vertex 2 {m}
  16.8, 0, 0,                             !- X,Y,Z Vertex 3 {m}
  16.8, 0, 2.033016;                      !- X,Y,Z Vertex 4 {m}

OS:SubSurface,
  {6501bcd2-a387-4d85-999b-c5861e9a799f}, !- Handle
  Face 17,                                !- Name
  Door,                                   !- Sub Surface Type
  ,                                       !- Construction Name
  {84cc67f0-f724-4aa8-9179-2bd11d6708e5}, !- Surface Name
  {41a458d6-74a2-414f-aae5-6f65a1d3914c}, !- Outside Boundary Condition Object
  ,                                       !- View Factor to Ground
  ,                                       !- Frame and Divider Name
  ,                                       !- Multiplier
  ,                                       !- Number of Vertices
  11.2, 0, 2.033016,                      !- X,Y,Z Vertex 1 {m}
  11.2, 0, 0,                             !- X,Y,Z Vertex 2 {m}
  12.8, 0, 0,                             !- X,Y,Z Vertex 3 {m}
  12.8, 0, 2.033016;                      !- X,Y,Z Vertex 4 {m}

OS:Surface,
  {2e13f6f9-11f8-44b8-9bb3-50384413d0f4}, !- Handle
  Face 10,                                !- Name
  RoofCeiling,                            !- Surface Type
  ,                                       !- Construction Name
  {ba75c511-818f-499f-a4eb-a80103f71033}, !- Space Name
  Outdoors,                               !- Outside Boundary Condition
  ,                                       !- Outside Boundary Condition Object
  SunExposed,                             !- Sun Exposure
  WindExposed,                            !- Wind Exposure
  ,                                       !- View Factor to Ground
  ,                                       !- Number of Vertices
  18, 0, 2.4384,                          !- X,Y,Z Vertex 1 {m}
  18, 5, 2.4384,                          !- X,Y,Z Vertex 2 {m}
  16, 5, 2.4384,                          !- X,Y,Z Vertex 3 {m}
  9, 5, 2.4384,                           !- X,Y,Z Vertex 4 {m}
  9, 0, 2.4384;                           !- X,Y,Z Vertex 5 {m}

OS:Surface,
  {7713b20c-94f7-4f40-baf3-60d48427a8e8}, !- Handle
  Face 11,                                !- Name
  Wall,                                   !- Surface Type
  ,                                       !- Construction Name
  {ba75c511-818f-499f-a4eb-a80103f71033}, !- Space Name
  Surface,                                !- Outside Boundary Condition
  {096769e4-9396-4054-8868-f33c323b44ba}, !- Outside Boundary Condition Object
  NoSun,                                  !- Sun Exposure
  NoWind,                                 !- Wind Exposure
  ,                                       !- View Factor to Ground
  ,                                       !- Number of Vertices
  9, 5, 2.4384,                           !- X,Y,Z Vertex 1 {m}
  9, 5, 0,                                !- X,Y,Z Vertex 2 {m}
  9, 0, 0,                                !- X,Y,Z Vertex 3 {m}
  9, 0, 2.4384;                           !- X,Y,Z Vertex 4 {m}

OS:Surface,
  {15ac3e14-9bdf-44cf-9011-24cac1bf57c0}, !- Handle
  Face 14,                                !- Name
  Wall,                                   !- Surface Type
  ,                                       !- Construction Name
  {ba75c511-818f-499f-a4eb-a80103f71033}, !- Space Name
  Surface,                                !- Outside Boundary Condition
  {68b32b8f-bf36-4152-b3fa-0451390c3f69}, !- Outside Boundary Condition Object
  NoSun,                                  !- Sun Exposure
  NoWind,                                 !- Wind Exposure
  ,                                       !- View Factor to Ground
  ,                                       !- Number of Vertices
  18, 0, 2.4384,                          !- X,Y,Z Vertex 1 {m}
  18, 0, 0,                               !- X,Y,Z Vertex 2 {m}
  18, 5, 0,                               !- X,Y,Z Vertex 3 {m}
  18, 5, 2.4384;                          !- X,Y,Z Vertex 4 {m}

OS:Surface,
  {e80e0ccb-cb22-43f3-8e8b-0e38eaa4a47e}, !- Handle
  Face 13,                                !- Name
  Wall,                                   !- Surface Type
  ,                                       !- Construction Name
  {ba75c511-818f-499f-a4eb-a80103f71033}, !- Space Name
  Surface,                                !- Outside Boundary Condition
  {5683045a-3e74-475b-8788-ee3a43384202}, !- Outside Boundary Condition Object
  NoSun,                                  !- Sun Exposure
  NoWind,                                 !- Wind Exposure
  ,                                       !- View Factor to Ground
  ,                                       !- Number of Vertices
  18, 5, 2.4384,                          !- X,Y,Z Vertex 1 {m}
  18, 5, 0,                               !- X,Y,Z Vertex 2 {m}
  16, 5, 0,                               !- X,Y,Z Vertex 3 {m}
  16, 5, 2.4384;                          !- X,Y,Z Vertex 4 {m}

OS:Surface,
  {2285872f-4bb9-47d0-a9c7-f2f71212f8f1}, !- Handle
  Face 12,                                !- Name
  Wall,                                   !- Surface Type
  ,                                       !- Construction Name
  {ba75c511-818f-499f-a4eb-a80103f71033}, !- Space Name
  Surface,                                !- Outside Boundary Condition
  {5cb8f1c6-c343-42b6-b1f0-7f4ad604f130}, !- Outside Boundary Condition Object
  NoSun,                                  !- Sun Exposure
  NoWind,                                 !- Wind Exposure
  ,                                       !- View Factor to Ground
  ,                                       !- Number of Vertices
  16, 5, 2.4384,                          !- X,Y,Z Vertex 1 {m}
  16, 5, 0,                               !- X,Y,Z Vertex 2 {m}
  9, 5, 0,                                !- X,Y,Z Vertex 3 {m}
  9, 5, 2.4384;                           !- X,Y,Z Vertex 4 {m}

OS:Surface,
  {04a21014-8f75-438d-ad1d-46c010959998}, !- Handle
  Face 9,                                 !- Name
  Floor,                                  !- Surface Type
  ,                                       !- Construction Name
  {ba75c511-818f-499f-a4eb-a80103f71033}, !- Space Name
  Ground,                                 !- Outside Boundary Condition
  ,                                       !- Outside Boundary Condition Object
  NoSun,                                  !- Sun Exposure
  NoWind,                                 !- Wind Exposure
  ,                                       !- View Factor to Ground
  ,                                       !- Number of Vertices
  9, 0, 0,                                !- X,Y,Z Vertex 1 {m}
  9, 5, 0,                                !- X,Y,Z Vertex 2 {m}
  16, 5, 0,                               !- X,Y,Z Vertex 3 {m}
  18, 5, 0,                               !- X,Y,Z Vertex 4 {m}
  18, 0, 0;                               !- X,Y,Z Vertex 5 {m}

OS:Surface,
  {459431fe-af2b-42f0-8e82-91bfc97c4220}, !- Handle
  Face 474,                               !- Name
  Wall,                                   !- Surface Type
  ,                                       !- Construction Name
  {e110b6ce-c258-486f-90b4-21d4394d6308}, !- Space Name
  Surface,                                !- Outside Boundary Condition
  {d8e37c22-1179-437d-bf0d-f2036550671c}, !- Outside Boundary Condition Object
  NoSun,                                  !- Sun Exposure
  NoWind,                                 !- Wind Exposure
  ,                                       !- View Factor to Ground
  ,                                       !- Number of Vertices
  16, -11, 2.4384,                        !- X,Y,Z Vertex 1 {m}
  16, -11, 0,                             !- X,Y,Z Vertex 2 {m}
  13, -11, 0,                             !- X,Y,Z Vertex 3 {m}
  13, -11, 2.4384;                        !- X,Y,Z Vertex 4 {m}

OS:Surface,
  {2337ed61-b9cb-4c3f-be6d-3707652a3f2d}, !- Handle
  Face 470,                               !- Name
  Wall,                                   !- Surface Type
  ,                                       !- Construction Name
  {e110b6ce-c258-486f-90b4-21d4394d6308}, !- Space Name
  Surface,                                !- Outside Boundary Condition
  {ed7d89d8-a304-473a-9f81-dd816b64ffcb}, !- Outside Boundary Condition Object
  NoSun,                                  !- Sun Exposure
  NoWind,                                 !- Wind Exposure
  ,                                       !- View Factor to Ground
  ,                                       !- Number of Vertices
  16, -14, 2.4384,                        !- X,Y,Z Vertex 1 {m}
  16, -14, 0,                             !- X,Y,Z Vertex 2 {m}
  16, -11, 0,                             !- X,Y,Z Vertex 3 {m}
  16, -11, 2.4384;                        !- X,Y,Z Vertex 4 {m}

OS:Surface,
  {d7f2257b-b727-4b1c-9206-7473e42e18e9}, !- Handle
  Face 472,                               !- Name
  Wall,                                   !- Surface Type
  ,                                       !- Construction Name
  {e110b6ce-c258-486f-90b4-21d4394d6308}, !- Space Name
  Surface,                                !- Outside Boundary Condition
  {622442ec-d8d0-46c0-b3e2-2fc608a95e1a}, !- Outside Boundary Condition Object
  NoSun,                                  !- Sun Exposure
  NoWind,                                 !- Wind Exposure
  ,                                       !- View Factor to Ground
  ,                                       !- Number of Vertices
  13, -14, 2.4384,                        !- X,Y,Z Vertex 1 {m}
  13, -11, 2.4384,                        !- X,Y,Z Vertex 2 {m}
  13, -11, 0,                             !- X,Y,Z Vertex 3 {m}
  13, -14, 0;                             !- X,Y,Z Vertex 4 {m}

OS:SubSurface,
  {1e446999-7285-4e6b-8d66-a995f8b96860}, !- Handle
  Face 473,                               !- Name
  Door,                                   !- Sub Surface Type
  ,                                       !- Construction Name
  {d7f2257b-b727-4b1c-9206-7473e42e18e9}, !- Surface Name
  {19b75813-982a-4845-b3bd-43de205d31f3}, !- Outside Boundary Condition Object
  ,                                       !- View Factor to Ground
  ,                                       !- Frame and Divider Name
  ,                                       !- Multiplier
  ,                                       !- Number of Vertices
  13, -12.5, 2.033016,                    !- X,Y,Z Vertex 1 {m}
  13, -12.5, 0,                           !- X,Y,Z Vertex 2 {m}
  13, -13.5, 0,                           !- X,Y,Z Vertex 3 {m}
  13, -13.5, 2.033016;                    !- X,Y,Z Vertex 4 {m}

OS:Surface,
  {ffd65401-0dbf-4feb-aed6-39123a556064}, !- Handle
  Face 469,                               !- Name
  RoofCeiling,                            !- Surface Type
  ,                                       !- Construction Name
  {e110b6ce-c258-486f-90b4-21d4394d6308}, !- Space Name
  Outdoors,                               !- Outside Boundary Condition
  ,                                       !- Outside Boundary Condition Object
  SunExposed,                             !- Sun Exposure
  WindExposed,                            !- Wind Exposure
  ,                                       !- View Factor to Ground
  ,                                       !- Number of Vertices
  13, -11, 2.4384,                        !- X,Y,Z Vertex 1 {m}
  13, -14, 2.4384,                        !- X,Y,Z Vertex 2 {m}
  16, -14, 2.4384,                        !- X,Y,Z Vertex 3 {m}
  16, -11, 2.4384;                        !- X,Y,Z Vertex 4 {m}

OS:Surface,
  {5f29120a-da63-4419-89da-b6beced10c67}, !- Handle
  Face 471,                               !- Name
  Wall,                                   !- Surface Type
  ,                                       !- Construction Name
  {e110b6ce-c258-486f-90b4-21d4394d6308}, !- Space Name
  Surface,                                !- Outside Boundary Condition
  {691237d7-86ac-46fa-a91d-9a22f18af3f5}, !- Outside Boundary Condition Object
  NoSun,                                  !- Sun Exposure
  NoWind,                                 !- Wind Exposure
  ,                                       !- View Factor to Ground
  ,                                       !- Number of Vertices
  13, -14, 2.4384,                        !- X,Y,Z Vertex 1 {m}
  13, -14, 0,                             !- X,Y,Z Vertex 2 {m}
  16, -14, 0,                             !- X,Y,Z Vertex 3 {m}
  16, -14, 2.4384;                        !- X,Y,Z Vertex 4 {m}

OS:Surface,
  {3300157f-35b0-46f9-b1e1-ba10ca9eb8d2}, !- Handle
  Face 468,                               !- Name
  Floor,                                  !- Surface Type
  ,                                       !- Construction Name
  {e110b6ce-c258-486f-90b4-21d4394d6308}, !- Space Name
  Ground,                                 !- Outside Boundary Condition
  ,                                       !- Outside Boundary Condition Object
  NoSun,                                  !- Sun Exposure
  NoWind,                                 !- Wind Exposure
  ,                                       !- View Factor to Ground
  ,                                       !- Number of Vertices
  16, -11, 0,                             !- X,Y,Z Vertex 1 {m}
  16, -14, 0,                             !- X,Y,Z Vertex 2 {m}
  13, -14, 0,                             !- X,Y,Z Vertex 3 {m}
  13, -11, 0;                             !- X,Y,Z Vertex 4 {m}

OS:Surface,
  {3d43399e-8b66-481b-aea2-79560ffa117c}, !- Handle
  Face 39,                                !- Name
  Wall,                                   !- Surface Type
  ,                                       !- Construction Name
  {d9aa31d0-69c1-4d44-ba89-f891040b9df6}, !- Space Name
  Surface,                                !- Outside Boundary Condition
  {90d13ce2-9e05-42f3-9f83-51929daddd73}, !- Outside Boundary Condition Object
  NoSun,                                  !- Sun Exposure
  NoWind,                                 !- Wind Exposure
  ,                                       !- View Factor to Ground
  ,                                       !- Number of Vertices
  -2, 0, 2.4384,                          !- X,Y,Z Vertex 1 {m}
  -2, 0, 0,                               !- X,Y,Z Vertex 2 {m}
  -2, 5, 0,                               !- X,Y,Z Vertex 3 {m}
  -2, 5, 2.4384;                          !- X,Y,Z Vertex 4 {m}

OS:Surface,
  {1e4018fb-3ef9-49db-82d7-d6acb1e3265e}, !- Handle
  Face 40,                                !- Name
  Wall,                                   !- Surface Type
  ,                                       !- Construction Name
  {d9aa31d0-69c1-4d44-ba89-f891040b9df6}, !- Space Name
  Surface,                                !- Outside Boundary Condition
  {fb858de8-dd32-4e18-aaeb-d7b183bda9f6}, !- Outside Boundary Condition Object
  NoSun,                                  !- Sun Exposure
  NoWind,                                 !- Wind Exposure
  ,                                       !- View Factor to Ground
  ,                                       !- Number of Vertices
  -2, 0, 2.4384,                          !- X,Y,Z Vertex 1 {m}
  -7, 0, 2.4384,                          !- X,Y,Z Vertex 2 {m}
  -7, 0, 0,                               !- X,Y,Z Vertex 3 {m}
  -2, 0, 0;                               !- X,Y,Z Vertex 4 {m}

OS:SubSurface,
  {e2cdc7a8-dbcd-41b3-bc01-ba858e223283}, !- Handle
  Face 41,                                !- Name
  Door,                                   !- Sub Surface Type
  ,                                       !- Construction Name
  {1e4018fb-3ef9-49db-82d7-d6acb1e3265e}, !- Surface Name
  {75782564-a129-4abe-89ae-3dd767430a91}, !- Outside Boundary Condition Object
  ,                                       !- View Factor to Ground
  ,                                       !- Frame and Divider Name
  ,                                       !- Multiplier
  ,                                       !- Number of Vertices
  -5.8, 0, 2.033016,                      !- X,Y,Z Vertex 1 {m}
  -5.8, 0, 0,                             !- X,Y,Z Vertex 2 {m}
  -4.2, 0, 0,                             !- X,Y,Z Vertex 3 {m}
  -4.2, 0, 2.033016;                      !- X,Y,Z Vertex 4 {m}

OS:Surface,
  {9a3310c4-2ca5-40b1-9a2c-9b895efc6599}, !- Handle
  Face 42,                                !- Name
  Wall,                                   !- Surface Type
  ,                                       !- Construction Name
  {d9aa31d0-69c1-4d44-ba89-f891040b9df6}, !- Space Name
  Surface,                                !- Outside Boundary Condition
  {49566d30-b3a5-4980-9e6f-509cb4da93fc}, !- Outside Boundary Condition Object
  NoSun,                                  !- Sun Exposure
  NoWind,                                 !- Wind Exposure
  ,                                       !- View Factor to Ground
  ,                                       !- Number of Vertices
  -7, 5, 2.4384,                          !- X,Y,Z Vertex 1 {m}
  -7, 5, 0,                               !- X,Y,Z Vertex 2 {m}
  -7, 0, 0,                               !- X,Y,Z Vertex 3 {m}
  -7, 0, 2.4384;                          !- X,Y,Z Vertex 4 {m}

OS:Surface,
  {a76cc408-0d23-4f91-816f-4c3b8e930952}, !- Handle
  Face 44,                                !- Name
  Wall,                                   !- Surface Type
  ,                                       !- Construction Name
  {d9aa31d0-69c1-4d44-ba89-f891040b9df6}, !- Space Name
  Surface,                                !- Outside Boundary Condition
  {a8fbf654-bbf3-40c6-896d-9e6120cda0df}, !- Outside Boundary Condition Object
  NoSun,                                  !- Sun Exposure
  NoWind,                                 !- Wind Exposure
  ,                                       !- View Factor to Ground
  ,                                       !- Number of Vertices
  -2, 5, 2.4384,                          !- X,Y,Z Vertex 1 {m}
  -2, 5, 0,                               !- X,Y,Z Vertex 2 {m}
  -5, 5, 0,                               !- X,Y,Z Vertex 3 {m}
  -5, 5, 2.4384;                          !- X,Y,Z Vertex 4 {m}

OS:Surface,
  {6d483d6d-650b-475a-a5c7-f779deb7e64c}, !- Handle
  Face 43,                                !- Name
  Wall,                                   !- Surface Type
  ,                                       !- Construction Name
  {d9aa31d0-69c1-4d44-ba89-f891040b9df6}, !- Space Name
  Surface,                                !- Outside Boundary Condition
  {aeb16e59-f3b5-496a-8cfd-a48e238af79f}, !- Outside Boundary Condition Object
  NoSun,                                  !- Sun Exposure
  NoWind,                                 !- Wind Exposure
  ,                                       !- View Factor to Ground
  ,                                       !- Number of Vertices
  -5, 5, 2.4384,                          !- X,Y,Z Vertex 1 {m}
  -5, 5, 0,                               !- X,Y,Z Vertex 2 {m}
  -7, 5, 0,                               !- X,Y,Z Vertex 3 {m}
  -7, 5, 2.4384;                          !- X,Y,Z Vertex 4 {m}

OS:Surface,
  {cea0fd11-8d9f-4ae2-99ce-371577665e3b}, !- Handle
  Face 37,                                !- Name
  Floor,                                  !- Surface Type
  ,                                       !- Construction Name
  {d9aa31d0-69c1-4d44-ba89-f891040b9df6}, !- Space Name
  Ground,                                 !- Outside Boundary Condition
  ,                                       !- Outside Boundary Condition Object
  NoSun,                                  !- Sun Exposure
  NoWind,                                 !- Wind Exposure
  ,                                       !- View Factor to Ground
  ,                                       !- Number of Vertices
  -2, 5, 0,                               !- X,Y,Z Vertex 1 {m}
  -2, 0, 0,                               !- X,Y,Z Vertex 2 {m}
  -7, 0, 0,                               !- X,Y,Z Vertex 3 {m}
  -7, 5, 0,                               !- X,Y,Z Vertex 4 {m}
  -5, 5, 0;                               !- X,Y,Z Vertex 5 {m}

OS:Surface,
  {997a6a70-8b8a-4e6f-9179-bfe7193095c4}, !- Handle
  Face 38,                                !- Name
  RoofCeiling,                            !- Surface Type
  ,                                       !- Construction Name
  {d9aa31d0-69c1-4d44-ba89-f891040b9df6}, !- Space Name
  Outdoors,                               !- Outside Boundary Condition
  ,                                       !- Outside Boundary Condition Object
  SunExposed,                             !- Sun Exposure
  WindExposed,                            !- Wind Exposure
  ,                                       !- View Factor to Ground
  ,                                       !- Number of Vertices
  -5, 5, 2.4384,                          !- X,Y,Z Vertex 1 {m}
  -7, 5, 2.4384,                          !- X,Y,Z Vertex 2 {m}
  -7, 0, 2.4384,                          !- X,Y,Z Vertex 3 {m}
  -2, 0, 2.4384,                          !- X,Y,Z Vertex 4 {m}
  -2, 5, 2.4384;                          !- X,Y,Z Vertex 5 {m}

OS:Surface,
  {450efd28-a056-4962-a568-04ee3cda5e0a}, !- Handle
  Face 88,                                !- Name
  Floor,                                  !- Surface Type
  ,                                       !- Construction Name
  {7310911b-f165-4d70-830e-270f44ef16a9}, !- Space Name
  Ground,                                 !- Outside Boundary Condition
  ,                                       !- Outside Boundary Condition Object
  NoSun,                                  !- Sun Exposure
  NoWind,                                 !- Wind Exposure
  ,                                       !- View Factor to Ground
  ,                                       !- Number of Vertices
  -10, 11, 0,                             !- X,Y,Z Vertex 1 {m}
  -10, 7, 0,                              !- X,Y,Z Vertex 2 {m}
  -12, 7, 0,                              !- X,Y,Z Vertex 3 {m}
  -12, 11, 0;                             !- X,Y,Z Vertex 4 {m}

OS:Surface,
  {c1266fea-444e-4094-ae27-509aff89df14}, !- Handle
  Face 89,                                !- Name
  RoofCeiling,                            !- Surface Type
  ,                                       !- Construction Name
  {7310911b-f165-4d70-830e-270f44ef16a9}, !- Space Name
  Outdoors,                               !- Outside Boundary Condition
  ,                                       !- Outside Boundary Condition Object
  SunExposed,                             !- Sun Exposure
  WindExposed,                            !- Wind Exposure
  ,                                       !- View Factor to Ground
  ,                                       !- Number of Vertices
  -12, 11, 2.4384,                        !- X,Y,Z Vertex 1 {m}
  -12, 7, 2.4384,                         !- X,Y,Z Vertex 2 {m}
  -10, 7, 2.4384,                         !- X,Y,Z Vertex 3 {m}
  -10, 11, 2.4384;                        !- X,Y,Z Vertex 4 {m}

OS:Surface,
  {7805ded2-e35e-4344-93a4-539a4aaf1e7e}, !- Handle
  Face 90,                                !- Name
  Wall,                                   !- Surface Type
  ,                                       !- Construction Name
  {7310911b-f165-4d70-830e-270f44ef16a9}, !- Space Name
  Surface,                                !- Outside Boundary Condition
  {c8e00382-1bf8-4c0f-99ab-d00692f7ddeb}, !- Outside Boundary Condition Object
  NoSun,                                  !- Sun Exposure
  NoWind,                                 !- Wind Exposure
  ,                                       !- View Factor to Ground
  ,                                       !- Number of Vertices
  -10, 7, 2.4384,                         !- X,Y,Z Vertex 1 {m}
  -10, 7, 0,                              !- X,Y,Z Vertex 2 {m}
  -10, 11, 0,                             !- X,Y,Z Vertex 3 {m}
  -10, 11, 2.4384;                        !- X,Y,Z Vertex 4 {m}

OS:Surface,
  {64d9cd63-24da-4ada-9760-bb7a8e4329cf}, !- Handle
  Face 91,                                !- Name
  Wall,                                   !- Surface Type
  ,                                       !- Construction Name
  {7310911b-f165-4d70-830e-270f44ef16a9}, !- Space Name
  Surface,                                !- Outside Boundary Condition
  {d5b83766-d6eb-4fd6-ab8f-53e2e8034e57}, !- Outside Boundary Condition Object
  NoSun,                                  !- Sun Exposure
  NoWind,                                 !- Wind Exposure
  ,                                       !- View Factor to Ground
  ,                                       !- Number of Vertices
  -10, 7, 2.4384,                         !- X,Y,Z Vertex 1 {m}
  -12, 7, 2.4384,                         !- X,Y,Z Vertex 2 {m}
  -12, 7, 0,                              !- X,Y,Z Vertex 3 {m}
  -10, 7, 0;                              !- X,Y,Z Vertex 4 {m}

OS:SubSurface,
  {e3e7a038-3c73-468f-bd49-2eac865a9187}, !- Handle
  Face 92,                                !- Name
  Door,                                   !- Sub Surface Type
  ,                                       !- Construction Name
  {64d9cd63-24da-4ada-9760-bb7a8e4329cf}, !- Surface Name
  {53936bc9-1f82-4176-aa54-3e8675836279}, !- Outside Boundary Condition Object
  ,                                       !- View Factor to Ground
  ,                                       !- Frame and Divider Name
  ,                                       !- Multiplier
  ,                                       !- Number of Vertices
  -11.5, 7, 2.033016,                     !- X,Y,Z Vertex 1 {m}
  -11.5, 7, 0,                            !- X,Y,Z Vertex 2 {m}
  -10.5, 7, 0,                            !- X,Y,Z Vertex 3 {m}
  -10.5, 7, 2.033016;                     !- X,Y,Z Vertex 4 {m}

OS:Surface,
  {ca9185b8-0e8c-4367-9a8e-d378c0ebe876}, !- Handle
  Face 93,                                !- Name
  Wall,                                   !- Surface Type
  ,                                       !- Construction Name
  {7310911b-f165-4d70-830e-270f44ef16a9}, !- Space Name
  Surface,                                !- Outside Boundary Condition
  {76419b51-08ca-4a98-8eef-b13943bed96a}, !- Outside Boundary Condition Object
  NoSun,                                  !- Sun Exposure
  NoWind,                                 !- Wind Exposure
  ,                                       !- View Factor to Ground
  ,                                       !- Number of Vertices
  -12, 11, 2.4384,                        !- X,Y,Z Vertex 1 {m}
  -12, 11, 0,                             !- X,Y,Z Vertex 2 {m}
  -12, 7, 0,                              !- X,Y,Z Vertex 3 {m}
  -12, 7, 2.4384;                         !- X,Y,Z Vertex 4 {m}

OS:Surface,
  {b655e8d4-129f-4842-a9b0-0d9e03189bf2}, !- Handle
  Face 94,                                !- Name
  Wall,                                   !- Surface Type
  ,                                       !- Construction Name
  {7310911b-f165-4d70-830e-270f44ef16a9}, !- Space Name
  Surface,                                !- Outside Boundary Condition
  {78d3a726-5d55-47f5-b72e-fcc3a332802f}, !- Outside Boundary Condition Object
  NoSun,                                  !- Sun Exposure
  NoWind,                                 !- Wind Exposure
  ,                                       !- View Factor to Ground
  ,                                       !- Number of Vertices
  -12, 11, 2.4384,                        !- X,Y,Z Vertex 1 {m}
  -10, 11, 2.4384,                        !- X,Y,Z Vertex 2 {m}
  -10, 11, 0,                             !- X,Y,Z Vertex 3 {m}
  -12, 11, 0;                             !- X,Y,Z Vertex 4 {m}

OS:SubSurface,
  {87be9dfe-2258-4b6a-b1f1-e34ea0acd0b8}, !- Handle
  Face 95,                                !- Name
  Door,                                   !- Sub Surface Type
  ,                                       !- Construction Name
  {b655e8d4-129f-4842-a9b0-0d9e03189bf2}, !- Surface Name
  {b20bb862-09e3-4d9f-b78e-76766259a62f}, !- Outside Boundary Condition Object
  ,                                       !- View Factor to Ground
  ,                                       !- Frame and Divider Name
  ,                                       !- Multiplier
  ,                                       !- Number of Vertices
  -10.5, 11, 2.033016,                    !- X,Y,Z Vertex 1 {m}
  -10.5, 11, 0,                           !- X,Y,Z Vertex 2 {m}
  -11.5, 11, 0,                           !- X,Y,Z Vertex 3 {m}
  -11.5, 11, 2.033016;                    !- X,Y,Z Vertex 4 {m}

OS:Surface,
  {fd7f5cc7-97a5-468a-9290-4627b24ff2b7}, !- Handle
  Face 223,                               !- Name
  Floor,                                  !- Surface Type
  ,                                       !- Construction Name
  {659b8d9b-c62b-49af-8812-5b43a08c10e5}, !- Space Name
  Ground,                                 !- Outside Boundary Condition
  ,                                       !- Outside Boundary Condition Object
  NoSun,                                  !- Sun Exposure
  NoWind,                                 !- Wind Exposure
  ,                                       !- View Factor to Ground
  ,                                       !- Number of Vertices
  12, 19, 0,                              !- X,Y,Z Vertex 1 {m}
  12, 14, 0,                              !- X,Y,Z Vertex 2 {m}
  9, 14, 0,                               !- X,Y,Z Vertex 3 {m}
  9, 19, 0;                               !- X,Y,Z Vertex 4 {m}

OS:Surface,
  {0efc71bc-2ae7-4e82-b4d4-e15f7562ccbd}, !- Handle
  Face 225,                               !- Name
  Wall,                                   !- Surface Type
  ,                                       !- Construction Name
  {659b8d9b-c62b-49af-8812-5b43a08c10e5}, !- Space Name
  Surface,                                !- Outside Boundary Condition
  {c871a148-5930-4492-8f30-81698462cb1c}, !- Outside Boundary Condition Object
  NoSun,                                  !- Sun Exposure
  NoWind,                                 !- Wind Exposure
  ,                                       !- View Factor to Ground
  ,                                       !- Number of Vertices
  12, 14, 2.4384,                         !- X,Y,Z Vertex 1 {m}
  12, 14, 0,                              !- X,Y,Z Vertex 2 {m}
  12, 19, 0,                              !- X,Y,Z Vertex 3 {m}
  12, 19, 2.4384;                         !- X,Y,Z Vertex 4 {m}

OS:Surface,
  {c41eb2a6-aba8-4197-9119-121da7b9e699}, !- Handle
  Face 224,                               !- Name
  RoofCeiling,                            !- Surface Type
  ,                                       !- Construction Name
  {659b8d9b-c62b-49af-8812-5b43a08c10e5}, !- Space Name
  Outdoors,                               !- Outside Boundary Condition
  ,                                       !- Outside Boundary Condition Object
  SunExposed,                             !- Sun Exposure
  WindExposed,                            !- Wind Exposure
  ,                                       !- View Factor to Ground
  ,                                       !- Number of Vertices
  9, 19, 2.4384,                          !- X,Y,Z Vertex 1 {m}
  9, 14, 2.4384,                          !- X,Y,Z Vertex 2 {m}
  12, 14, 2.4384,                         !- X,Y,Z Vertex 3 {m}
  12, 19, 2.4384;                         !- X,Y,Z Vertex 4 {m}

OS:Surface,
  {e81cd959-e361-47ac-931e-fae96392c0ac}, !- Handle
  Face 226,                               !- Name
  Wall,                                   !- Surface Type
  ,                                       !- Construction Name
  {659b8d9b-c62b-49af-8812-5b43a08c10e5}, !- Space Name
  Surface,                                !- Outside Boundary Condition
  {c53bdeef-718e-4ed6-b87d-4668309aec5a}, !- Outside Boundary Condition Object
  NoSun,                                  !- Sun Exposure
  NoWind,                                 !- Wind Exposure
  ,                                       !- View Factor to Ground
  ,                                       !- Number of Vertices
  9, 14, 2.4384,                          !- X,Y,Z Vertex 1 {m}
  9, 14, 0,                               !- X,Y,Z Vertex 2 {m}
  12, 14, 0,                              !- X,Y,Z Vertex 3 {m}
  12, 14, 2.4384;                         !- X,Y,Z Vertex 4 {m}

OS:Surface,
  {f9321d45-89b8-4149-b3c2-20c2a7b9504e}, !- Handle
  Face 227,                               !- Name
  Wall,                                   !- Surface Type
  ,                                       !- Construction Name
  {659b8d9b-c62b-49af-8812-5b43a08c10e5}, !- Space Name
  Surface,                                !- Outside Boundary Condition
  {7c03896e-43d6-492d-adec-b012f05fd1c9}, !- Outside Boundary Condition Object
  NoSun,                                  !- Sun Exposure
  NoWind,                                 !- Wind Exposure
  ,                                       !- View Factor to Ground
  ,                                       !- Number of Vertices
  9, 19, 2.4384,                          !- X,Y,Z Vertex 1 {m}
  9, 19, 0,                               !- X,Y,Z Vertex 2 {m}
  9, 14, 0,                               !- X,Y,Z Vertex 3 {m}
  9, 14, 2.4384;                          !- X,Y,Z Vertex 4 {m}

OS:Surface,
  {18671f1f-8e02-4f48-9a94-d887ceef421f}, !- Handle
  Face 228,                               !- Name
  Wall,                                   !- Surface Type
  ,                                       !- Construction Name
  {659b8d9b-c62b-49af-8812-5b43a08c10e5}, !- Space Name
  Surface,                                !- Outside Boundary Condition
  {5e0fbb3f-293e-45b8-aa41-a5a014612258}, !- Outside Boundary Condition Object
  NoSun,                                  !- Sun Exposure
  NoWind,                                 !- Wind Exposure
  ,                                       !- View Factor to Ground
  ,                                       !- Number of Vertices
  9, 19, 2.4384,                          !- X,Y,Z Vertex 1 {m}
  12, 19, 2.4384,                         !- X,Y,Z Vertex 2 {m}
  12, 19, 0,                              !- X,Y,Z Vertex 3 {m}
  9, 19, 0;                               !- X,Y,Z Vertex 4 {m}

OS:SubSurface,
  {fc55ec76-3d31-42d9-920e-5640d1b4377d}, !- Handle
  Face 229,                               !- Name
  Door,                                   !- Sub Surface Type
  ,                                       !- Construction Name
  {18671f1f-8e02-4f48-9a94-d887ceef421f}, !- Surface Name
  {786ae22a-04c7-4df9-be39-261bbbea2dfc}, !- Outside Boundary Condition Object
  ,                                       !- View Factor to Ground
  ,                                       !- Frame and Divider Name
  ,                                       !- Multiplier
  ,                                       !- Number of Vertices
  10.5, 19, 2.033016,                     !- X,Y,Z Vertex 1 {m}
  10.5, 19, 0,                            !- X,Y,Z Vertex 2 {m}
  9.5, 19, 0,                             !- X,Y,Z Vertex 3 {m}
  9.5, 19, 2.033016;                      !- X,Y,Z Vertex 4 {m}

OS:Surface,
  {0af12046-0478-4a2d-9868-8804041bfe99}, !- Handle
  Face 466,                               !- Name
  Wall,                                   !- Surface Type
  ,                                       !- Construction Name
  {e12d323a-53b6-4b76-b03e-4a1420944b3f}, !- Space Name
  Surface,                                !- Outside Boundary Condition
  {4cf40cfb-fab5-4168-8659-b9be94ddc656}, !- Outside Boundary Condition Object
  NoSun,                                  !- Sun Exposure
  NoWind,                                 !- Wind Exposure
  ,                                       !- View Factor to Ground
  ,                                       !- Number of Vertices
  33, -4, 2.4384,                         !- X,Y,Z Vertex 1 {m}
  33, -4, 0,                              !- X,Y,Z Vertex 2 {m}
  21, -4, 0,                              !- X,Y,Z Vertex 3 {m}
  21, -4, 2.4384;                         !- X,Y,Z Vertex 4 {m}

OS:Surface,
  {ed7d89d8-a304-473a-9f81-dd816b64ffcb}, !- Handle
  Face 463,                               !- Name
  Wall,                                   !- Surface Type
  ,                                       !- Construction Name
  {e12d323a-53b6-4b76-b03e-4a1420944b3f}, !- Space Name
  Surface,                                !- Outside Boundary Condition
  {2337ed61-b9cb-4c3f-be6d-3707652a3f2d}, !- Outside Boundary Condition Object
  NoSun,                                  !- Sun Exposure
  NoWind,                                 !- Wind Exposure
  ,                                       !- View Factor to Ground
  ,                                       !- Number of Vertices
  16, -11, 2.4384,                        !- X,Y,Z Vertex 1 {m}
  16, -11, 0,                             !- X,Y,Z Vertex 2 {m}
  16, -14, 0,                             !- X,Y,Z Vertex 3 {m}
  16, -14, 2.4384;                        !- X,Y,Z Vertex 4 {m}

OS:Surface,
  {147cf2ed-b9ff-420a-a177-b5115d6b665d}, !- Handle
  Face 459,                               !- Name
  Wall,                                   !- Surface Type
  ,                                       !- Construction Name
  {e12d323a-53b6-4b76-b03e-4a1420944b3f}, !- Space Name
  Surface,                                !- Outside Boundary Condition
  {bdefaaec-5ba7-4629-9b0d-d5019a0bc4df}, !- Outside Boundary Condition Object
  NoSun,                                  !- Sun Exposure
  NoWind,                                 !- Wind Exposure
  ,                                       !- View Factor to Ground
  ,                                       !- Number of Vertices
  35, -14, 2.4384,                        !- X,Y,Z Vertex 1 {m}
  16, -14, 2.4384,                        !- X,Y,Z Vertex 2 {m}
  16, -14, 0,                             !- X,Y,Z Vertex 3 {m}
  35, -14, 0;                             !- X,Y,Z Vertex 4 {m}

OS:SubSurface,
  {12397a22-eb06-4758-8870-6dd7a62ec1bb}, !- Handle
  Face 460,                               !- Name
  Door,                                   !- Sub Surface Type
  ,                                       !- Construction Name
  {147cf2ed-b9ff-420a-a177-b5115d6b665d}, !- Surface Name
  {e55746ae-e8ac-4e33-abc2-373261c55c88}, !- Outside Boundary Condition Object
  ,                                       !- View Factor to Ground
  ,                                       !- Frame and Divider Name
  ,                                       !- Multiplier
  ,                                       !- Number of Vertices
  16.5, -14, 2.033016,                    !- X,Y,Z Vertex 1 {m}
  16.5, -14, 0,                           !- X,Y,Z Vertex 2 {m}
  17.5, -14, 0,                           !- X,Y,Z Vertex 3 {m}
  17.5, -14, 2.033016;                    !- X,Y,Z Vertex 4 {m}

OS:SubSurface,
  {7fcb32c5-629c-47e2-bfa2-b21663a20d24}, !- Handle
  Face 462,                               !- Name
  Door,                                   !- Sub Surface Type
  ,                                       !- Construction Name
  {147cf2ed-b9ff-420a-a177-b5115d6b665d}, !- Surface Name
  {6a4227f7-2fb5-4830-ba67-285c3410ef5e}, !- Outside Boundary Condition Object
  ,                                       !- View Factor to Ground
  ,                                       !- Frame and Divider Name
  ,                                       !- Multiplier
  ,                                       !- Number of Vertices
  29.5, -14, 2.033016,                    !- X,Y,Z Vertex 1 {m}
  29.5, -14, 0,                           !- X,Y,Z Vertex 2 {m}
  30.5, -14, 0,                           !- X,Y,Z Vertex 3 {m}
  30.5, -14, 2.033016;                    !- X,Y,Z Vertex 4 {m}

OS:SubSurface,
  {fa5b4805-7613-4c04-b861-ca60698c9f1c}, !- Handle
  Face 461,                               !- Name
  Door,                                   !- Sub Surface Type
  ,                                       !- Construction Name
  {147cf2ed-b9ff-420a-a177-b5115d6b665d}, !- Surface Name
  {83fc4cd4-d2ce-4571-831e-b2e79af23da4}, !- Outside Boundary Condition Object
  ,                                       !- View Factor to Ground
  ,                                       !- Frame and Divider Name
  ,                                       !- Multiplier
  ,                                       !- Number of Vertices
  23.5, -14, 2.033016,                    !- X,Y,Z Vertex 1 {m}
  23.5, -14, 0,                           !- X,Y,Z Vertex 2 {m}
  24.5, -14, 0,                           !- X,Y,Z Vertex 3 {m}
  24.5, -14, 2.033016;                    !- X,Y,Z Vertex 4 {m}

OS:Surface,
  {82f3345a-4f2c-429f-915f-9e998a1f19eb}, !- Handle
  Face 457,                               !- Name
  RoofCeiling,                            !- Surface Type
  ,                                       !- Construction Name
  {e12d323a-53b6-4b76-b03e-4a1420944b3f}, !- Space Name
  Outdoors,                               !- Outside Boundary Condition
  ,                                       !- Outside Boundary Condition Object
  SunExposed,                             !- Sun Exposure
  WindExposed,                            !- Wind Exposure
  ,                                       !- View Factor to Ground
  ,                                       !- Number of Vertices
  33, -4, 2.4384,                         !- X,Y,Z Vertex 1 {m}
  21, -4, 2.4384,                         !- X,Y,Z Vertex 2 {m}
  16, -4, 2.4384,                         !- X,Y,Z Vertex 3 {m}
  16, -11, 2.4384,                        !- X,Y,Z Vertex 4 {m}
  16, -14, 2.4384,                        !- X,Y,Z Vertex 5 {m}
  35, -14, 2.4384,                        !- X,Y,Z Vertex 6 {m}
  35, -4, 2.4384;                         !- X,Y,Z Vertex 7 {m}

OS:Surface,
  {99684b33-112e-4ca9-a306-6ad1117c9cad}, !- Handle
  Face 458,                               !- Name
  Wall,                                   !- Surface Type
  ,                                       !- Construction Name
  {e12d323a-53b6-4b76-b03e-4a1420944b3f}, !- Space Name
  Surface,                                !- Outside Boundary Condition
  {1ded543a-11d4-4396-9d14-109e63df3f35}, !- Outside Boundary Condition Object
  NoSun,                                  !- Sun Exposure
  NoWind,                                 !- Wind Exposure
  ,                                       !- View Factor to Ground
  ,                                       !- Number of Vertices
  35, -14, 2.4384,                        !- X,Y,Z Vertex 1 {m}
  35, -14, 0,                             !- X,Y,Z Vertex 2 {m}
  35, -4, 0,                              !- X,Y,Z Vertex 3 {m}
  35, -4, 2.4384;                         !- X,Y,Z Vertex 4 {m}

OS:Surface,
  {5ba7d4b5-a21a-4fba-af4f-0cb37fe0bafc}, !- Handle
  Face 464,                               !- Name
  Wall,                                   !- Surface Type
  ,                                       !- Construction Name
  {e12d323a-53b6-4b76-b03e-4a1420944b3f}, !- Space Name
  Surface,                                !- Outside Boundary Condition
  {152c8846-4fc8-418f-99b9-06b2a31fb60f}, !- Outside Boundary Condition Object
  NoSun,                                  !- Sun Exposure
  NoWind,                                 !- Wind Exposure
  ,                                       !- View Factor to Ground
  ,                                       !- Number of Vertices
  16, -4, 2.4384,                         !- X,Y,Z Vertex 1 {m}
  16, -4, 0,                              !- X,Y,Z Vertex 2 {m}
  16, -11, 0,                             !- X,Y,Z Vertex 3 {m}
  16, -11, 2.4384;                        !- X,Y,Z Vertex 4 {m}

OS:Surface,
  {ec3e7f64-e099-4a3c-bd72-41c0e7e93a84}, !- Handle
  Face 465,                               !- Name
  Wall,                                   !- Surface Type
  ,                                       !- Construction Name
  {e12d323a-53b6-4b76-b03e-4a1420944b3f}, !- Space Name
  Surface,                                !- Outside Boundary Condition
  {a4ea4d83-90bf-4b51-b056-19e1bfb1c11b}, !- Outside Boundary Condition Object
  NoSun,                                  !- Sun Exposure
  NoWind,                                 !- Wind Exposure
  ,                                       !- View Factor to Ground
  ,                                       !- Number of Vertices
  21, -4, 2.4384,                         !- X,Y,Z Vertex 1 {m}
  21, -4, 0,                              !- X,Y,Z Vertex 2 {m}
  16, -4, 0,                              !- X,Y,Z Vertex 3 {m}
  16, -4, 2.4384;                         !- X,Y,Z Vertex 4 {m}

OS:Surface,
  {3e515e58-a062-4feb-baaf-8f635bf07944}, !- Handle
  Face 467,                               !- Name
  Wall,                                   !- Surface Type
  ,                                       !- Construction Name
  {e12d323a-53b6-4b76-b03e-4a1420944b3f}, !- Space Name
  Surface,                                !- Outside Boundary Condition
  {7d6dcc8e-0de4-45e6-9d4b-9686539bd646}, !- Outside Boundary Condition Object
  NoSun,                                  !- Sun Exposure
  NoWind,                                 !- Wind Exposure
  ,                                       !- View Factor to Ground
  ,                                       !- Number of Vertices
  35, -4, 2.4384,                         !- X,Y,Z Vertex 1 {m}
  35, -4, 0,                              !- X,Y,Z Vertex 2 {m}
  33, -4, 0,                              !- X,Y,Z Vertex 3 {m}
  33, -4, 2.4384;                         !- X,Y,Z Vertex 4 {m}

OS:Surface,
  {65e1bee8-d99e-4bcf-aabb-ebe9205f7c64}, !- Handle
  Face 456,                               !- Name
  Floor,                                  !- Surface Type
  ,                                       !- Construction Name
  {e12d323a-53b6-4b76-b03e-4a1420944b3f}, !- Space Name
  Ground,                                 !- Outside Boundary Condition
  ,                                       !- Outside Boundary Condition Object
  NoSun,                                  !- Sun Exposure
  NoWind,                                 !- Wind Exposure
  ,                                       !- View Factor to Ground
  ,                                       !- Number of Vertices
  35, -4, 0,                              !- X,Y,Z Vertex 1 {m}
  35, -14, 0,                             !- X,Y,Z Vertex 2 {m}
  16, -14, 0,                             !- X,Y,Z Vertex 3 {m}
  16, -11, 0,                             !- X,Y,Z Vertex 4 {m}
  16, -4, 0,                              !- X,Y,Z Vertex 5 {m}
  21, -4, 0,                              !- X,Y,Z Vertex 6 {m}
  33, -4, 0;                              !- X,Y,Z Vertex 7 {m}

OS:Surface,
  {9de67242-4cee-4fc0-bcef-fc40661e7e37}, !- Handle
  Face 110,                               !- Name
  Floor,                                  !- Surface Type
  ,                                       !- Construction Name
  {0edeebfe-e09b-4c51-85d9-8bf1de27a5d9}, !- Space Name
  Ground,                                 !- Outside Boundary Condition
  ,                                       !- Outside Boundary Condition Object
  NoSun,                                  !- Sun Exposure
  NoWind,                                 !- Wind Exposure
  ,                                       !- View Factor to Ground
  ,                                       !- Number of Vertices
  -16, 11, 0,                             !- X,Y,Z Vertex 1 {m}
  -16, 7, 0,                              !- X,Y,Z Vertex 2 {m}
  -16, 3, 0,                              !- X,Y,Z Vertex 3 {m}
  -19, 3, 0,                              !- X,Y,Z Vertex 4 {m}
  -19, 6, 0,                              !- X,Y,Z Vertex 5 {m}
  -19, 11, 0;                             !- X,Y,Z Vertex 6 {m}

OS:Surface,
  {f4ddb481-45e8-45bb-aa5f-eceead137418}, !- Handle
  Face 111,                               !- Name
  RoofCeiling,                            !- Surface Type
  ,                                       !- Construction Name
  {0edeebfe-e09b-4c51-85d9-8bf1de27a5d9}, !- Space Name
  Outdoors,                               !- Outside Boundary Condition
  ,                                       !- Outside Boundary Condition Object
  SunExposed,                             !- Sun Exposure
  WindExposed,                            !- Wind Exposure
  ,                                       !- View Factor to Ground
  ,                                       !- Number of Vertices
  -19, 11, 2.4384,                        !- X,Y,Z Vertex 1 {m}
  -19, 6, 2.4384,                         !- X,Y,Z Vertex 2 {m}
  -19, 3, 2.4384,                         !- X,Y,Z Vertex 3 {m}
  -16, 3, 2.4384,                         !- X,Y,Z Vertex 4 {m}
  -16, 7, 2.4384,                         !- X,Y,Z Vertex 5 {m}
  -16, 11, 2.4384;                        !- X,Y,Z Vertex 6 {m}

OS:Surface,
  {e04a84b9-43c1-4456-a09c-a995ea3581fb}, !- Handle
  Face 112,                               !- Name
  Wall,                                   !- Surface Type
  ,                                       !- Construction Name
  {0edeebfe-e09b-4c51-85d9-8bf1de27a5d9}, !- Space Name
  Surface,                                !- Outside Boundary Condition
  {5f5e413e-1c66-43ca-bbb0-c1351bc989cd}, !- Outside Boundary Condition Object
  NoSun,                                  !- Sun Exposure
  NoWind,                                 !- Wind Exposure
  ,                                       !- View Factor to Ground
  ,                                       !- Number of Vertices
  -16, 7, 2.4384,                         !- X,Y,Z Vertex 1 {m}
  -16, 7, 0,                              !- X,Y,Z Vertex 2 {m}
  -16, 11, 0,                             !- X,Y,Z Vertex 3 {m}
  -16, 11, 2.4384;                        !- X,Y,Z Vertex 4 {m}

OS:Surface,
  {34941aee-92d2-4711-8866-cd5e771dd56f}, !- Handle
  Face 113,                               !- Name
  Wall,                                   !- Surface Type
  ,                                       !- Construction Name
  {0edeebfe-e09b-4c51-85d9-8bf1de27a5d9}, !- Space Name
  Surface,                                !- Outside Boundary Condition
  {990a0d06-6c95-4634-a467-3f6741488910}, !- Outside Boundary Condition Object
  NoSun,                                  !- Sun Exposure
  NoWind,                                 !- Wind Exposure
  ,                                       !- View Factor to Ground
  ,                                       !- Number of Vertices
  -16, 7, 2.4384,                         !- X,Y,Z Vertex 1 {m}
  -16, 3, 2.4384,                         !- X,Y,Z Vertex 2 {m}
  -16, 3, 0,                              !- X,Y,Z Vertex 3 {m}
  -16, 7, 0;                              !- X,Y,Z Vertex 4 {m}

OS:SubSurface,
  {3a528cb4-42f3-4ea5-8c79-caec6ad9f5a8}, !- Handle
  Face 114,                               !- Name
  Door,                                   !- Sub Surface Type
  ,                                       !- Construction Name
  {34941aee-92d2-4711-8866-cd5e771dd56f}, !- Surface Name
  {ff1b4b2e-defd-4bc8-b2b7-028fc5092370}, !- Outside Boundary Condition Object
  ,                                       !- View Factor to Ground
  ,                                       !- Frame and Divider Name
  ,                                       !- Multiplier
  ,                                       !- Number of Vertices
  -16, 4.2, 2.033016,                     !- X,Y,Z Vertex 1 {m}
  -16, 4.2, 0,                            !- X,Y,Z Vertex 2 {m}
  -16, 5.8, 0,                            !- X,Y,Z Vertex 3 {m}
  -16, 5.8, 2.033016;                     !- X,Y,Z Vertex 4 {m}

OS:Surface,
  {f431def3-eaba-42ad-a8e6-c6ea7b9e93be}, !- Handle
  Face 115,                               !- Name
  Wall,                                   !- Surface Type
  ,                                       !- Construction Name
  {0edeebfe-e09b-4c51-85d9-8bf1de27a5d9}, !- Space Name
  Surface,                                !- Outside Boundary Condition
  {82248b15-ceb4-4064-9062-997c639eb253}, !- Outside Boundary Condition Object
  NoSun,                                  !- Sun Exposure
  NoWind,                                 !- Wind Exposure
  ,                                       !- View Factor to Ground
  ,                                       !- Number of Vertices
  -19, 3, 2.4384,                         !- X,Y,Z Vertex 1 {m}
  -19, 3, 0,                              !- X,Y,Z Vertex 2 {m}
  -16, 3, 0,                              !- X,Y,Z Vertex 3 {m}
  -16, 3, 2.4384;                         !- X,Y,Z Vertex 4 {m}

OS:Surface,
  {be5984b4-0857-4e8a-a01a-15372802852b}, !- Handle
  Face 116,                               !- Name
  Wall,                                   !- Surface Type
  ,                                       !- Construction Name
  {0edeebfe-e09b-4c51-85d9-8bf1de27a5d9}, !- Space Name
  Surface,                                !- Outside Boundary Condition
  {f83382fe-7c85-4998-8cd6-cc672b84b311}, !- Outside Boundary Condition Object
  NoSun,                                  !- Sun Exposure
  NoWind,                                 !- Wind Exposure
  ,                                       !- View Factor to Ground
  ,                                       !- Number of Vertices
  -19, 6, 2.4384,                         !- X,Y,Z Vertex 1 {m}
  -19, 6, 0,                              !- X,Y,Z Vertex 2 {m}
  -19, 3, 0,                              !- X,Y,Z Vertex 3 {m}
  -19, 3, 2.4384;                         !- X,Y,Z Vertex 4 {m}

OS:Surface,
  {169a2ca8-f563-4f88-b12c-4aa6e225079f}, !- Handle
  Face 117,                               !- Name
  Wall,                                   !- Surface Type
  ,                                       !- Construction Name
  {0edeebfe-e09b-4c51-85d9-8bf1de27a5d9}, !- Space Name
  Surface,                                !- Outside Boundary Condition
  {8240b0e1-c7ad-4be8-9655-ba5d5c4b4a2d}, !- Outside Boundary Condition Object
  NoSun,                                  !- Sun Exposure
  NoWind,                                 !- Wind Exposure
  ,                                       !- View Factor to Ground
  ,                                       !- Number of Vertices
  -19, 6, 2.4384,                         !- X,Y,Z Vertex 1 {m}
  -19, 11, 2.4384,                        !- X,Y,Z Vertex 2 {m}
  -19, 11, 0,                             !- X,Y,Z Vertex 3 {m}
  -19, 6, 0;                              !- X,Y,Z Vertex 4 {m}

OS:SubSurface,
  {bdce723f-83a4-495a-ac2b-89194e9beede}, !- Handle
  Face 118,                               !- Name
  Door,                                   !- Sub Surface Type
  ,                                       !- Construction Name
  {169a2ca8-f563-4f88-b12c-4aa6e225079f}, !- Surface Name
  {659dcd54-8a89-4d7a-a166-c8e525ef208d}, !- Outside Boundary Condition Object
  ,                                       !- View Factor to Ground
  ,                                       !- Frame and Divider Name
  ,                                       !- Multiplier
  ,                                       !- Number of Vertices
  -19, 9.8, 2.033016,                     !- X,Y,Z Vertex 1 {m}
  -19, 9.8, 0,                            !- X,Y,Z Vertex 2 {m}
  -19, 8.2, 0,                            !- X,Y,Z Vertex 3 {m}
  -19, 8.2, 2.033016;                     !- X,Y,Z Vertex 4 {m}

OS:Surface,
  {3076f4bb-73ee-4159-b435-79a615ab25ba}, !- Handle
  Face 119,                               !- Name
  Wall,                                   !- Surface Type
  ,                                       !- Construction Name
  {0edeebfe-e09b-4c51-85d9-8bf1de27a5d9}, !- Space Name
  Surface,                                !- Outside Boundary Condition
  {8db74729-86e5-454b-bcf1-8304cc9cdbfe}, !- Outside Boundary Condition Object
  NoSun,                                  !- Sun Exposure
  NoWind,                                 !- Wind Exposure
  ,                                       !- View Factor to Ground
  ,                                       !- Number of Vertices
  -16, 11, 2.4384,                        !- X,Y,Z Vertex 1 {m}
  -16, 11, 0,                             !- X,Y,Z Vertex 2 {m}
  -19, 11, 0,                             !- X,Y,Z Vertex 3 {m}
  -19, 11, 2.4384;                        !- X,Y,Z Vertex 4 {m}

OS:Surface,
  {49d56dc3-7b2b-4872-85bc-b2abf0943063}, !- Handle
  Face 143,                               !- Name
  Wall,                                   !- Surface Type
  ,                                       !- Construction Name
  {3973e9b3-bc2c-4cff-aa43-7824f8c553fa}, !- Space Name
  Surface,                                !- Outside Boundary Condition
  {8a4fc6d5-b784-442e-9c2d-b61b612c614d}, !- Outside Boundary Condition Object
  NoSun,                                  !- Sun Exposure
  NoWind,                                 !- Wind Exposure
  ,                                       !- View Factor to Ground
  ,                                       !- Number of Vertices
  33, 14, 2.4384,                         !- X,Y,Z Vertex 1 {m}
  33, 14, 0,                              !- X,Y,Z Vertex 2 {m}
  30, 14, 0,                              !- X,Y,Z Vertex 3 {m}
  30, 14, 2.4384;                         !- X,Y,Z Vertex 4 {m}

OS:Surface,
  {844f6809-5d5e-4000-a54a-fa1bb79ec8b6}, !- Handle
  Face 142,                               !- Name
  Wall,                                   !- Surface Type
  ,                                       !- Construction Name
  {3973e9b3-bc2c-4cff-aa43-7824f8c553fa}, !- Space Name
  Surface,                                !- Outside Boundary Condition
  {7763f0f5-02b7-4a3f-b59a-4b299da416a3}, !- Outside Boundary Condition Object
  NoSun,                                  !- Sun Exposure
  NoWind,                                 !- Wind Exposure
  ,                                       !- View Factor to Ground
  ,                                       !- Number of Vertices
  30, 14, 2.4384,                         !- X,Y,Z Vertex 1 {m}
  30, 14, 0,                              !- X,Y,Z Vertex 2 {m}
  30, 7, 0,                               !- X,Y,Z Vertex 3 {m}
  30, 7, 2.4384;                          !- X,Y,Z Vertex 4 {m}

OS:Surface,
  {b1e1a6d7-7a9d-4cfe-ae9f-9c02c0033d38}, !- Handle
  Face 141,                               !- Name
  Wall,                                   !- Surface Type
  ,                                       !- Construction Name
  {3973e9b3-bc2c-4cff-aa43-7824f8c553fa}, !- Space Name
  Surface,                                !- Outside Boundary Condition
  {b273cbc4-64bb-4022-bd2c-69b0f4db58ee}, !- Outside Boundary Condition Object
  NoSun,                                  !- Sun Exposure
  NoWind,                                 !- Wind Exposure
  ,                                       !- View Factor to Ground
  ,                                       !- Number of Vertices
  30, 7, 2.4384,                          !- X,Y,Z Vertex 1 {m}
  30, 7, 0,                               !- X,Y,Z Vertex 2 {m}
  33, 7, 0,                               !- X,Y,Z Vertex 3 {m}
  33, 7, 2.4384;                          !- X,Y,Z Vertex 4 {m}

OS:Surface,
  {336e8e00-dcf9-4f6e-8258-cf3c87a4435e}, !- Handle
  Face 137,                               !- Name
  Floor,                                  !- Surface Type
  ,                                       !- Construction Name
  {3973e9b3-bc2c-4cff-aa43-7824f8c553fa}, !- Space Name
  Ground,                                 !- Outside Boundary Condition
  ,                                       !- Outside Boundary Condition Object
  NoSun,                                  !- Sun Exposure
  NoWind,                                 !- Wind Exposure
  ,                                       !- View Factor to Ground
  ,                                       !- Number of Vertices
  33, 14, 0,                              !- X,Y,Z Vertex 1 {m}
  33, 7, 0,                               !- X,Y,Z Vertex 2 {m}
  30, 7, 0,                               !- X,Y,Z Vertex 3 {m}
  30, 14, 0;                              !- X,Y,Z Vertex 4 {m}

OS:Surface,
  {8b62d228-e897-420b-83bd-8825d9ff7592}, !- Handle
  Face 138,                               !- Name
  RoofCeiling,                            !- Surface Type
  ,                                       !- Construction Name
  {3973e9b3-bc2c-4cff-aa43-7824f8c553fa}, !- Space Name
  Outdoors,                               !- Outside Boundary Condition
  ,                                       !- Outside Boundary Condition Object
  SunExposed,                             !- Sun Exposure
  WindExposed,                            !- Wind Exposure
  ,                                       !- View Factor to Ground
  ,                                       !- Number of Vertices
  30, 14, 2.4384,                         !- X,Y,Z Vertex 1 {m}
  30, 7, 2.4384,                          !- X,Y,Z Vertex 2 {m}
  33, 7, 2.4384,                          !- X,Y,Z Vertex 3 {m}
  33, 14, 2.4384;                         !- X,Y,Z Vertex 4 {m}

OS:Surface,
  {d60c00d4-87ce-4fcb-9bdc-502bffee3a28}, !- Handle
  Face 139,                               !- Name
  Wall,                                   !- Surface Type
  ,                                       !- Construction Name
  {3973e9b3-bc2c-4cff-aa43-7824f8c553fa}, !- Space Name
  Surface,                                !- Outside Boundary Condition
  {4b2fa570-ec13-48d2-b2f1-60ea76fb1256}, !- Outside Boundary Condition Object
  NoSun,                                  !- Sun Exposure
  NoWind,                                 !- Wind Exposure
  ,                                       !- View Factor to Ground
  ,                                       !- Number of Vertices
  33, 14, 2.4384,                         !- X,Y,Z Vertex 1 {m}
  33, 7, 2.4384,                          !- X,Y,Z Vertex 2 {m}
  33, 7, 0,                               !- X,Y,Z Vertex 3 {m}
  33, 14, 0;                              !- X,Y,Z Vertex 4 {m}

OS:SubSurface,
  {48c02b5a-bc6e-4a53-82ae-19568b01684d}, !- Handle
  Face 140,                               !- Name
  Door,                                   !- Sub Surface Type
  ,                                       !- Construction Name
  {d60c00d4-87ce-4fcb-9bdc-502bffee3a28}, !- Surface Name
  {f840b5cc-5144-4420-95ab-eb208a217833}, !- Outside Boundary Condition Object
  ,                                       !- View Factor to Ground
  ,                                       !- Frame and Divider Name
  ,                                       !- Multiplier
  ,                                       !- Number of Vertices
  33, 9.2, 2.033016,                      !- X,Y,Z Vertex 1 {m}
  33, 9.2, 0,                             !- X,Y,Z Vertex 2 {m}
  33, 10.8, 0,                            !- X,Y,Z Vertex 3 {m}
  33, 10.8, 2.033016;                     !- X,Y,Z Vertex 4 {m}

OS:Surface,
  {9a57abc8-516b-43e2-80aa-67e9de310eab}, !- Handle
  Face 154,                               !- Name
  Wall,                                   !- Surface Type
  ,                                       !- Construction Name
  {91fe3847-c804-4987-9977-2b8b5bed1503}, !- Space Name
  Surface,                                !- Outside Boundary Condition
  {06fc0542-b6b0-48dd-a405-44ab19bb921d}, !- Outside Boundary Condition Object
  NoSun,                                  !- Sun Exposure
  NoWind,                                 !- Wind Exposure
  ,                                       !- View Factor to Ground
  ,                                       !- Number of Vertices
  33, 19, 2.4384,                         !- X,Y,Z Vertex 1 {m}
  33, 14, 2.4384,                         !- X,Y,Z Vertex 2 {m}
  33, 14, 0,                              !- X,Y,Z Vertex 3 {m}
  33, 19, 0;                              !- X,Y,Z Vertex 4 {m}

OS:SubSurface,
  {ccf2c7af-d3c2-4d31-8180-e98778555d74}, !- Handle
  Face 155,                               !- Name
  Door,                                   !- Sub Surface Type
  ,                                       !- Construction Name
  {9a57abc8-516b-43e2-80aa-67e9de310eab}, !- Surface Name
  {43d05fe5-c909-449f-be9e-dfc21e70fcdd}, !- Outside Boundary Condition Object
  ,                                       !- View Factor to Ground
  ,                                       !- Frame and Divider Name
  ,                                       !- Multiplier
  ,                                       !- Number of Vertices
  33, 14.5, 2.033016,                     !- X,Y,Z Vertex 1 {m}
  33, 14.5, 0,                            !- X,Y,Z Vertex 2 {m}
  33, 15.5, 0,                            !- X,Y,Z Vertex 3 {m}
  33, 15.5, 2.033016;                     !- X,Y,Z Vertex 4 {m}

OS:Surface,
  {8a4fc6d5-b784-442e-9c2d-b61b612c614d}, !- Handle
  Face 156,                               !- Name
  Wall,                                   !- Surface Type
  ,                                       !- Construction Name
  {91fe3847-c804-4987-9977-2b8b5bed1503}, !- Space Name
  Surface,                                !- Outside Boundary Condition
  {49d56dc3-7b2b-4872-85bc-b2abf0943063}, !- Outside Boundary Condition Object
  NoSun,                                  !- Sun Exposure
  NoWind,                                 !- Wind Exposure
  ,                                       !- View Factor to Ground
  ,                                       !- Number of Vertices
  30, 14, 2.4384,                         !- X,Y,Z Vertex 1 {m}
  30, 14, 0,                              !- X,Y,Z Vertex 2 {m}
  33, 14, 0,                              !- X,Y,Z Vertex 3 {m}
  33, 14, 2.4384;                         !- X,Y,Z Vertex 4 {m}

OS:Surface,
  {871c54d1-bf89-47af-8702-166a1f24c15b}, !- Handle
  Face 157,                               !- Name
  Wall,                                   !- Surface Type
  ,                                       !- Construction Name
  {91fe3847-c804-4987-9977-2b8b5bed1503}, !- Space Name
  Surface,                                !- Outside Boundary Condition
  {eea81f33-8cf7-4284-9626-fe368cbc2fd0}, !- Outside Boundary Condition Object
  NoSun,                                  !- Sun Exposure
  NoWind,                                 !- Wind Exposure
  ,                                       !- View Factor to Ground
  ,                                       !- Number of Vertices
  30, 17, 2.4384,                         !- X,Y,Z Vertex 1 {m}
  30, 17, 0,                              !- X,Y,Z Vertex 2 {m}
  30, 14, 0,                              !- X,Y,Z Vertex 3 {m}
  30, 14, 2.4384;                         !- X,Y,Z Vertex 4 {m}

OS:Surface,
  {6f219be7-e8f7-4a5a-a223-203f8d41a86b}, !- Handle
  Face 153,                               !- Name
  RoofCeiling,                            !- Surface Type
  ,                                       !- Construction Name
  {91fe3847-c804-4987-9977-2b8b5bed1503}, !- Space Name
  Outdoors,                               !- Outside Boundary Condition
  ,                                       !- Outside Boundary Condition Object
  SunExposed,                             !- Sun Exposure
  WindExposed,                            !- Wind Exposure
  ,                                       !- View Factor to Ground
  ,                                       !- Number of Vertices
  30, 19, 2.4384,                         !- X,Y,Z Vertex 1 {m}
  30, 17, 2.4384,                         !- X,Y,Z Vertex 2 {m}
  30, 14, 2.4384,                         !- X,Y,Z Vertex 3 {m}
  33, 14, 2.4384,                         !- X,Y,Z Vertex 4 {m}
  33, 19, 2.4384;                         !- X,Y,Z Vertex 5 {m}

OS:Surface,
  {10ca4f28-5756-496b-b113-88745ca5be80}, !- Handle
  Face 152,                               !- Name
  Floor,                                  !- Surface Type
  ,                                       !- Construction Name
  {91fe3847-c804-4987-9977-2b8b5bed1503}, !- Space Name
  Ground,                                 !- Outside Boundary Condition
  ,                                       !- Outside Boundary Condition Object
  NoSun,                                  !- Sun Exposure
  NoWind,                                 !- Wind Exposure
  ,                                       !- View Factor to Ground
  ,                                       !- Number of Vertices
  33, 19, 0,                              !- X,Y,Z Vertex 1 {m}
  33, 14, 0,                              !- X,Y,Z Vertex 2 {m}
  30, 14, 0,                              !- X,Y,Z Vertex 3 {m}
  30, 17, 0,                              !- X,Y,Z Vertex 4 {m}
  30, 19, 0;                              !- X,Y,Z Vertex 5 {m}

OS:Surface,
  {176f1d90-4864-48fc-a18b-168b630fc173}, !- Handle
  Face 159,                               !- Name
  Wall,                                   !- Surface Type
  ,                                       !- Construction Name
  {91fe3847-c804-4987-9977-2b8b5bed1503}, !- Space Name
  Surface,                                !- Outside Boundary Condition
  {27b45ac5-a564-4f15-aa59-6001fa062e02}, !- Outside Boundary Condition Object
  NoSun,                                  !- Sun Exposure
  NoWind,                                 !- Wind Exposure
  ,                                       !- View Factor to Ground
  ,                                       !- Number of Vertices
  30, 19, 2.4384,                         !- X,Y,Z Vertex 1 {m}
  33, 19, 2.4384,                         !- X,Y,Z Vertex 2 {m}
  33, 19, 0,                              !- X,Y,Z Vertex 3 {m}
  30, 19, 0;                              !- X,Y,Z Vertex 4 {m}

OS:SubSurface,
  {97624327-e896-4c54-8210-805933ad1e14}, !- Handle
  Face 161,                               !- Name
  Door,                                   !- Sub Surface Type
  ,                                       !- Construction Name
  {176f1d90-4864-48fc-a18b-168b630fc173}, !- Surface Name
  {3effdcbd-b798-4c2b-94d9-90ce538e2d06}, !- Outside Boundary Condition Object
  ,                                       !- View Factor to Ground
  ,                                       !- Frame and Divider Name
  ,                                       !- Multiplier
  ,                                       !- Number of Vertices
  32.5, 19, 2.033016,                     !- X,Y,Z Vertex 1 {m}
  32.5, 19, 0,                            !- X,Y,Z Vertex 2 {m}
  31.5, 19, 0,                            !- X,Y,Z Vertex 3 {m}
  31.5, 19, 2.033016;                     !- X,Y,Z Vertex 4 {m}

OS:SubSurface,
  {ac89d914-82b2-4c16-a497-827ab1abf5d2}, !- Handle
  Face 160,                               !- Name
  Door,                                   !- Sub Surface Type
  ,                                       !- Construction Name
  {176f1d90-4864-48fc-a18b-168b630fc173}, !- Surface Name
  {ffa24c25-6550-40d7-b794-8cd2168563e6}, !- Outside Boundary Condition Object
  ,                                       !- View Factor to Ground
  ,                                       !- Frame and Divider Name
  ,                                       !- Multiplier
  ,                                       !- Number of Vertices
  31.5, 19, 2.033016,                     !- X,Y,Z Vertex 1 {m}
  31.5, 19, 0,                            !- X,Y,Z Vertex 2 {m}
  30.5, 19, 0,                            !- X,Y,Z Vertex 3 {m}
  30.5, 19, 2.033016;                     !- X,Y,Z Vertex 4 {m}

OS:Surface,
  {e6ca4928-ae40-49d2-8c13-449672b601e9}, !- Handle
  Face 158,                               !- Name
  Wall,                                   !- Surface Type
  ,                                       !- Construction Name
  {91fe3847-c804-4987-9977-2b8b5bed1503}, !- Space Name
  Surface,                                !- Outside Boundary Condition
  {70a640be-946e-4d1e-887f-9f14a92e3592}, !- Outside Boundary Condition Object
  NoSun,                                  !- Sun Exposure
  NoWind,                                 !- Wind Exposure
  ,                                       !- View Factor to Ground
  ,                                       !- Number of Vertices
  30, 19, 2.4384,                         !- X,Y,Z Vertex 1 {m}
  30, 19, 0,                              !- X,Y,Z Vertex 2 {m}
  30, 17, 0,                              !- X,Y,Z Vertex 3 {m}
  30, 17, 2.4384;                         !- X,Y,Z Vertex 4 {m}

OS:Surface,
  {a9407348-7c3a-4f92-b298-35a85a9324a5}, !- Handle
  Face 262,                               !- Name
  Wall,                                   !- Surface Type
  ,                                       !- Construction Name
  {ef9d7c2f-11b6-4cc1-ae6b-c72763ca613e}, !- Space Name
  Surface,                                !- Outside Boundary Condition
  {f47bd70c-e56b-4b74-9a33-1584ecd2703a}, !- Outside Boundary Condition Object
  NoSun,                                  !- Sun Exposure
  NoWind,                                 !- Wind Exposure
  ,                                       !- View Factor to Ground
  ,                                       !- Number of Vertices
  -29, 6, 2.4384,                         !- X,Y,Z Vertex 1 {m}
  -29, 6, 0,                              !- X,Y,Z Vertex 2 {m}
  -29, -1, 0,                             !- X,Y,Z Vertex 3 {m}
  -29, -1, 2.4384;                        !- X,Y,Z Vertex 4 {m}

OS:Surface,
  {823c7032-a919-4042-9d01-081ad36cbb69}, !- Handle
  Face 260,                               !- Name
  Floor,                                  !- Surface Type
  ,                                       !- Construction Name
  {ef9d7c2f-11b6-4cc1-ae6b-c72763ca613e}, !- Space Name
  Ground,                                 !- Outside Boundary Condition
  ,                                       !- Outside Boundary Condition Object
  NoSun,                                  !- Sun Exposure
  NoWind,                                 !- Wind Exposure
  ,                                       !- View Factor to Ground
  ,                                       !- Number of Vertices
  -29, -1, 0,                             !- X,Y,Z Vertex 1 {m}
  -29, 6, 0,                              !- X,Y,Z Vertex 2 {m}
  -22, 6, 0,                              !- X,Y,Z Vertex 3 {m}
  -22, -1, 0;                             !- X,Y,Z Vertex 4 {m}

OS:Surface,
  {91ba28ff-48bc-4879-bef0-598c8888eeed}, !- Handle
  Face 263,                               !- Name
  Wall,                                   !- Surface Type
  ,                                       !- Construction Name
  {ef9d7c2f-11b6-4cc1-ae6b-c72763ca613e}, !- Space Name
  Surface,                                !- Outside Boundary Condition
  {80f4cbc7-e283-4121-bae6-58c4438e5680}, !- Outside Boundary Condition Object
  NoSun,                                  !- Sun Exposure
  NoWind,                                 !- Wind Exposure
  ,                                       !- View Factor to Ground
  ,                                       !- Number of Vertices
  -22, 6, 2.4384,                         !- X,Y,Z Vertex 1 {m}
  -22, 6, 0,                              !- X,Y,Z Vertex 2 {m}
  -29, 6, 0,                              !- X,Y,Z Vertex 3 {m}
  -29, 6, 2.4384;                         !- X,Y,Z Vertex 4 {m}

OS:Surface,
  {c56f1bd9-898b-4c27-b742-54029acca465}, !- Handle
  Face 264,                               !- Name
  Wall,                                   !- Surface Type
  ,                                       !- Construction Name
  {ef9d7c2f-11b6-4cc1-ae6b-c72763ca613e}, !- Space Name
  Surface,                                !- Outside Boundary Condition
  {4385aef5-71ff-4eac-8fd7-49a59ae2eeb4}, !- Outside Boundary Condition Object
  NoSun,                                  !- Sun Exposure
  NoWind,                                 !- Wind Exposure
  ,                                       !- View Factor to Ground
  ,                                       !- Number of Vertices
  -22, -1, 2.4384,                        !- X,Y,Z Vertex 1 {m}
  -22, -1, 0,                             !- X,Y,Z Vertex 2 {m}
  -22, 6, 0,                              !- X,Y,Z Vertex 3 {m}
  -22, 6, 2.4384;                         !- X,Y,Z Vertex 4 {m}

OS:Surface,
  {c0061b47-b9c8-406d-880a-c28d2ad4a581}, !- Handle
  Face 265,                               !- Name
  Wall,                                   !- Surface Type
  ,                                       !- Construction Name
  {ef9d7c2f-11b6-4cc1-ae6b-c72763ca613e}, !- Space Name
  Surface,                                !- Outside Boundary Condition
  {c4ce96b0-20d5-4177-82c0-070f03595528}, !- Outside Boundary Condition Object
  NoSun,                                  !- Sun Exposure
  NoWind,                                 !- Wind Exposure
  ,                                       !- View Factor to Ground
  ,                                       !- Number of Vertices
  -22, -1, 2.4384,                        !- X,Y,Z Vertex 1 {m}
  -29, -1, 2.4384,                        !- X,Y,Z Vertex 2 {m}
  -29, -1, 0,                             !- X,Y,Z Vertex 3 {m}
  -22, -1, 0;                             !- X,Y,Z Vertex 4 {m}

OS:SubSurface,
  {cd4a04ef-32e4-449a-b137-a6d31f99255b}, !- Handle
  Face 266,                               !- Name
  Door,                                   !- Sub Surface Type
  ,                                       !- Construction Name
  {c0061b47-b9c8-406d-880a-c28d2ad4a581}, !- Surface Name
  {c1dabf3b-4358-40e7-9ccc-bcaab6902629}, !- Outside Boundary Condition Object
  ,                                       !- View Factor to Ground
  ,                                       !- Frame and Divider Name
  ,                                       !- Multiplier
  ,                                       !- Number of Vertices
  -25.8, -1, 2.033016,                    !- X,Y,Z Vertex 1 {m}
  -25.8, -1, 0,                           !- X,Y,Z Vertex 2 {m}
  -24.2, -1, 0,                           !- X,Y,Z Vertex 3 {m}
  -24.2, -1, 2.033016;                    !- X,Y,Z Vertex 4 {m}

OS:Surface,
  {03770dcb-e38b-47a2-b210-27751bcb6c93}, !- Handle
  Face 261,                               !- Name
  RoofCeiling,                            !- Surface Type
  ,                                       !- Construction Name
  {ef9d7c2f-11b6-4cc1-ae6b-c72763ca613e}, !- Space Name
  Outdoors,                               !- Outside Boundary Condition
  ,                                       !- Outside Boundary Condition Object
  SunExposed,                             !- Sun Exposure
  WindExposed,                            !- Wind Exposure
  ,                                       !- View Factor to Ground
  ,                                       !- Number of Vertices
  -22, -1, 2.4384,                        !- X,Y,Z Vertex 1 {m}
  -22, 6, 2.4384,                         !- X,Y,Z Vertex 2 {m}
  -29, 6, 2.4384,                         !- X,Y,Z Vertex 3 {m}
  -29, -1, 2.4384;                        !- X,Y,Z Vertex 4 {m}

OS:Surface,
  {fd160413-2e20-4ffb-9537-0fd9e4f4d862}, !- Handle
  Face 406,                               !- Name
  Wall,                                   !- Surface Type
  ,                                       !- Construction Name
  {4e760ee6-9920-4c18-9b10-15510eae17bc}, !- Space Name
  Surface,                                !- Outside Boundary Condition
  {59807db0-f966-4326-b355-2f15c0098c4d}, !- Outside Boundary Condition Object
  NoSun,                                  !- Sun Exposure
  NoWind,                                 !- Wind Exposure
  ,                                       !- View Factor to Ground
  ,                                       !- Number of Vertices
  -22, -14, 2.4384,                       !- X,Y,Z Vertex 1 {m}
  -22, -14, 0,                            !- X,Y,Z Vertex 2 {m}
  -22, -11, 0,                            !- X,Y,Z Vertex 3 {m}
  -22, -11, 2.4384;                       !- X,Y,Z Vertex 4 {m}

OS:Surface,
  {69a58b30-f9ac-4d44-835d-68aac50147c7}, !- Handle
  Face 410,                               !- Name
  Wall,                                   !- Surface Type
  ,                                       !- Construction Name
  {4e760ee6-9920-4c18-9b10-15510eae17bc}, !- Space Name
  Surface,                                !- Outside Boundary Condition
  {9e4345f2-c831-4cbe-8b16-a6f37f7e95cf}, !- Outside Boundary Condition Object
  NoSun,                                  !- Sun Exposure
  NoWind,                                 !- Wind Exposure
  ,                                       !- View Factor to Ground
  ,                                       !- Number of Vertices
  -29, -4, 2.4384,                        !- X,Y,Z Vertex 1 {m}
  -29, -4, 0,                             !- X,Y,Z Vertex 2 {m}
  -29, -9, 0,                             !- X,Y,Z Vertex 3 {m}
  -29, -9, 2.4384;                        !- X,Y,Z Vertex 4 {m}

OS:Surface,
  {6ffced95-f6b2-4faa-ac41-cd20ccb70176}, !- Handle
  Face 403,                               !- Name
  Floor,                                  !- Surface Type
  ,                                       !- Construction Name
  {4e760ee6-9920-4c18-9b10-15510eae17bc}, !- Space Name
  Ground,                                 !- Outside Boundary Condition
  ,                                       !- Outside Boundary Condition Object
  NoSun,                                  !- Sun Exposure
  NoWind,                                 !- Wind Exposure
  ,                                       !- View Factor to Ground
  ,                                       !- Number of Vertices
  -22, -4, 0,                             !- X,Y,Z Vertex 1 {m}
  -22, -11, 0,                            !- X,Y,Z Vertex 2 {m}
  -22, -14, 0,                            !- X,Y,Z Vertex 3 {m}
  -29, -14, 0,                            !- X,Y,Z Vertex 4 {m}
  -29, -9, 0,                             !- X,Y,Z Vertex 5 {m}
  -29, -4, 0;                             !- X,Y,Z Vertex 6 {m}

OS:Surface,
  {ddd0d983-b00a-41cc-943b-3ec9c54417a9}, !- Handle
  Face 411,                               !- Name
  Wall,                                   !- Surface Type
  ,                                       !- Construction Name
  {4e760ee6-9920-4c18-9b10-15510eae17bc}, !- Space Name
  Surface,                                !- Outside Boundary Condition
  {5613c7ae-6855-44f6-8d0a-8c33f6f55f32}, !- Outside Boundary Condition Object
  NoSun,                                  !- Sun Exposure
  NoWind,                                 !- Wind Exposure
  ,                                       !- View Factor to Ground
  ,                                       !- Number of Vertices
  -22, -4, 2.4384,                        !- X,Y,Z Vertex 1 {m}
  -22, -4, 0,                             !- X,Y,Z Vertex 2 {m}
  -29, -4, 0,                             !- X,Y,Z Vertex 3 {m}
  -29, -4, 2.4384;                        !- X,Y,Z Vertex 4 {m}

OS:Surface,
  {cd10ae75-6bae-4eec-b858-a164812bc6ed}, !- Handle
  Face 404,                               !- Name
  RoofCeiling,                            !- Surface Type
  ,                                       !- Construction Name
  {4e760ee6-9920-4c18-9b10-15510eae17bc}, !- Space Name
  Outdoors,                               !- Outside Boundary Condition
  ,                                       !- Outside Boundary Condition Object
  SunExposed,                             !- Sun Exposure
  WindExposed,                            !- Wind Exposure
  ,                                       !- View Factor to Ground
  ,                                       !- Number of Vertices
  -29, -4, 2.4384,                        !- X,Y,Z Vertex 1 {m}
  -29, -9, 2.4384,                        !- X,Y,Z Vertex 2 {m}
  -29, -14, 2.4384,                       !- X,Y,Z Vertex 3 {m}
  -22, -14, 2.4384,                       !- X,Y,Z Vertex 4 {m}
  -22, -11, 2.4384,                       !- X,Y,Z Vertex 5 {m}
  -22, -4, 2.4384;                        !- X,Y,Z Vertex 6 {m}

OS:Surface,
  {8b948c34-d36d-40ca-8a6c-9f2e06b08bda}, !- Handle
  Face 405,                               !- Name
  Wall,                                   !- Surface Type
  ,                                       !- Construction Name
  {4e760ee6-9920-4c18-9b10-15510eae17bc}, !- Space Name
  Surface,                                !- Outside Boundary Condition
  {e133bc6c-e535-4234-998c-fe097960f47e}, !- Outside Boundary Condition Object
  NoSun,                                  !- Sun Exposure
  NoWind,                                 !- Wind Exposure
  ,                                       !- View Factor to Ground
  ,                                       !- Number of Vertices
  -22, -11, 2.4384,                       !- X,Y,Z Vertex 1 {m}
  -22, -11, 0,                            !- X,Y,Z Vertex 2 {m}
  -22, -4, 0,                             !- X,Y,Z Vertex 3 {m}
  -22, -4, 2.4384;                        !- X,Y,Z Vertex 4 {m}

OS:Surface,
  {c5f587fa-afda-4112-81df-9212a4a6d218}, !- Handle
  Face 407,                               !- Name
  Wall,                                   !- Surface Type
  ,                                       !- Construction Name
  {4e760ee6-9920-4c18-9b10-15510eae17bc}, !- Space Name
  Surface,                                !- Outside Boundary Condition
  {cb26e7fb-28e6-4876-a35f-67c3993488e8}, !- Outside Boundary Condition Object
  NoSun,                                  !- Sun Exposure
  NoWind,                                 !- Wind Exposure
  ,                                       !- View Factor to Ground
  ,                                       !- Number of Vertices
  -22, -14, 2.4384,                       !- X,Y,Z Vertex 1 {m}
  -29, -14, 2.4384,                       !- X,Y,Z Vertex 2 {m}
  -29, -14, 0,                            !- X,Y,Z Vertex 3 {m}
  -22, -14, 0;                            !- X,Y,Z Vertex 4 {m}

OS:SubSurface,
  {2e251c33-614f-4edb-87fe-5add413f9c85}, !- Handle
  Face 408,                               !- Name
  Door,                                   !- Sub Surface Type
  ,                                       !- Construction Name
  {c5f587fa-afda-4112-81df-9212a4a6d218}, !- Surface Name
  {47f8c36c-ae52-4989-89d7-827986f6d05f}, !- Outside Boundary Condition Object
  ,                                       !- View Factor to Ground
  ,                                       !- Frame and Divider Name
  ,                                       !- Multiplier
  ,                                       !- Number of Vertices
  -27.5, -14, 2.033016,                   !- X,Y,Z Vertex 1 {m}
  -27.5, -14, 0,                          !- X,Y,Z Vertex 2 {m}
  -26.5, -14, 0,                          !- X,Y,Z Vertex 3 {m}
  -26.5, -14, 2.033016;                   !- X,Y,Z Vertex 4 {m}

OS:Surface,
  {af324a7f-a066-4a5b-a3f4-3f7065357fbe}, !- Handle
  Face 409,                               !- Name
  Wall,                                   !- Surface Type
  ,                                       !- Construction Name
  {4e760ee6-9920-4c18-9b10-15510eae17bc}, !- Space Name
  Surface,                                !- Outside Boundary Condition
  {638755d2-3e2d-408b-94ae-7a23fe55f280}, !- Outside Boundary Condition Object
  NoSun,                                  !- Sun Exposure
  NoWind,                                 !- Wind Exposure
  ,                                       !- View Factor to Ground
  ,                                       !- Number of Vertices
  -29, -9, 2.4384,                        !- X,Y,Z Vertex 1 {m}
  -29, -9, 0,                             !- X,Y,Z Vertex 2 {m}
  -29, -14, 0,                            !- X,Y,Z Vertex 3 {m}
  -29, -14, 2.4384;                       !- X,Y,Z Vertex 4 {m}

OS:Surface,
  {922d84eb-f3c6-48bb-9f70-39d50b1a8764}, !- Handle
  Face 781,                               !- Name
  Wall,                                   !- Surface Type
  ,                                       !- Construction Name
  {e02bd431-4e11-402a-8d14-aba9a35565b3}, !- Space Name
  Outdoors,                               !- Outside Boundary Condition
  ,                                       !- Outside Boundary Condition Object
  SunExposed,                             !- Sun Exposure
  WindExposed,                            !- Wind Exposure
  ,                                       !- View Factor to Ground
  ,                                       !- Number of Vertices
  39, -16, 2.4384,                        !- X,Y,Z Vertex 1 {m}
  37, -16, 2.4384,                        !- X,Y,Z Vertex 2 {m}
  37, -16, 0,                             !- X,Y,Z Vertex 3 {m}
  39, -16, 0;                             !- X,Y,Z Vertex 4 {m}

OS:Surface,
  {224459e7-338f-407c-bac0-0e5297dedf94}, !- Handle
  Face 777,                               !- Name
  Wall,                                   !- Surface Type
  ,                                       !- Construction Name
  {e02bd431-4e11-402a-8d14-aba9a35565b3}, !- Space Name
  Surface,                                !- Outside Boundary Condition
  {173391a5-a425-4e4b-88b9-1887068aa7b9}, !- Outside Boundary Condition Object
  NoSun,                                  !- Sun Exposure
  NoWind,                                 !- Wind Exposure
  ,                                       !- View Factor to Ground
  ,                                       !- Number of Vertices
  37, -16, 2.4384,                        !- X,Y,Z Vertex 1 {m}
  37, -14, 2.4384,                        !- X,Y,Z Vertex 2 {m}
  37, -14, 0,                             !- X,Y,Z Vertex 3 {m}
  37, -16, 0;                             !- X,Y,Z Vertex 4 {m}

OS:SubSurface,
  {675198ff-2507-4dd8-88eb-c47743ce9601}, !- Handle
  Face 778,                               !- Name
  Door,                                   !- Sub Surface Type
  ,                                       !- Construction Name
  {224459e7-338f-407c-bac0-0e5297dedf94}, !- Surface Name
  {bf5322bb-8566-4f31-a1c4-29ff56683fae}, !- Outside Boundary Condition Object
  ,                                       !- View Factor to Ground
  ,                                       !- Frame and Divider Name
  ,                                       !- Multiplier
  ,                                       !- Number of Vertices
  37, -14.5, 2.033016,                    !- X,Y,Z Vertex 1 {m}
  37, -14.5, 0,                           !- X,Y,Z Vertex 2 {m}
  37, -15.5, 0,                           !- X,Y,Z Vertex 3 {m}
  37, -15.5, 2.033016;                    !- X,Y,Z Vertex 4 {m}

OS:Surface,
  {7e9481a5-097b-43b5-99a7-a6908f312aef}, !- Handle
  Face 779,                               !- Name
  Wall,                                   !- Surface Type
  ,                                       !- Construction Name
  {e02bd431-4e11-402a-8d14-aba9a35565b3}, !- Space Name
  Outdoors,                               !- Outside Boundary Condition
  ,                                       !- Outside Boundary Condition Object
  SunExposed,                             !- Sun Exposure
  WindExposed,                            !- Wind Exposure
  ,                                       !- View Factor to Ground
  ,                                       !- Number of Vertices
  37, -14, 2.4384,                        !- X,Y,Z Vertex 1 {m}
  39, -14, 2.4384,                        !- X,Y,Z Vertex 2 {m}
  39, -14, 0,                             !- X,Y,Z Vertex 3 {m}
  37, -14, 0;                             !- X,Y,Z Vertex 4 {m}

OS:Surface,
  {37b06245-6691-46a7-ab8a-7ad17eb2daf3}, !- Handle
  Face 780,                               !- Name
  Wall,                                   !- Surface Type
  ,                                       !- Construction Name
  {e02bd431-4e11-402a-8d14-aba9a35565b3}, !- Space Name
  Outdoors,                               !- Outside Boundary Condition
  ,                                       !- Outside Boundary Condition Object
  SunExposed,                             !- Sun Exposure
  WindExposed,                            !- Wind Exposure
  ,                                       !- View Factor to Ground
  ,                                       !- Number of Vertices
  39, -14, 2.4384,                        !- X,Y,Z Vertex 1 {m}
  39, -16, 2.4384,                        !- X,Y,Z Vertex 2 {m}
  39, -16, 0,                             !- X,Y,Z Vertex 3 {m}
  39, -14, 0;                             !- X,Y,Z Vertex 4 {m}

OS:Surface,
  {e91d720a-8b20-461b-adcf-b2e9142bd889}, !- Handle
  Face 775,                               !- Name
  Floor,                                  !- Surface Type
  ,                                       !- Construction Name
  {e02bd431-4e11-402a-8d14-aba9a35565b3}, !- Space Name
  Ground,                                 !- Outside Boundary Condition
  ,                                       !- Outside Boundary Condition Object
  NoSun,                                  !- Sun Exposure
  NoWind,                                 !- Wind Exposure
  ,                                       !- View Factor to Ground
  ,                                       !- Number of Vertices
  37, -16, 0,                             !- X,Y,Z Vertex 1 {m}
  37, -14, 0,                             !- X,Y,Z Vertex 2 {m}
  39, -14, 0,                             !- X,Y,Z Vertex 3 {m}
  39, -16, 0;                             !- X,Y,Z Vertex 4 {m}

OS:Surface,
  {e31bf446-3d88-4d35-a12d-6e431c91807b}, !- Handle
  Face 776,                               !- Name
  RoofCeiling,                            !- Surface Type
  ,                                       !- Construction Name
  {e02bd431-4e11-402a-8d14-aba9a35565b3}, !- Space Name
  Outdoors,                               !- Outside Boundary Condition
  ,                                       !- Outside Boundary Condition Object
  SunExposed,                             !- Sun Exposure
  WindExposed,                            !- Wind Exposure
  ,                                       !- View Factor to Ground
  ,                                       !- Number of Vertices
  39, -16, 2.4384,                        !- X,Y,Z Vertex 1 {m}
  39, -14, 2.4384,                        !- X,Y,Z Vertex 2 {m}
  37, -14, 2.4384,                        !- X,Y,Z Vertex 3 {m}
  37, -16, 2.4384;                        !- X,Y,Z Vertex 4 {m}

OS:Surface,
  {aa56d73d-6fdf-4b45-b4c2-fd5e9246e67b}, !- Handle
  Face 785,                               !- Name
  Wall,                                   !- Surface Type
  ,                                       !- Construction Name
  {0931dac5-9632-4d7e-bc2a-ce85577c3638}, !- Space Name
  Outdoors,                               !- Outside Boundary Condition
  ,                                       !- Outside Boundary Condition Object
  SunExposed,                             !- Sun Exposure
  WindExposed,                            !- Wind Exposure
  ,                                       !- View Factor to Ground
  ,                                       !- Number of Vertices
  -42, -14, 2.4384,                       !- X,Y,Z Vertex 1 {m}
  -40, -14, 2.4384,                       !- X,Y,Z Vertex 2 {m}
  -40, -14, 0,                            !- X,Y,Z Vertex 3 {m}
  -42, -14, 0;                            !- X,Y,Z Vertex 4 {m}

OS:Surface,
  {0f88a4b4-9155-4e84-80e2-d74f2ed96666}, !- Handle
  Face 786,                               !- Name
  Wall,                                   !- Surface Type
  ,                                       !- Construction Name
  {0931dac5-9632-4d7e-bc2a-ce85577c3638}, !- Space Name
  Surface,                                !- Outside Boundary Condition
  {51e19a5f-89bf-4774-8da8-3f6269b480c4}, !- Outside Boundary Condition Object
  NoSun,                                  !- Sun Exposure
  NoWind,                                 !- Wind Exposure
  ,                                       !- View Factor to Ground
  ,                                       !- Number of Vertices
  -40, -14, 2.4384,                       !- X,Y,Z Vertex 1 {m}
  -40, -16, 2.4384,                       !- X,Y,Z Vertex 2 {m}
  -40, -16, 0,                            !- X,Y,Z Vertex 3 {m}
  -40, -14, 0;                            !- X,Y,Z Vertex 4 {m}

OS:SubSurface,
  {f8215308-65b8-4fec-903b-eb488450a40a}, !- Handle
  Face 787,                               !- Name
  Door,                                   !- Sub Surface Type
  ,                                       !- Construction Name
  {0f88a4b4-9155-4e84-80e2-d74f2ed96666}, !- Surface Name
  {41e53103-e292-4689-b75d-8d1602a34683}, !- Outside Boundary Condition Object
  ,                                       !- View Factor to Ground
  ,                                       !- Frame and Divider Name
  ,                                       !- Multiplier
  ,                                       !- Number of Vertices
  -40, -15.5, 2.033016,                   !- X,Y,Z Vertex 1 {m}
  -40, -15.5, 0,                          !- X,Y,Z Vertex 2 {m}
  -40, -14.5, 0,                          !- X,Y,Z Vertex 3 {m}
  -40, -14.5, 2.033016;                   !- X,Y,Z Vertex 4 {m}

OS:Surface,
  {d3c50fdc-8818-430d-9ee9-1e5ca6e7b0bc}, !- Handle
  Face 782,                               !- Name
  Floor,                                  !- Surface Type
  ,                                       !- Construction Name
  {0931dac5-9632-4d7e-bc2a-ce85577c3638}, !- Space Name
  Ground,                                 !- Outside Boundary Condition
  ,                                       !- Outside Boundary Condition Object
  NoSun,                                  !- Sun Exposure
  NoWind,                                 !- Wind Exposure
  ,                                       !- View Factor to Ground
  ,                                       !- Number of Vertices
  -42, -16, 0,                            !- X,Y,Z Vertex 1 {m}
  -42, -14, 0,                            !- X,Y,Z Vertex 2 {m}
  -40, -14, 0,                            !- X,Y,Z Vertex 3 {m}
  -40, -16, 0;                            !- X,Y,Z Vertex 4 {m}

OS:Surface,
  {61511f5d-e2ee-4282-b585-8700f626a7dc}, !- Handle
  Face 783,                               !- Name
  RoofCeiling,                            !- Surface Type
  ,                                       !- Construction Name
  {0931dac5-9632-4d7e-bc2a-ce85577c3638}, !- Space Name
  Outdoors,                               !- Outside Boundary Condition
  ,                                       !- Outside Boundary Condition Object
  SunExposed,                             !- Sun Exposure
  WindExposed,                            !- Wind Exposure
  ,                                       !- View Factor to Ground
  ,                                       !- Number of Vertices
  -40, -16, 2.4384,                       !- X,Y,Z Vertex 1 {m}
  -40, -14, 2.4384,                       !- X,Y,Z Vertex 2 {m}
  -42, -14, 2.4384,                       !- X,Y,Z Vertex 3 {m}
  -42, -16, 2.4384;                       !- X,Y,Z Vertex 4 {m}

OS:Surface,
  {c26bde25-ba76-4895-867f-f05b914d1502}, !- Handle
  Face 788,                               !- Name
  Wall,                                   !- Surface Type
  ,                                       !- Construction Name
  {0931dac5-9632-4d7e-bc2a-ce85577c3638}, !- Space Name
  Outdoors,                               !- Outside Boundary Condition
  ,                                       !- Outside Boundary Condition Object
  SunExposed,                             !- Sun Exposure
  WindExposed,                            !- Wind Exposure
  ,                                       !- View Factor to Ground
  ,                                       !- Number of Vertices
  -40, -16, 2.4384,                       !- X,Y,Z Vertex 1 {m}
  -42, -16, 2.4384,                       !- X,Y,Z Vertex 2 {m}
  -42, -16, 0,                            !- X,Y,Z Vertex 3 {m}
  -40, -16, 0;                            !- X,Y,Z Vertex 4 {m}

OS:Surface,
  {e30aeb82-e10e-465f-8863-f22738dc2488}, !- Handle
  Face 784,                               !- Name
  Wall,                                   !- Surface Type
  ,                                       !- Construction Name
  {0931dac5-9632-4d7e-bc2a-ce85577c3638}, !- Space Name
  Outdoors,                               !- Outside Boundary Condition
  ,                                       !- Outside Boundary Condition Object
  SunExposed,                             !- Sun Exposure
  WindExposed,                            !- Wind Exposure
  ,                                       !- View Factor to Ground
  ,                                       !- Number of Vertices
  -42, -16, 2.4384,                       !- X,Y,Z Vertex 1 {m}
  -42, -14, 2.4384,                       !- X,Y,Z Vertex 2 {m}
  -42, -14, 0,                            !- X,Y,Z Vertex 3 {m}
  -42, -16, 0;                            !- X,Y,Z Vertex 4 {m}

OS:Surface,
  {906bd1ca-55b2-4a96-bbf1-b0c4323f52dc}, !- Handle
  Face 528,                               !- Name
  Wall,                                   !- Surface Type
  ,                                       !- Construction Name
  {af177309-06eb-413a-85ba-2713e910b3fb}, !- Space Name
  Surface,                                !- Outside Boundary Condition
  {0e4ea10d-dac4-4393-8dc6-dde8983f1abb}, !- Outside Boundary Condition Object
  NoSun,                                  !- Sun Exposure
  NoWind,                                 !- Wind Exposure
  ,                                       !- View Factor to Ground
  ,                                       !- Number of Vertices
  -32, -14, 2.4384,                       !- X,Y,Z Vertex 1 {m}
  -32, -14, 0,                            !- X,Y,Z Vertex 2 {m}
  -29, -14, 0,                            !- X,Y,Z Vertex 3 {m}
  -29, -14, 2.4384;                       !- X,Y,Z Vertex 4 {m}

OS:Surface,
  {638755d2-3e2d-408b-94ae-7a23fe55f280}, !- Handle
  Face 527,                               !- Name
  Wall,                                   !- Surface Type
  ,                                       !- Construction Name
  {af177309-06eb-413a-85ba-2713e910b3fb}, !- Space Name
  Surface,                                !- Outside Boundary Condition
  {af324a7f-a066-4a5b-a3f4-3f7065357fbe}, !- Outside Boundary Condition Object
  NoSun,                                  !- Sun Exposure
  NoWind,                                 !- Wind Exposure
  ,                                       !- View Factor to Ground
  ,                                       !- Number of Vertices
  -29, -14, 2.4384,                       !- X,Y,Z Vertex 1 {m}
  -29, -14, 0,                            !- X,Y,Z Vertex 2 {m}
  -29, -9, 0,                             !- X,Y,Z Vertex 3 {m}
  -29, -9, 2.4384;                        !- X,Y,Z Vertex 4 {m}

OS:Surface,
  {f47bd70c-e56b-4b74-9a33-1584ecd2703a}, !- Handle
  Face 482,                               !- Name
  Wall,                                   !- Surface Type
  ,                                       !- Construction Name
  {af177309-06eb-413a-85ba-2713e910b3fb}, !- Space Name
  Surface,                                !- Outside Boundary Condition
  {a9407348-7c3a-4f92-b298-35a85a9324a5}, !- Outside Boundary Condition Object
  NoSun,                                  !- Sun Exposure
  NoWind,                                 !- Wind Exposure
  ,                                       !- View Factor to Ground
  ,                                       !- Number of Vertices
  -29, -1, 2.4384,                        !- X,Y,Z Vertex 1 {m}
  -29, -1, 0,                             !- X,Y,Z Vertex 2 {m}
  -29, 6, 0,                              !- X,Y,Z Vertex 3 {m}
  -29, 6, 2.4384;                         !- X,Y,Z Vertex 4 {m}

OS:Surface,
  {35587b6c-302a-4049-98b4-8b0122070bec}, !- Handle
  Face 489,                               !- Name
  Wall,                                   !- Surface Type
  ,                                       !- Construction Name
  {af177309-06eb-413a-85ba-2713e910b3fb}, !- Space Name
  Surface,                                !- Outside Boundary Condition
  {8c15bc40-5b7c-4d2e-9582-95c541b53daa}, !- Outside Boundary Condition Object
  NoSun,                                  !- Sun Exposure
  NoWind,                                 !- Wind Exposure
  ,                                       !- View Factor to Ground
  ,                                       !- Number of Vertices
  -16, 0, 2.4384,                         !- X,Y,Z Vertex 1 {m}
  -16, 0, 0,                              !- X,Y,Z Vertex 2 {m}
  -19, 0, 0,                              !- X,Y,Z Vertex 3 {m}
  -19, 0, 2.4384;                         !- X,Y,Z Vertex 4 {m}

OS:Surface,
  {6d9239a7-7140-4933-84dd-40a3a76cdbce}, !- Handle
  Face 490,                               !- Name
  Wall,                                   !- Surface Type
  ,                                       !- Construction Name
  {af177309-06eb-413a-85ba-2713e910b3fb}, !- Space Name
  Surface,                                !- Outside Boundary Condition
  {c6bd07fd-9feb-44c9-9fca-84e44e011405}, !- Outside Boundary Condition Object
  NoSun,                                  !- Sun Exposure
  NoWind,                                 !- Wind Exposure
  ,                                       !- View Factor to Ground
  ,                                       !- Number of Vertices
  -10, 0, 2.4384,                         !- X,Y,Z Vertex 1 {m}
  -10, 0, 0,                              !- X,Y,Z Vertex 2 {m}
  -16, 0, 0,                              !- X,Y,Z Vertex 3 {m}
  -16, 0, 2.4384;                         !- X,Y,Z Vertex 4 {m}

OS:Surface,
  {3f711314-e746-4f3d-bc14-f655ad58cccd}, !- Handle
  Face 488,                               !- Name
  Wall,                                   !- Surface Type
  ,                                       !- Construction Name
  {af177309-06eb-413a-85ba-2713e910b3fb}, !- Space Name
  Surface,                                !- Outside Boundary Condition
  {1ddd67ee-0d31-431b-a99e-776a01588fa4}, !- Outside Boundary Condition Object
  NoSun,                                  !- Sun Exposure
  NoWind,                                 !- Wind Exposure
  ,                                       !- View Factor to Ground
  ,                                       !- Number of Vertices
  -19, 0, 2.4384,                         !- X,Y,Z Vertex 1 {m}
  -19, 0, 0,                              !- X,Y,Z Vertex 2 {m}
  -19, 3, 0,                              !- X,Y,Z Vertex 3 {m}
  -19, 3, 2.4384;                         !- X,Y,Z Vertex 4 {m}

OS:Surface,
  {2283ee2d-30e4-40d9-b01c-bf0a92a2ba1c}, !- Handle
  Face 495,                               !- Name
  Wall,                                   !- Surface Type
  ,                                       !- Construction Name
  {af177309-06eb-413a-85ba-2713e910b3fb}, !- Space Name
  Surface,                                !- Outside Boundary Condition
  {7bf992b8-aa35-4b00-b9b6-a5f96ab979f8}, !- Outside Boundary Condition Object
  NoSun,                                  !- Sun Exposure
  NoWind,                                 !- Wind Exposure
  ,                                       !- View Factor to Ground
  ,                                       !- Number of Vertices
  -2, 5, 2.4384,                          !- X,Y,Z Vertex 1 {m}
  0, 5, 2.4384,                           !- X,Y,Z Vertex 2 {m}
  0, 5, 0,                                !- X,Y,Z Vertex 3 {m}
  -2, 5, 0;                               !- X,Y,Z Vertex 4 {m}

OS:SubSurface,
  {4e9d0b88-158e-460e-8703-13e1e9882046}, !- Handle
  Face 496,                               !- Name
  Door,                                   !- Sub Surface Type
  ,                                       !- Construction Name
  {2283ee2d-30e4-40d9-b01c-bf0a92a2ba1c}, !- Surface Name
  {988e7f5e-0360-4447-9c6a-a30f9744d150}, !- Outside Boundary Condition Object
  ,                                       !- View Factor to Ground
  ,                                       !- Frame and Divider Name
  ,                                       !- Multiplier
  ,                                       !- Number of Vertices
  -0.2, 5, 2.033016,                      !- X,Y,Z Vertex 1 {m}
  -0.2, 5, 0,                             !- X,Y,Z Vertex 2 {m}
  -1.8, 5, 0,                             !- X,Y,Z Vertex 3 {m}
  -1.8, 5, 2.033016;                      !- X,Y,Z Vertex 4 {m}

OS:Surface,
  {fb858de8-dd32-4e18-aaeb-d7b183bda9f6}, !- Handle
  Face 492,                               !- Name
  Wall,                                   !- Surface Type
  ,                                       !- Construction Name
  {af177309-06eb-413a-85ba-2713e910b3fb}, !- Space Name
  Surface,                                !- Outside Boundary Condition
  {1e4018fb-3ef9-49db-82d7-d6acb1e3265e}, !- Outside Boundary Condition Object
  NoSun,                                  !- Sun Exposure
  NoWind,                                 !- Wind Exposure
  ,                                       !- View Factor to Ground
  ,                                       !- Number of Vertices
  -7, 0, 2.4384,                          !- X,Y,Z Vertex 1 {m}
  -2, 0, 2.4384,                          !- X,Y,Z Vertex 2 {m}
  -2, 0, 0,                               !- X,Y,Z Vertex 3 {m}
  -7, 0, 0;                               !- X,Y,Z Vertex 4 {m}

OS:SubSurface,
  {75782564-a129-4abe-89ae-3dd767430a91}, !- Handle
  Face 493,                               !- Name
  Door,                                   !- Sub Surface Type
  ,                                       !- Construction Name
  {fb858de8-dd32-4e18-aaeb-d7b183bda9f6}, !- Surface Name
  {e2cdc7a8-dbcd-41b3-bc01-ba858e223283}, !- Outside Boundary Condition Object
  ,                                       !- View Factor to Ground
  ,                                       !- Frame and Divider Name
  ,                                       !- Multiplier
  ,                                       !- Number of Vertices
  -4.2, 0, 2.033016,                      !- X,Y,Z Vertex 1 {m}
  -4.2, 0, 0,                             !- X,Y,Z Vertex 2 {m}
  -5.8, 0, 0,                             !- X,Y,Z Vertex 3 {m}
  -5.8, 0, 2.033016;                      !- X,Y,Z Vertex 4 {m}

OS:Surface,
  {2164717f-1573-40ca-a28b-991a2a7d9f6e}, !- Handle
  Face 505,                               !- Name
  Wall,                                   !- Surface Type
  ,                                       !- Construction Name
  {af177309-06eb-413a-85ba-2713e910b3fb}, !- Space Name
  Surface,                                !- Outside Boundary Condition
  {2fda64fa-092e-451e-a149-bbb3c4bbb6d9}, !- Outside Boundary Condition Object
  NoSun,                                  !- Sun Exposure
  NoWind,                                 !- Wind Exposure
  ,                                       !- View Factor to Ground
  ,                                       !- Number of Vertices
  21, 5, 2.4384,                          !- X,Y,Z Vertex 1 {m}
  21, 5, 0,                               !- X,Y,Z Vertex 2 {m}
  18, 5, 0,                               !- X,Y,Z Vertex 3 {m}
  18, 5, 2.4384;                          !- X,Y,Z Vertex 4 {m}

OS:Surface,
  {c4ce96b0-20d5-4177-82c0-070f03595528}, !- Handle
  Face 483,                               !- Name
  Wall,                                   !- Surface Type
  ,                                       !- Construction Name
  {af177309-06eb-413a-85ba-2713e910b3fb}, !- Space Name
  Surface,                                !- Outside Boundary Condition
  {c0061b47-b9c8-406d-880a-c28d2ad4a581}, !- Outside Boundary Condition Object
  NoSun,                                  !- Sun Exposure
  NoWind,                                 !- Wind Exposure
  ,                                       !- View Factor to Ground
  ,                                       !- Number of Vertices
  -29, -1, 2.4384,                        !- X,Y,Z Vertex 1 {m}
  -22, -1, 2.4384,                        !- X,Y,Z Vertex 2 {m}
  -22, -1, 0,                             !- X,Y,Z Vertex 3 {m}
  -29, -1, 0;                             !- X,Y,Z Vertex 4 {m}

OS:SubSurface,
  {c1dabf3b-4358-40e7-9ccc-bcaab6902629}, !- Handle
  Face 484,                               !- Name
  Door,                                   !- Sub Surface Type
  ,                                       !- Construction Name
  {c4ce96b0-20d5-4177-82c0-070f03595528}, !- Surface Name
  {cd4a04ef-32e4-449a-b137-a6d31f99255b}, !- Outside Boundary Condition Object
  ,                                       !- View Factor to Ground
  ,                                       !- Frame and Divider Name
  ,                                       !- Multiplier
  ,                                       !- Number of Vertices
  -24.2, -1, 2.033016,                    !- X,Y,Z Vertex 1 {m}
  -24.2, -1, 0,                           !- X,Y,Z Vertex 2 {m}
  -25.8, -1, 0,                           !- X,Y,Z Vertex 3 {m}
  -25.8, -1, 2.033016;                    !- X,Y,Z Vertex 4 {m}

OS:Surface,
  {e02a31a8-ee5f-4221-8534-d6b125e9d033}, !- Handle
  Face 479,                               !- Name
  Wall,                                   !- Surface Type
  ,                                       !- Construction Name
  {af177309-06eb-413a-85ba-2713e910b3fb}, !- Space Name
  Surface,                                !- Outside Boundary Condition
  {4d79b613-3ac1-41a1-a93a-cdd208a8873a}, !- Outside Boundary Condition Object
  NoSun,                                  !- Sun Exposure
  NoWind,                                 !- Wind Exposure
  ,                                       !- View Factor to Ground
  ,                                       !- Number of Vertices
  -32, 1, 2.4384,                         !- X,Y,Z Vertex 1 {m}
  -32, 1, 0,                              !- X,Y,Z Vertex 2 {m}
  -32, -4, 0,                             !- X,Y,Z Vertex 3 {m}
  -32, -4, 2.4384;                        !- X,Y,Z Vertex 4 {m}

OS:Surface,
  {8f49c021-55fc-4b17-8ba2-d0ab6cb7fa7d}, !- Handle
  Face 480,                               !- Name
  Wall,                                   !- Surface Type
  ,                                       !- Construction Name
  {af177309-06eb-413a-85ba-2713e910b3fb}, !- Space Name
  Surface,                                !- Outside Boundary Condition
  {8beea9e2-7631-4c5d-afeb-f348a6d274af}, !- Outside Boundary Condition Object
  NoSun,                                  !- Sun Exposure
  NoWind,                                 !- Wind Exposure
  ,                                       !- View Factor to Ground
  ,                                       !- Number of Vertices
  -32, 6, 2.4384,                         !- X,Y,Z Vertex 1 {m}
  -32, 6, 0,                              !- X,Y,Z Vertex 2 {m}
  -32, 1, 0,                              !- X,Y,Z Vertex 3 {m}
  -32, 1, 2.4384;                         !- X,Y,Z Vertex 4 {m}

OS:Surface,
  {3583d897-9d28-4606-8cd9-df589b0698e0}, !- Handle
  Face 478,                               !- Name
  Wall,                                   !- Surface Type
  ,                                       !- Construction Name
  {af177309-06eb-413a-85ba-2713e910b3fb}, !- Space Name
  Surface,                                !- Outside Boundary Condition
  {9a5c7cc1-1f78-435b-a74c-13bf8b539205}, !- Outside Boundary Condition Object
  NoSun,                                  !- Sun Exposure
  NoWind,                                 !- Wind Exposure
  ,                                       !- View Factor to Ground
  ,                                       !- Number of Vertices
  -32, -4, 2.4384,                        !- X,Y,Z Vertex 1 {m}
  -32, -4, 0,                             !- X,Y,Z Vertex 2 {m}
  -32, -9, 0,                             !- X,Y,Z Vertex 3 {m}
  -32, -9, 2.4384;                        !- X,Y,Z Vertex 4 {m}

OS:Surface,
  {1b0e2236-c532-4b85-8c5a-1ddea90da7b3}, !- Handle
  Face 477,                               !- Name
  Wall,                                   !- Surface Type
  ,                                       !- Construction Name
  {af177309-06eb-413a-85ba-2713e910b3fb}, !- Space Name
  Surface,                                !- Outside Boundary Condition
  {b5b387b4-0bda-4f1b-a67b-c4bf0cf5f905}, !- Outside Boundary Condition Object
  NoSun,                                  !- Sun Exposure
  NoWind,                                 !- Wind Exposure
  ,                                       !- View Factor to Ground
  ,                                       !- Number of Vertices
  -32, -9, 2.4384,                        !- X,Y,Z Vertex 1 {m}
  -32, -9, 0,                             !- X,Y,Z Vertex 2 {m}
  -32, -14, 0,                            !- X,Y,Z Vertex 3 {m}
  -32, -14, 2.4384;                       !- X,Y,Z Vertex 4 {m}

OS:Surface,
  {8d57aac7-d99a-411e-9a5a-cfaaeecb6941}, !- Handle
  Face 475,                               !- Name
  Floor,                                  !- Surface Type
  ,                                       !- Construction Name
  {af177309-06eb-413a-85ba-2713e910b3fb}, !- Space Name
  Ground,                                 !- Outside Boundary Condition
  ,                                       !- Outside Boundary Condition Object
  NoSun,                                  !- Sun Exposure
  NoWind,                                 !- Wind Exposure
  ,                                       !- View Factor to Ground
  ,                                       !- Number of Vertices
  -32, -14, 0,                            !- X,Y,Z Vertex 1 {m}
  -32, -9, 0,                             !- X,Y,Z Vertex 2 {m}
  -32, -4, 0,                             !- X,Y,Z Vertex 3 {m}
  -32, 1, 0,                              !- X,Y,Z Vertex 4 {m}
  -32, 6, 0,                              !- X,Y,Z Vertex 5 {m}
  -29, 6, 0,                              !- X,Y,Z Vertex 6 {m}
  -29, -1, 0,                             !- X,Y,Z Vertex 7 {m}
  -22, -1, 0,                             !- X,Y,Z Vertex 8 {m}
  -22, 6, 0,                              !- X,Y,Z Vertex 9 {m}
  -19, 6, 0,                              !- X,Y,Z Vertex 10 {m}
  -19, 3, 0,                              !- X,Y,Z Vertex 11 {m}
  -19, 0, 0,                              !- X,Y,Z Vertex 12 {m}
  -16, 0, 0,                              !- X,Y,Z Vertex 13 {m}
  -10, 0, 0,                              !- X,Y,Z Vertex 14 {m}
  -7, 0, 0,                               !- X,Y,Z Vertex 15 {m}
  -2, 0, 0,                               !- X,Y,Z Vertex 16 {m}
  -2, 5, 0,                               !- X,Y,Z Vertex 17 {m}
  0, 5, 0,                                !- X,Y,Z Vertex 18 {m}
  0, 0, 0,                                !- X,Y,Z Vertex 19 {m}
  9, 0, 0,                                !- X,Y,Z Vertex 20 {m}
  18, 0, 0,                               !- X,Y,Z Vertex 21 {m}
  18, 5, 0,                               !- X,Y,Z Vertex 22 {m}
  21, 5, 0,                               !- X,Y,Z Vertex 23 {m}
  21, 0, 0,                               !- X,Y,Z Vertex 24 {m}
  21, -2, 0,                              !- X,Y,Z Vertex 25 {m}
  33, -2, 0,                              !- X,Y,Z Vertex 26 {m}
  33, 5, 0,                               !- X,Y,Z Vertex 27 {m}
  35, 5, 0,                               !- X,Y,Z Vertex 28 {m}
  35, -2, 0,                              !- X,Y,Z Vertex 29 {m}
  37, -2, 0,                              !- X,Y,Z Vertex 30 {m}
  37, -4, 0,                              !- X,Y,Z Vertex 31 {m}
  35, -4, 0,                              !- X,Y,Z Vertex 32 {m}
  33, -4, 0,                              !- X,Y,Z Vertex 33 {m}
  21, -4, 0,                              !- X,Y,Z Vertex 34 {m}
  16, -4, 0,                              !- X,Y,Z Vertex 35 {m}
  10, -4, 0,                              !- X,Y,Z Vertex 36 {m}
  3, -4, 0,                               !- X,Y,Z Vertex 37 {m}
  -22, -4, 0,                             !- X,Y,Z Vertex 38 {m}
  -29, -4, 0,                             !- X,Y,Z Vertex 39 {m}
  -29, -9, 0,                             !- X,Y,Z Vertex 40 {m}
  -29, -14, 0;                            !- X,Y,Z Vertex 41 {m}

OS:Surface,
  {57e45588-852e-470b-b02a-41b18c1283e6}, !- Handle
  Face 476,                               !- Name
  RoofCeiling,                            !- Surface Type
  ,                                       !- Construction Name
  {af177309-06eb-413a-85ba-2713e910b3fb}, !- Space Name
  Outdoors,                               !- Outside Boundary Condition
  ,                                       !- Outside Boundary Condition Object
  SunExposed,                             !- Sun Exposure
  WindExposed,                            !- Wind Exposure
  ,                                       !- View Factor to Ground
  ,                                       !- Number of Vertices
  -29, -14, 2.4384,                       !- X,Y,Z Vertex 1 {m}
  -29, -9, 2.4384,                        !- X,Y,Z Vertex 2 {m}
  -29, -4, 2.4384,                        !- X,Y,Z Vertex 3 {m}
  -22, -4, 2.4384,                        !- X,Y,Z Vertex 4 {m}
  3, -4, 2.4384,                          !- X,Y,Z Vertex 5 {m}
  10, -4, 2.4384,                         !- X,Y,Z Vertex 6 {m}
  16, -4, 2.4384,                         !- X,Y,Z Vertex 7 {m}
  21, -4, 2.4384,                         !- X,Y,Z Vertex 8 {m}
  33, -4, 2.4384,                         !- X,Y,Z Vertex 9 {m}
  35, -4, 2.4384,                         !- X,Y,Z Vertex 10 {m}
  37, -4, 2.4384,                         !- X,Y,Z Vertex 11 {m}
  37, -2, 2.4384,                         !- X,Y,Z Vertex 12 {m}
  35, -2, 2.4384,                         !- X,Y,Z Vertex 13 {m}
  35, 5, 2.4384,                          !- X,Y,Z Vertex 14 {m}
  33, 5, 2.4384,                          !- X,Y,Z Vertex 15 {m}
  33, -2, 2.4384,                         !- X,Y,Z Vertex 16 {m}
  21, -2, 2.4384,                         !- X,Y,Z Vertex 17 {m}
  21, 0, 2.4384,                          !- X,Y,Z Vertex 18 {m}
  21, 5, 2.4384,                          !- X,Y,Z Vertex 19 {m}
  18, 5, 2.4384,                          !- X,Y,Z Vertex 20 {m}
  18, 0, 2.4384,                          !- X,Y,Z Vertex 21 {m}
  9, 0, 2.4384,                           !- X,Y,Z Vertex 22 {m}
  0, 0, 2.4384,                           !- X,Y,Z Vertex 23 {m}
  0, 5, 2.4384,                           !- X,Y,Z Vertex 24 {m}
  -2, 5, 2.4384,                          !- X,Y,Z Vertex 25 {m}
  -2, 0, 2.4384,                          !- X,Y,Z Vertex 26 {m}
  -7, 0, 2.4384,                          !- X,Y,Z Vertex 27 {m}
  -10, 0, 2.4384,                         !- X,Y,Z Vertex 28 {m}
  -16, 0, 2.4384,                         !- X,Y,Z Vertex 29 {m}
  -19, 0, 2.4384,                         !- X,Y,Z Vertex 30 {m}
  -19, 3, 2.4384,                         !- X,Y,Z Vertex 31 {m}
  -19, 6, 2.4384,                         !- X,Y,Z Vertex 32 {m}
  -22, 6, 2.4384,                         !- X,Y,Z Vertex 33 {m}
  -22, -1, 2.4384,                        !- X,Y,Z Vertex 34 {m}
  -29, -1, 2.4384,                        !- X,Y,Z Vertex 35 {m}
  -29, 6, 2.4384,                         !- X,Y,Z Vertex 36 {m}
  -32, 6, 2.4384,                         !- X,Y,Z Vertex 37 {m}
  -32, 1, 2.4384,                         !- X,Y,Z Vertex 38 {m}
  -32, -4, 2.4384,                        !- X,Y,Z Vertex 39 {m}
  -32, -9, 2.4384,                        !- X,Y,Z Vertex 40 {m}
  -32, -14, 2.4384;                       !- X,Y,Z Vertex 41 {m}

OS:Surface,
  {eefa44e2-d0df-4212-8d86-2237657d6d07}, !- Handle
  Face 481,                               !- Name
  Wall,                                   !- Surface Type
  ,                                       !- Construction Name
  {af177309-06eb-413a-85ba-2713e910b3fb}, !- Space Name
  Surface,                                !- Outside Boundary Condition
  {1d60a915-658c-44ae-8ef8-f3d745212ed3}, !- Outside Boundary Condition Object
  NoSun,                                  !- Sun Exposure
  NoWind,                                 !- Wind Exposure
  ,                                       !- View Factor to Ground
  ,                                       !- Number of Vertices
  -29, 6, 2.4384,                         !- X,Y,Z Vertex 1 {m}
  -29, 6, 0,                              !- X,Y,Z Vertex 2 {m}
  -32, 6, 0,                              !- X,Y,Z Vertex 3 {m}
  -32, 6, 2.4384;                         !- X,Y,Z Vertex 4 {m}

OS:Surface,
  {4385aef5-71ff-4eac-8fd7-49a59ae2eeb4}, !- Handle
  Face 485,                               !- Name
  Wall,                                   !- Surface Type
  ,                                       !- Construction Name
  {af177309-06eb-413a-85ba-2713e910b3fb}, !- Space Name
  Surface,                                !- Outside Boundary Condition
  {c56f1bd9-898b-4c27-b742-54029acca465}, !- Outside Boundary Condition Object
  NoSun,                                  !- Sun Exposure
  NoWind,                                 !- Wind Exposure
  ,                                       !- View Factor to Ground
  ,                                       !- Number of Vertices
  -22, 6, 2.4384,                         !- X,Y,Z Vertex 1 {m}
  -22, 6, 0,                              !- X,Y,Z Vertex 2 {m}
  -22, -1, 0,                             !- X,Y,Z Vertex 3 {m}
  -22, -1, 2.4384;                        !- X,Y,Z Vertex 4 {m}

OS:Surface,
  {491a59b0-81b8-4f6a-8f98-4e1680a88d9f}, !- Handle
  Face 486,                               !- Name
  Wall,                                   !- Surface Type
  ,                                       !- Construction Name
  {af177309-06eb-413a-85ba-2713e910b3fb}, !- Space Name
  Surface,                                !- Outside Boundary Condition
  {0584786e-3d58-4e33-ad5c-ad8982a976d9}, !- Outside Boundary Condition Object
  NoSun,                                  !- Sun Exposure
  NoWind,                                 !- Wind Exposure
  ,                                       !- View Factor to Ground
  ,                                       !- Number of Vertices
  -19, 6, 2.4384,                         !- X,Y,Z Vertex 1 {m}
  -19, 6, 0,                              !- X,Y,Z Vertex 2 {m}
  -22, 6, 0,                              !- X,Y,Z Vertex 3 {m}
  -22, 6, 2.4384;                         !- X,Y,Z Vertex 4 {m}

OS:Surface,
  {f83382fe-7c85-4998-8cd6-cc672b84b311}, !- Handle
  Face 487,                               !- Name
  Wall,                                   !- Surface Type
  ,                                       !- Construction Name
  {af177309-06eb-413a-85ba-2713e910b3fb}, !- Space Name
  Surface,                                !- Outside Boundary Condition
  {be5984b4-0857-4e8a-a01a-15372802852b}, !- Outside Boundary Condition Object
  NoSun,                                  !- Sun Exposure
  NoWind,                                 !- Wind Exposure
  ,                                       !- View Factor to Ground
  ,                                       !- Number of Vertices
  -19, 3, 2.4384,                         !- X,Y,Z Vertex 1 {m}
  -19, 3, 0,                              !- X,Y,Z Vertex 2 {m}
  -19, 6, 0,                              !- X,Y,Z Vertex 3 {m}
  -19, 6, 2.4384;                         !- X,Y,Z Vertex 4 {m}

OS:Surface,
  {95c0e335-4e74-4bff-8e3c-4bbdb74db4f2}, !- Handle
  Face 491,                               !- Name
  Wall,                                   !- Surface Type
  ,                                       !- Construction Name
  {af177309-06eb-413a-85ba-2713e910b3fb}, !- Space Name
  Surface,                                !- Outside Boundary Condition
  {0b4408fb-39ee-449c-884b-4d77c67e2ca3}, !- Outside Boundary Condition Object
  NoSun,                                  !- Sun Exposure
  NoWind,                                 !- Wind Exposure
  ,                                       !- View Factor to Ground
  ,                                       !- Number of Vertices
  -7, 0, 2.4384,                          !- X,Y,Z Vertex 1 {m}
  -7, 0, 0,                               !- X,Y,Z Vertex 2 {m}
  -10, 0, 0,                              !- X,Y,Z Vertex 3 {m}
  -10, 0, 2.4384;                         !- X,Y,Z Vertex 4 {m}

OS:Surface,
  {90d13ce2-9e05-42f3-9f83-51929daddd73}, !- Handle
  Face 494,                               !- Name
  Wall,                                   !- Surface Type
  ,                                       !- Construction Name
  {af177309-06eb-413a-85ba-2713e910b3fb}, !- Space Name
  Surface,                                !- Outside Boundary Condition
  {3d43399e-8b66-481b-aea2-79560ffa117c}, !- Outside Boundary Condition Object
  NoSun,                                  !- Sun Exposure
  NoWind,                                 !- Wind Exposure
  ,                                       !- View Factor to Ground
  ,                                       !- Number of Vertices
  -2, 5, 2.4384,                          !- X,Y,Z Vertex 1 {m}
  -2, 5, 0,                               !- X,Y,Z Vertex 2 {m}
  -2, 0, 0,                               !- X,Y,Z Vertex 3 {m}
  -2, 0, 2.4384;                          !- X,Y,Z Vertex 4 {m}

OS:Surface,
  {f9f2cdef-0515-4c5d-b62c-4a263034ed90}, !- Handle
  Face 497,                               !- Name
  Wall,                                   !- Surface Type
  ,                                       !- Construction Name
  {af177309-06eb-413a-85ba-2713e910b3fb}, !- Space Name
  Surface,                                !- Outside Boundary Condition
  {154b5adf-7c10-48ce-aa40-55ebe55a111e}, !- Outside Boundary Condition Object
  NoSun,                                  !- Sun Exposure
  NoWind,                                 !- Wind Exposure
  ,                                       !- View Factor to Ground
  ,                                       !- Number of Vertices
  0, 0, 2.4384,                           !- X,Y,Z Vertex 1 {m}
  0, 0, 0,                                !- X,Y,Z Vertex 2 {m}
  0, 5, 0,                                !- X,Y,Z Vertex 3 {m}
  0, 5, 2.4384;                           !- X,Y,Z Vertex 4 {m}

OS:Surface,
  {ad6d1d83-bf6a-4039-8039-efe5061d45d4}, !- Handle
  Face 498,                               !- Name
  Wall,                                   !- Surface Type
  ,                                       !- Construction Name
  {af177309-06eb-413a-85ba-2713e910b3fb}, !- Space Name
  Surface,                                !- Outside Boundary Condition
  {0c69df94-98f1-43ac-ab6d-d82c954e3e32}, !- Outside Boundary Condition Object
  NoSun,                                  !- Sun Exposure
  NoWind,                                 !- Wind Exposure
  ,                                       !- View Factor to Ground
  ,                                       !- Number of Vertices
  0, 0, 2.4384,                           !- X,Y,Z Vertex 1 {m}
  9, 0, 2.4384,                           !- X,Y,Z Vertex 2 {m}
  9, 0, 0,                                !- X,Y,Z Vertex 3 {m}
  0, 0, 0;                                !- X,Y,Z Vertex 4 {m}

OS:SubSurface,
  {337f8463-28e1-4acd-8f38-21d497ad6d61}, !- Handle
  Face 500,                               !- Name
  Door,                                   !- Sub Surface Type
  ,                                       !- Construction Name
  {ad6d1d83-bf6a-4039-8039-efe5061d45d4}, !- Surface Name
  {a80bc238-7b9d-4d59-875a-52823fb4e32c}, !- Outside Boundary Condition Object
  ,                                       !- View Factor to Ground
  ,                                       !- Frame and Divider Name
  ,                                       !- Multiplier
  ,                                       !- Number of Vertices
  3.8, 0, 2.033016,                       !- X,Y,Z Vertex 1 {m}
  3.8, 0, 0,                              !- X,Y,Z Vertex 2 {m}
  2.2, 0, 0,                              !- X,Y,Z Vertex 3 {m}
  2.2, 0, 2.033016;                       !- X,Y,Z Vertex 4 {m}

OS:SubSurface,
  {0f4cc38c-9ef9-4eff-8f6b-d85ae0f62547}, !- Handle
  Face 499,                               !- Name
  Door,                                   !- Sub Surface Type
  ,                                       !- Construction Name
  {ad6d1d83-bf6a-4039-8039-efe5061d45d4}, !- Surface Name
  {bb7d783b-eea3-4fe1-b7a2-b66249d5499c}, !- Outside Boundary Condition Object
  ,                                       !- View Factor to Ground
  ,                                       !- Frame and Divider Name
  ,                                       !- Multiplier
  ,                                       !- Number of Vertices
  7.8, 0, 2.033016,                       !- X,Y,Z Vertex 1 {m}
  7.8, 0, 0,                              !- X,Y,Z Vertex 2 {m}
  6.2, 0, 0,                              !- X,Y,Z Vertex 3 {m}
  6.2, 0, 2.033016;                       !- X,Y,Z Vertex 4 {m}

OS:Surface,
  {18246e9b-0a84-4d92-bdbb-6907f0fe16c1}, !- Handle
  Face 501,                               !- Name
  Wall,                                   !- Surface Type
  ,                                       !- Construction Name
  {af177309-06eb-413a-85ba-2713e910b3fb}, !- Space Name
  Surface,                                !- Outside Boundary Condition
  {84cc67f0-f724-4aa8-9179-2bd11d6708e5}, !- Outside Boundary Condition Object
  NoSun,                                  !- Sun Exposure
  NoWind,                                 !- Wind Exposure
  ,                                       !- View Factor to Ground
  ,                                       !- Number of Vertices
  9, 0, 2.4384,                           !- X,Y,Z Vertex 1 {m}
  18, 0, 2.4384,                          !- X,Y,Z Vertex 2 {m}
  18, 0, 0,                               !- X,Y,Z Vertex 3 {m}
  9, 0, 0;                                !- X,Y,Z Vertex 4 {m}

OS:SubSurface,
  {07ce5445-730c-40f3-b360-bdf317a6c48c}, !- Handle
  Face 502,                               !- Name
  Door,                                   !- Sub Surface Type
  ,                                       !- Construction Name
  {18246e9b-0a84-4d92-bdbb-6907f0fe16c1}, !- Surface Name
  {6c1b8761-462a-4f5c-bfbf-bfa3550f23af}, !- Outside Boundary Condition Object
  ,                                       !- View Factor to Ground
  ,                                       !- Frame and Divider Name
  ,                                       !- Multiplier
  ,                                       !- Number of Vertices
  16.8, 0, 2.033016,                      !- X,Y,Z Vertex 1 {m}
  16.8, 0, 0,                             !- X,Y,Z Vertex 2 {m}
  15.2, 0, 0,                             !- X,Y,Z Vertex 3 {m}
  15.2, 0, 2.033016;                      !- X,Y,Z Vertex 4 {m}

OS:SubSurface,
  {41a458d6-74a2-414f-aae5-6f65a1d3914c}, !- Handle
  Face 503,                               !- Name
  Door,                                   !- Sub Surface Type
  ,                                       !- Construction Name
  {18246e9b-0a84-4d92-bdbb-6907f0fe16c1}, !- Surface Name
  {6501bcd2-a387-4d85-999b-c5861e9a799f}, !- Outside Boundary Condition Object
  ,                                       !- View Factor to Ground
  ,                                       !- Frame and Divider Name
  ,                                       !- Multiplier
  ,                                       !- Number of Vertices
  12.8, 0, 2.033016,                      !- X,Y,Z Vertex 1 {m}
  12.8, 0, 0,                             !- X,Y,Z Vertex 2 {m}
  11.2, 0, 0,                             !- X,Y,Z Vertex 3 {m}
  11.2, 0, 2.033016;                      !- X,Y,Z Vertex 4 {m}

OS:Surface,
  {68b32b8f-bf36-4152-b3fa-0451390c3f69}, !- Handle
  Face 504,                               !- Name
  Wall,                                   !- Surface Type
  ,                                       !- Construction Name
  {af177309-06eb-413a-85ba-2713e910b3fb}, !- Space Name
  Surface,                                !- Outside Boundary Condition
  {15ac3e14-9bdf-44cf-9011-24cac1bf57c0}, !- Outside Boundary Condition Object
  NoSun,                                  !- Sun Exposure
  NoWind,                                 !- Wind Exposure
  ,                                       !- View Factor to Ground
  ,                                       !- Number of Vertices
  18, 5, 2.4384,                          !- X,Y,Z Vertex 1 {m}
  18, 5, 0,                               !- X,Y,Z Vertex 2 {m}
  18, 0, 0,                               !- X,Y,Z Vertex 3 {m}
  18, 0, 2.4384;                          !- X,Y,Z Vertex 4 {m}

OS:Surface,
  {b8e013e3-c8cf-4dc0-ad82-1e2764963da5}, !- Handle
  Face 506,                               !- Name
  Wall,                                   !- Surface Type
  ,                                       !- Construction Name
  {af177309-06eb-413a-85ba-2713e910b3fb}, !- Space Name
  Surface,                                !- Outside Boundary Condition
  {a7ef51a0-edd4-485d-b3aa-7a5ee6d5dc06}, !- Outside Boundary Condition Object
  NoSun,                                  !- Sun Exposure
  NoWind,                                 !- Wind Exposure
  ,                                       !- View Factor to Ground
  ,                                       !- Number of Vertices
  21, 0, 2.4384,                          !- X,Y,Z Vertex 1 {m}
  21, 0, 0,                               !- X,Y,Z Vertex 2 {m}
  21, 5, 0,                               !- X,Y,Z Vertex 3 {m}
  21, 5, 2.4384;                          !- X,Y,Z Vertex 4 {m}

OS:Surface,
  {d30b50f1-533c-4094-9f8a-c3bfa7775d56}, !- Handle
  Face 509,                               !- Name
  Wall,                                   !- Surface Type
  ,                                       !- Construction Name
  {af177309-06eb-413a-85ba-2713e910b3fb}, !- Space Name
  Surface,                                !- Outside Boundary Condition
  {cc57960e-0e68-4d8f-80f4-c0df17eee1fd}, !- Outside Boundary Condition Object
  NoSun,                                  !- Sun Exposure
  NoWind,                                 !- Wind Exposure
  ,                                       !- View Factor to Ground
  ,                                       !- Number of Vertices
  33, -2, 2.4384,                         !- X,Y,Z Vertex 1 {m}
  33, 5, 2.4384,                          !- X,Y,Z Vertex 2 {m}
  33, 5, 0,                               !- X,Y,Z Vertex 3 {m}
  33, -2, 0;                              !- X,Y,Z Vertex 4 {m}

OS:SubSurface,
  {d943f884-b1e7-4bc8-9a9b-d92e7cf66246}, !- Handle
  Face 510,                               !- Name
  Door,                                   !- Sub Surface Type
  ,                                       !- Construction Name
  {d30b50f1-533c-4094-9f8a-c3bfa7775d56}, !- Surface Name
  {72245b0b-6cec-4839-8d7a-a0b09ef2e4ac}, !- Outside Boundary Condition Object
  ,                                       !- View Factor to Ground
  ,                                       !- Frame and Divider Name
  ,                                       !- Multiplier
  ,                                       !- Number of Vertices
  33, 4.5, 2.033016,                      !- X,Y,Z Vertex 1 {m}
  33, 4.5, 0,                             !- X,Y,Z Vertex 2 {m}
  33, 3.5, 0,                             !- X,Y,Z Vertex 3 {m}
  33, 3.5, 2.033016;                      !- X,Y,Z Vertex 4 {m}

OS:Surface,
  {32262d6e-b2c9-4375-a52f-26ae489b5f6b}, !- Handle
  Face 507,                               !- Name
  Wall,                                   !- Surface Type
  ,                                       !- Construction Name
  {af177309-06eb-413a-85ba-2713e910b3fb}, !- Space Name
  Surface,                                !- Outside Boundary Condition
  {b6c6f8b9-658e-4235-a023-2621c66b8abb}, !- Outside Boundary Condition Object
  NoSun,                                  !- Sun Exposure
  NoWind,                                 !- Wind Exposure
  ,                                       !- View Factor to Ground
  ,                                       !- Number of Vertices
  21, -2, 2.4384,                         !- X,Y,Z Vertex 1 {m}
  21, -2, 0,                              !- X,Y,Z Vertex 2 {m}
  21, 0, 0,                               !- X,Y,Z Vertex 3 {m}
  21, 0, 2.4384;                          !- X,Y,Z Vertex 4 {m}

OS:Surface,
  {29b1b4e6-e9d6-49ab-bf83-fad2e913ffeb}, !- Handle
  Face 511,                               !- Name
  Wall,                                   !- Surface Type
  ,                                       !- Construction Name
  {af177309-06eb-413a-85ba-2713e910b3fb}, !- Space Name
  Surface,                                !- Outside Boundary Condition
  {13723b40-4bd7-41ab-9df2-d022d0de968e}, !- Outside Boundary Condition Object
  NoSun,                                  !- Sun Exposure
  NoWind,                                 !- Wind Exposure
  ,                                       !- View Factor to Ground
  ,                                       !- Number of Vertices
  35, 5, 2.4384,                          !- X,Y,Z Vertex 1 {m}
  35, 5, 0,                               !- X,Y,Z Vertex 2 {m}
  33, 5, 0,                               !- X,Y,Z Vertex 3 {m}
  33, 5, 2.4384;                          !- X,Y,Z Vertex 4 {m}

OS:Surface,
  {ab46c077-d294-4c49-bbae-c2191649be83}, !- Handle
  Face 512,                               !- Name
  Wall,                                   !- Surface Type
  ,                                       !- Construction Name
  {af177309-06eb-413a-85ba-2713e910b3fb}, !- Space Name
  Outdoors,                               !- Outside Boundary Condition
  ,                                       !- Outside Boundary Condition Object
  SunExposed,                             !- Sun Exposure
  WindExposed,                            !- Wind Exposure
  ,                                       !- View Factor to Ground
  ,                                       !- Number of Vertices
  35, 5, 2.4384,                          !- X,Y,Z Vertex 1 {m}
  35, -2, 2.4384,                         !- X,Y,Z Vertex 2 {m}
  35, -2, 0,                              !- X,Y,Z Vertex 3 {m}
  35, 5, 0;                               !- X,Y,Z Vertex 4 {m}

OS:SubSurface,
  {476c6da2-46a7-43bf-adf6-3e17f14d9d3e}, !- Handle
  Face 513,                               !- Name
  FixedWindow,                            !- Sub Surface Type
  ,                                       !- Construction Name
  {ab46c077-d294-4c49-bbae-c2191649be83}, !- Surface Name
  ,                                       !- Outside Boundary Condition Object
  ,                                       !- View Factor to Ground
  ,                                       !- Frame and Divider Name
  ,                                       !- Multiplier
  ,                                       !- Number of Vertices
  35, -1.5, 2.1336,                       !- X,Y,Z Vertex 1 {m}
  35, -1.5, 0.9144,                       !- X,Y,Z Vertex 2 {m}
  35, 3.5, 0.9144,                        !- X,Y,Z Vertex 3 {m}
  35, 3.5, 2.1336;                        !- X,Y,Z Vertex 4 {m}

OS:Surface,
  {65ba7029-327b-44f5-819d-325b54df5884}, !- Handle
  Face 514,                               !- Name
  Wall,                                   !- Surface Type
  ,                                       !- Construction Name
  {af177309-06eb-413a-85ba-2713e910b3fb}, !- Space Name
  Outdoors,                               !- Outside Boundary Condition
  ,                                       !- Outside Boundary Condition Object
  SunExposed,                             !- Sun Exposure
  WindExposed,                            !- Wind Exposure
  ,                                       !- View Factor to Ground
  ,                                       !- Number of Vertices
  35, -2, 2.4384,                         !- X,Y,Z Vertex 1 {m}
  37, -2, 2.4384,                         !- X,Y,Z Vertex 2 {m}
  37, -2, 0,                              !- X,Y,Z Vertex 3 {m}
  35, -2, 0;                              !- X,Y,Z Vertex 4 {m}

OS:Surface,
  {db99973e-cc48-4601-89fa-eaa779932d6e}, !- Handle
  Face 516,                               !- Name
  Wall,                                   !- Surface Type
  ,                                       !- Construction Name
  {af177309-06eb-413a-85ba-2713e910b3fb}, !- Space Name
  Surface,                                !- Outside Boundary Condition
  {1ea63afd-90c2-4b9b-ba1f-afcb00060201}, !- Outside Boundary Condition Object
  NoSun,                                  !- Sun Exposure
  NoWind,                                 !- Wind Exposure
  ,                                       !- View Factor to Ground
  ,                                       !- Number of Vertices
  35, -4, 2.4384,                         !- X,Y,Z Vertex 1 {m}
  35, -4, 0,                              !- X,Y,Z Vertex 2 {m}
  37, -4, 0,                              !- X,Y,Z Vertex 3 {m}
  37, -4, 2.4384;                         !- X,Y,Z Vertex 4 {m}

OS:Surface,
  {7d6dcc8e-0de4-45e6-9d4b-9686539bd646}, !- Handle
  Face 517,                               !- Name
  Wall,                                   !- Surface Type
  ,                                       !- Construction Name
  {af177309-06eb-413a-85ba-2713e910b3fb}, !- Space Name
  Surface,                                !- Outside Boundary Condition
  {3e515e58-a062-4feb-baaf-8f635bf07944}, !- Outside Boundary Condition Object
  NoSun,                                  !- Sun Exposure
  NoWind,                                 !- Wind Exposure
  ,                                       !- View Factor to Ground
  ,                                       !- Number of Vertices
  33, -4, 2.4384,                         !- X,Y,Z Vertex 1 {m}
  33, -4, 0,                              !- X,Y,Z Vertex 2 {m}
  35, -4, 0,                              !- X,Y,Z Vertex 3 {m}
  35, -4, 2.4384;                         !- X,Y,Z Vertex 4 {m}

OS:Surface,
  {a4ea4d83-90bf-4b51-b056-19e1bfb1c11b}, !- Handle
  Face 519,                               !- Name
  Wall,                                   !- Surface Type
  ,                                       !- Construction Name
  {af177309-06eb-413a-85ba-2713e910b3fb}, !- Space Name
  Surface,                                !- Outside Boundary Condition
  {ec3e7f64-e099-4a3c-bd72-41c0e7e93a84}, !- Outside Boundary Condition Object
  NoSun,                                  !- Sun Exposure
  NoWind,                                 !- Wind Exposure
  ,                                       !- View Factor to Ground
  ,                                       !- Number of Vertices
  16, -4, 2.4384,                         !- X,Y,Z Vertex 1 {m}
  16, -4, 0,                              !- X,Y,Z Vertex 2 {m}
  21, -4, 0,                              !- X,Y,Z Vertex 3 {m}
  21, -4, 2.4384;                         !- X,Y,Z Vertex 4 {m}

OS:Surface,
  {6bf40a04-c01f-4244-bd63-09a635b4ec2a}, !- Handle
  Face 520,                               !- Name
  Wall,                                   !- Surface Type
  ,                                       !- Construction Name
  {af177309-06eb-413a-85ba-2713e910b3fb}, !- Space Name
  Surface,                                !- Outside Boundary Condition
  {11fe80a4-00b0-449d-8268-cebc8d438ff3}, !- Outside Boundary Condition Object
  NoSun,                                  !- Sun Exposure
  NoWind,                                 !- Wind Exposure
  ,                                       !- View Factor to Ground
  ,                                       !- Number of Vertices
  10, -4, 2.4384,                         !- X,Y,Z Vertex 1 {m}
  10, -4, 0,                              !- X,Y,Z Vertex 2 {m}
  16, -4, 0,                              !- X,Y,Z Vertex 3 {m}
  16, -4, 2.4384;                         !- X,Y,Z Vertex 4 {m}

OS:Surface,
  {27be0307-7159-4884-95ef-fa5468df1167}, !- Handle
  Face 521,                               !- Name
  Wall,                                   !- Surface Type
  ,                                       !- Construction Name
  {af177309-06eb-413a-85ba-2713e910b3fb}, !- Space Name
  Surface,                                !- Outside Boundary Condition
  {0d724feb-74af-4c96-abe4-b29b27e2cbd4}, !- Outside Boundary Condition Object
  NoSun,                                  !- Sun Exposure
  NoWind,                                 !- Wind Exposure
  ,                                       !- View Factor to Ground
  ,                                       !- Number of Vertices
  10, -4, 2.4384,                         !- X,Y,Z Vertex 1 {m}
  3, -4, 2.4384,                          !- X,Y,Z Vertex 2 {m}
  3, -4, 0,                               !- X,Y,Z Vertex 3 {m}
  10, -4, 0;                              !- X,Y,Z Vertex 4 {m}

OS:SubSurface,
  {0c527ffc-854f-438d-a544-67555b71d9a9}, !- Handle
  Face 523,                               !- Name
  Door,                                   !- Sub Surface Type
  ,                                       !- Construction Name
  {27be0307-7159-4884-95ef-fa5468df1167}, !- Surface Name
  {133a0cc3-487c-4461-87e1-b95b379592a5}, !- Outside Boundary Condition Object
  ,                                       !- View Factor to Ground
  ,                                       !- Frame and Divider Name
  ,                                       !- Multiplier
  ,                                       !- Number of Vertices
  4.5, -4, 2.033016,                      !- X,Y,Z Vertex 1 {m}
  4.5, -4, 0,                             !- X,Y,Z Vertex 2 {m}
  5.5, -4, 0,                             !- X,Y,Z Vertex 3 {m}
  5.5, -4, 2.033016;                      !- X,Y,Z Vertex 4 {m}

OS:SubSurface,
  {3d7d1520-0fb2-4901-8dd6-9e5a6474181d}, !- Handle
  Face 522,                               !- Name
  Door,                                   !- Sub Surface Type
  ,                                       !- Construction Name
  {27be0307-7159-4884-95ef-fa5468df1167}, !- Surface Name
  {8d96bb3b-912d-4d3b-a9fb-bf3a15472e8a}, !- Outside Boundary Condition Object
  ,                                       !- View Factor to Ground
  ,                                       !- Frame and Divider Name
  ,                                       !- Multiplier
  ,                                       !- Number of Vertices
  7.5, -4, 2.033016,                      !- X,Y,Z Vertex 1 {m}
  7.5, -4, 0,                             !- X,Y,Z Vertex 2 {m}
  8.5, -4, 0,                             !- X,Y,Z Vertex 3 {m}
  8.5, -4, 2.033016;                      !- X,Y,Z Vertex 4 {m}

OS:Surface,
  {5bfc5fa8-2e02-4d7d-b634-618eb7739dbb}, !- Handle
  Face 524,                               !- Name
  Wall,                                   !- Surface Type
  ,                                       !- Construction Name
  {af177309-06eb-413a-85ba-2713e910b3fb}, !- Space Name
  Surface,                                !- Outside Boundary Condition
  {6e0233e4-30bf-48ca-b6b3-1d0902f1a289}, !- Outside Boundary Condition Object
  NoSun,                                  !- Sun Exposure
  NoWind,                                 !- Wind Exposure
  ,                                       !- View Factor to Ground
  ,                                       !- Number of Vertices
  -22, -4, 2.4384,                        !- X,Y,Z Vertex 1 {m}
  -22, -4, 0,                             !- X,Y,Z Vertex 2 {m}
  3, -4, 0,                               !- X,Y,Z Vertex 3 {m}
  3, -4, 2.4384;                          !- X,Y,Z Vertex 4 {m}

OS:Surface,
  {5613c7ae-6855-44f6-8d0a-8c33f6f55f32}, !- Handle
  Face 525,                               !- Name
  Wall,                                   !- Surface Type
  ,                                       !- Construction Name
  {af177309-06eb-413a-85ba-2713e910b3fb}, !- Space Name
  Surface,                                !- Outside Boundary Condition
  {ddd0d983-b00a-41cc-943b-3ec9c54417a9}, !- Outside Boundary Condition Object
  NoSun,                                  !- Sun Exposure
  NoWind,                                 !- Wind Exposure
  ,                                       !- View Factor to Ground
  ,                                       !- Number of Vertices
  -29, -4, 2.4384,                        !- X,Y,Z Vertex 1 {m}
  -29, -4, 0,                             !- X,Y,Z Vertex 2 {m}
  -22, -4, 0,                             !- X,Y,Z Vertex 3 {m}
  -22, -4, 2.4384;                        !- X,Y,Z Vertex 4 {m}

OS:Surface,
  {0186eedf-b718-41d8-a69d-4e9a40dac073}, !- Handle
  Face 508,                               !- Name
  Wall,                                   !- Surface Type
  ,                                       !- Construction Name
  {af177309-06eb-413a-85ba-2713e910b3fb}, !- Space Name
  Surface,                                !- Outside Boundary Condition
  {eb393745-c71c-4e85-9121-a0009e735d00}, !- Outside Boundary Condition Object
  NoSun,                                  !- Sun Exposure
  NoWind,                                 !- Wind Exposure
  ,                                       !- View Factor to Ground
  ,                                       !- Number of Vertices
  33, -2, 2.4384,                         !- X,Y,Z Vertex 1 {m}
  33, -2, 0,                              !- X,Y,Z Vertex 2 {m}
  21, -2, 0,                              !- X,Y,Z Vertex 3 {m}
  21, -2, 2.4384;                         !- X,Y,Z Vertex 4 {m}

OS:Surface,
  {bed9c477-0741-4e5d-9db1-6f7fc419b2ef}, !- Handle
  Face 515,                               !- Name
  Wall,                                   !- Surface Type
  ,                                       !- Construction Name
  {af177309-06eb-413a-85ba-2713e910b3fb}, !- Space Name
  Outdoors,                               !- Outside Boundary Condition
  ,                                       !- Outside Boundary Condition Object
  SunExposed,                             !- Sun Exposure
  WindExposed,                            !- Wind Exposure
  ,                                       !- View Factor to Ground
  ,                                       !- Number of Vertices
  37, -2, 2.4384,                         !- X,Y,Z Vertex 1 {m}
  37, -4, 2.4384,                         !- X,Y,Z Vertex 2 {m}
  37, -4, 0,                              !- X,Y,Z Vertex 3 {m}
  37, -2, 0;                              !- X,Y,Z Vertex 4 {m}

OS:Surface,
  {9e4345f2-c831-4cbe-8b16-a6f37f7e95cf}, !- Handle
  Face 526,                               !- Name
  Wall,                                   !- Surface Type
  ,                                       !- Construction Name
  {af177309-06eb-413a-85ba-2713e910b3fb}, !- Space Name
  Surface,                                !- Outside Boundary Condition
  {69a58b30-f9ac-4d44-835d-68aac50147c7}, !- Outside Boundary Condition Object
  NoSun,                                  !- Sun Exposure
  NoWind,                                 !- Wind Exposure
  ,                                       !- View Factor to Ground
  ,                                       !- Number of Vertices
  -29, -9, 2.4384,                        !- X,Y,Z Vertex 1 {m}
  -29, -9, 0,                             !- X,Y,Z Vertex 2 {m}
  -29, -4, 0,                             !- X,Y,Z Vertex 3 {m}
  -29, -4, 2.4384;                        !- X,Y,Z Vertex 4 {m}

OS:Surface,
  {4cf40cfb-fab5-4168-8659-b9be94ddc656}, !- Handle
  Face 518,                               !- Name
  Wall,                                   !- Surface Type
  ,                                       !- Construction Name
  {af177309-06eb-413a-85ba-2713e910b3fb}, !- Space Name
  Surface,                                !- Outside Boundary Condition
  {0af12046-0478-4a2d-9868-8804041bfe99}, !- Outside Boundary Condition Object
  NoSun,                                  !- Sun Exposure
  NoWind,                                 !- Wind Exposure
  ,                                       !- View Factor to Ground
  ,                                       !- Number of Vertices
  21, -4, 2.4384,                         !- X,Y,Z Vertex 1 {m}
  21, -4, 0,                              !- X,Y,Z Vertex 2 {m}
  33, -4, 0,                              !- X,Y,Z Vertex 3 {m}
  33, -4, 2.4384;                         !- X,Y,Z Vertex 4 {m}

OS:Surface,
  {8a1fb1d4-f564-4d0f-af95-e9d59a8e1565}, !- Handle
  Face 614,                               !- Name
  Wall,                                   !- Surface Type
  ,                                       !- Construction Name
  {80bf9c73-c534-4755-84da-97440a3de104}, !- Space Name
  Surface,                                !- Outside Boundary Condition
  {8634d57e-5d34-41b5-b8fc-1fd6e0ce5511}, !- Outside Boundary Condition Object
  NoSun,                                  !- Sun Exposure
  NoWind,                                 !- Wind Exposure
  ,                                       !- View Factor to Ground
  ,                                       !- Number of Vertices
  -35, 13, 2.4384,                        !- X,Y,Z Vertex 1 {m}
  -35, 11, 2.4384,                        !- X,Y,Z Vertex 2 {m}
  -35, 11, 0,                             !- X,Y,Z Vertex 3 {m}
  -35, 13, 0;                             !- X,Y,Z Vertex 4 {m}

OS:SubSurface,
  {e5348f5d-f18e-47e8-afeb-8ccda5fb6f30}, !- Handle
  Face 615,                               !- Name
  Door,                                   !- Sub Surface Type
  ,                                       !- Construction Name
  {8a1fb1d4-f564-4d0f-af95-e9d59a8e1565}, !- Surface Name
  {73a1d748-b618-40ef-9f08-1c4fbe9abc23}, !- Outside Boundary Condition Object
  ,                                       !- View Factor to Ground
  ,                                       !- Frame and Divider Name
  ,                                       !- Multiplier
  ,                                       !- Number of Vertices
  -35, 11.5, 2.033016,                    !- X,Y,Z Vertex 1 {m}
  -35, 11.5, 0,                           !- X,Y,Z Vertex 2 {m}
  -35, 12.5, 0,                           !- X,Y,Z Vertex 3 {m}
  -35, 12.5, 2.033016;                    !- X,Y,Z Vertex 4 {m}

OS:Surface,
  {173391a5-a425-4e4b-88b9-1887068aa7b9}, !- Handle
  Face 1961,                              !- Name
  Wall,                                   !- Surface Type
  ,                                       !- Construction Name
  {80bf9c73-c534-4755-84da-97440a3de104}, !- Space Name
  Surface,                                !- Outside Boundary Condition
  {224459e7-338f-407c-bac0-0e5297dedf94}, !- Outside Boundary Condition Object
  NoSun,                                  !- Sun Exposure
  NoWind,                                 !- Wind Exposure
  ,                                       !- View Factor to Ground
  ,                                       !- Number of Vertices
  37, -14, 2.4384,                        !- X,Y,Z Vertex 1 {m}
  37, -16, 2.4384,                        !- X,Y,Z Vertex 2 {m}
  37, -16, 0,                             !- X,Y,Z Vertex 3 {m}
  37, -14, 0;                             !- X,Y,Z Vertex 4 {m}

OS:SubSurface,
  {bf5322bb-8566-4f31-a1c4-29ff56683fae}, !- Handle
  Face 1962,                              !- Name
  Door,                                   !- Sub Surface Type
  ,                                       !- Construction Name
  {173391a5-a425-4e4b-88b9-1887068aa7b9}, !- Surface Name
  {675198ff-2507-4dd8-88eb-c47743ce9601}, !- Outside Boundary Condition Object
  ,                                       !- View Factor to Ground
  ,                                       !- Frame and Divider Name
  ,                                       !- Multiplier
  ,                                       !- Number of Vertices
  37, -15.5, 2.033016,                    !- X,Y,Z Vertex 1 {m}
  37, -15.5, 0,                           !- X,Y,Z Vertex 2 {m}
  37, -14.5, 0,                           !- X,Y,Z Vertex 3 {m}
  37, -14.5, 2.033016;                    !- X,Y,Z Vertex 4 {m}

OS:Surface,
  {07c06fca-399f-465b-8fb3-8ece71610675}, !- Handle
  Face 1963,                              !- Name
  Wall,                                   !- Surface Type
  ,                                       !- Construction Name
  {80bf9c73-c534-4755-84da-97440a3de104}, !- Space Name
  Outdoors,                               !- Outside Boundary Condition
  ,                                       !- Outside Boundary Condition Object
  SunExposed,                             !- Sun Exposure
  WindExposed,                            !- Wind Exposure
  ,                                       !- View Factor to Ground
  ,                                       !- Number of Vertices
  37, -16, 2.4384,                        !- X,Y,Z Vertex 1 {m}
  10, -16, 2.4384,                        !- X,Y,Z Vertex 2 {m}
  10, -16, 0,                             !- X,Y,Z Vertex 3 {m}
  37, -16, 0;                             !- X,Y,Z Vertex 4 {m}

OS:SubSurface,
  {34443546-7a0b-43fd-a421-79e44e181d37}, !- Handle
  Face 1964,                              !- Name
  FixedWindow,                            !- Sub Surface Type
  ,                                       !- Construction Name
  {07c06fca-399f-465b-8fb3-8ece71610675}, !- Surface Name
  ,                                       !- Outside Boundary Condition Object
  ,                                       !- View Factor to Ground
  ,                                       !- Frame and Divider Name
  ,                                       !- Multiplier
  ,                                       !- Number of Vertices
  29.8, -16, 2.1336,                      !- X,Y,Z Vertex 1 {m}
  29.8, -16, 0.9144,                      !- X,Y,Z Vertex 2 {m}
  32.2, -16, 0.9144,                      !- X,Y,Z Vertex 3 {m}
  32.2, -16, 2.1336;                      !- X,Y,Z Vertex 4 {m}

OS:SubSurface,
  {81ac32b3-64ab-4008-baa1-10c6317414ca}, !- Handle
  Face 1965,                              !- Name
  FixedWindow,                            !- Sub Surface Type
  ,                                       !- Construction Name
  {07c06fca-399f-465b-8fb3-8ece71610675}, !- Surface Name
  ,                                       !- Outside Boundary Condition Object
  ,                                       !- View Factor to Ground
  ,                                       !- Frame and Divider Name
  ,                                       !- Multiplier
  ,                                       !- Number of Vertices
  26.8, -16, 2.1336,                      !- X,Y,Z Vertex 1 {m}
  26.8, -16, 0.9144,                      !- X,Y,Z Vertex 2 {m}
  29.2, -16, 0.9144,                      !- X,Y,Z Vertex 3 {m}
  29.2, -16, 2.1336;                      !- X,Y,Z Vertex 4 {m}

OS:SubSurface,
  {f870769e-c01f-447a-bdd2-363abe472cc9}, !- Handle
  Face 1966,                              !- Name
  FixedWindow,                            !- Sub Surface Type
  ,                                       !- Construction Name
  {07c06fca-399f-465b-8fb3-8ece71610675}, !- Surface Name
  ,                                       !- Outside Boundary Condition Object
  ,                                       !- View Factor to Ground
  ,                                       !- Frame and Divider Name
  ,                                       !- Multiplier
  ,                                       !- Number of Vertices
  32.8, -16, 2.1336,                      !- X,Y,Z Vertex 1 {m}
  32.8, -16, 0.9144,                      !- X,Y,Z Vertex 2 {m}
  35.2, -16, 0.9144,                      !- X,Y,Z Vertex 3 {m}
  35.2, -16, 2.1336;                      !- X,Y,Z Vertex 4 {m}

OS:SubSurface,
  {d39daee2-d6e6-4ae6-9a3b-0f5b438b8947}, !- Handle
  Face 1967,                              !- Name
  FixedWindow,                            !- Sub Surface Type
  ,                                       !- Construction Name
  {07c06fca-399f-465b-8fb3-8ece71610675}, !- Surface Name
  ,                                       !- Outside Boundary Condition Object
  ,                                       !- View Factor to Ground
  ,                                       !- Frame and Divider Name
  ,                                       !- Multiplier
  ,                                       !- Number of Vertices
  23.8, -16, 2.1336,                      !- X,Y,Z Vertex 1 {m}
  23.8, -16, 0.9144,                      !- X,Y,Z Vertex 2 {m}
  26.2, -16, 0.9144,                      !- X,Y,Z Vertex 3 {m}
  26.2, -16, 2.1336;                      !- X,Y,Z Vertex 4 {m}

OS:Surface,
  {30d0f998-805c-4d7e-800f-d2d03da4a1cb}, !- Handle
  Face 1968,                              !- Name
  Wall,                                   !- Surface Type
  ,                                       !- Construction Name
  {80bf9c73-c534-4755-84da-97440a3de104}, !- Space Name
  Surface,                                !- Outside Boundary Condition
  {c411be79-567b-4f71-b735-a356b703f455}, !- Outside Boundary Condition Object
  NoSun,                                  !- Sun Exposure
  NoWind,                                 !- Wind Exposure
  ,                                       !- View Factor to Ground
  ,                                       !- Number of Vertices
  3, -11, 2.4384,                         !- X,Y,Z Vertex 1 {m}
  10, -11, 2.4384,                        !- X,Y,Z Vertex 2 {m}
  10, -11, 0,                             !- X,Y,Z Vertex 3 {m}
  3, -11, 0;                              !- X,Y,Z Vertex 4 {m}

OS:SubSurface,
  {bac4c1aa-f1a2-4578-a34f-57e8574920d6}, !- Handle
  Face 1969,                              !- Name
  Door,                                   !- Sub Surface Type
  ,                                       !- Construction Name
  {30d0f998-805c-4d7e-800f-d2d03da4a1cb}, !- Surface Name
  {ff2dc1e0-4ce8-4a99-b2c2-10edc5a23d14}, !- Outside Boundary Condition Object
  ,                                       !- View Factor to Ground
  ,                                       !- Frame and Divider Name
  ,                                       !- Multiplier
  ,                                       !- Number of Vertices
  9.5, -11, 2.033016,                     !- X,Y,Z Vertex 1 {m}
  9.5, -11, 0,                            !- X,Y,Z Vertex 2 {m}
  8.5, -11, 0,                            !- X,Y,Z Vertex 3 {m}
  8.5, -11, 2.033016;                     !- X,Y,Z Vertex 4 {m}

OS:Surface,
  {70399cfb-6792-47f2-8d81-696410536e99}, !- Handle
  Face 1970,                              !- Name
  Wall,                                   !- Surface Type
  ,                                       !- Construction Name
  {80bf9c73-c534-4755-84da-97440a3de104}, !- Space Name
  Surface,                                !- Outside Boundary Condition
  {5053c58a-088f-4e28-8733-5be32001321c}, !- Outside Boundary Condition Object
  NoSun,                                  !- Sun Exposure
  NoWind,                                 !- Wind Exposure
  ,                                       !- View Factor to Ground
  ,                                       !- Number of Vertices
  -17, -11, 2.4384,                       !- X,Y,Z Vertex 1 {m}
  3, -11, 2.4384,                         !- X,Y,Z Vertex 2 {m}
  3, -11, 0,                              !- X,Y,Z Vertex 3 {m}
  -17, -11, 0;                            !- X,Y,Z Vertex 4 {m}

OS:SubSurface,
  {1be26976-8931-43b2-a2ac-bf61c743a1d3}, !- Handle
  Face 1971,                              !- Name
  Door,                                   !- Sub Surface Type
  ,                                       !- Construction Name
  {70399cfb-6792-47f2-8d81-696410536e99}, !- Surface Name
  {5cbfd473-a8a0-43da-b102-ca86d94f7f5b}, !- Outside Boundary Condition Object
  ,                                       !- View Factor to Ground
  ,                                       !- Frame and Divider Name
  ,                                       !- Multiplier
  ,                                       !- Number of Vertices
  -1.5, -11, 2.033016,                    !- X,Y,Z Vertex 1 {m}
  -1.5, -11, 0,                           !- X,Y,Z Vertex 2 {m}
  -2.5, -11, 0,                           !- X,Y,Z Vertex 3 {m}
  -2.5, -11, 2.033016;                    !- X,Y,Z Vertex 4 {m}

OS:SubSurface,
  {a5d8feea-51bc-448b-bcf4-7ac45178289c}, !- Handle
  Face 1972,                              !- Name
  Door,                                   !- Sub Surface Type
  ,                                       !- Construction Name
  {70399cfb-6792-47f2-8d81-696410536e99}, !- Surface Name
  {b33eead8-b505-4315-9757-ff995cf5697d}, !- Outside Boundary Condition Object
  ,                                       !- View Factor to Ground
  ,                                       !- Frame and Divider Name
  ,                                       !- Multiplier
  ,                                       !- Number of Vertices
  -14.5, -11, 2.033016,                   !- X,Y,Z Vertex 1 {m}
  -14.5, -11, 0,                          !- X,Y,Z Vertex 2 {m}
  -15.5, -11, 0,                          !- X,Y,Z Vertex 3 {m}
  -15.5, -11, 2.033016;                   !- X,Y,Z Vertex 4 {m}

OS:SubSurface,
  {7313daa9-a4d1-452f-a492-1067f56777a6}, !- Handle
  Face 1973,                              !- Name
  Door,                                   !- Sub Surface Type
  ,                                       !- Construction Name
  {70399cfb-6792-47f2-8d81-696410536e99}, !- Surface Name
  {6ec4360e-041e-40e3-8983-bfa1316cbf62}, !- Outside Boundary Condition Object
  ,                                       !- View Factor to Ground
  ,                                       !- Frame and Divider Name
  ,                                       !- Multiplier
  ,                                       !- Number of Vertices
  -7.5, -11, 2.033016,                    !- X,Y,Z Vertex 1 {m}
  -7.5, -11, 0,                           !- X,Y,Z Vertex 2 {m}
  -8.5, -11, 0,                           !- X,Y,Z Vertex 3 {m}
  -8.5, -11, 2.033016;                    !- X,Y,Z Vertex 4 {m}

OS:Surface,
  {cb26e7fb-28e6-4876-a35f-67c3993488e8}, !- Handle
  Face 628,                               !- Name
  Wall,                                   !- Surface Type
  ,                                       !- Construction Name
  {80bf9c73-c534-4755-84da-97440a3de104}, !- Space Name
  Surface,                                !- Outside Boundary Condition
  {c5f587fa-afda-4112-81df-9212a4a6d218}, !- Outside Boundary Condition Object
  NoSun,                                  !- Sun Exposure
  NoWind,                                 !- Wind Exposure
  ,                                       !- View Factor to Ground
  ,                                       !- Number of Vertices
  -29, -14, 2.4384,                       !- X,Y,Z Vertex 1 {m}
  -22, -14, 2.4384,                       !- X,Y,Z Vertex 2 {m}
  -22, -14, 0,                            !- X,Y,Z Vertex 3 {m}
  -29, -14, 0;                            !- X,Y,Z Vertex 4 {m}

OS:SubSurface,
  {47f8c36c-ae52-4989-89d7-827986f6d05f}, !- Handle
  Face 629,                               !- Name
  Door,                                   !- Sub Surface Type
  ,                                       !- Construction Name
  {cb26e7fb-28e6-4876-a35f-67c3993488e8}, !- Surface Name
  {2e251c33-614f-4edb-87fe-5add413f9c85}, !- Outside Boundary Condition Object
  ,                                       !- View Factor to Ground
  ,                                       !- Frame and Divider Name
  ,                                       !- Multiplier
  ,                                       !- Number of Vertices
  -26.5, -14, 2.033016,                   !- X,Y,Z Vertex 1 {m}
  -26.5, -14, 0,                          !- X,Y,Z Vertex 2 {m}
  -27.5, -14, 0,                          !- X,Y,Z Vertex 3 {m}
  -27.5, -14, 2.033016;                   !- X,Y,Z Vertex 4 {m}

OS:Surface,
  {f3bf4ad2-a70c-427c-b5b8-5e8bd6d0f9aa}, !- Handle
  Face 630,                               !- Name
  Wall,                                   !- Surface Type
  ,                                       !- Construction Name
  {80bf9c73-c534-4755-84da-97440a3de104}, !- Space Name
  Surface,                                !- Outside Boundary Condition
  {e1659af1-7df4-4651-b7c1-69afd14cc230}, !- Outside Boundary Condition Object
  NoSun,                                  !- Sun Exposure
  NoWind,                                 !- Wind Exposure
  ,                                       !- View Factor to Ground
  ,                                       !- Number of Vertices
  -19, -14, 2.4384,                       !- X,Y,Z Vertex 1 {m}
  -19, -14, 0,                            !- X,Y,Z Vertex 2 {m}
  -22, -14, 0,                            !- X,Y,Z Vertex 3 {m}
  -22, -14, 2.4384;                       !- X,Y,Z Vertex 4 {m}

OS:Surface,
  {a42acc8d-2084-469e-a281-2c28d03838c5}, !- Handle
  Face 633,                               !- Name
  Wall,                                   !- Surface Type
  ,                                       !- Construction Name
  {80bf9c73-c534-4755-84da-97440a3de104}, !- Space Name
  Surface,                                !- Outside Boundary Condition
  {17e17df0-79c3-4069-a7c8-b12ce76dbd35}, !- Outside Boundary Condition Object
  NoSun,                                  !- Sun Exposure
  NoWind,                                 !- Wind Exposure
  ,                                       !- View Factor to Ground
  ,                                       !- Number of Vertices
  -19, -11, 2.4384,                       !- X,Y,Z Vertex 1 {m}
  -17, -11, 2.4384,                       !- X,Y,Z Vertex 2 {m}
  -17, -11, 0,                            !- X,Y,Z Vertex 3 {m}
  -19, -11, 0;                            !- X,Y,Z Vertex 4 {m}

OS:SubSurface,
  {c692890e-9a45-4136-aa44-f025ab926e77}, !- Handle
  Face 1974,                              !- Name
  Door,                                   !- Sub Surface Type
  ,                                       !- Construction Name
  {a42acc8d-2084-469e-a281-2c28d03838c5}, !- Surface Name
  {78381677-c149-4069-a2a2-c568e40d9c9d}, !- Outside Boundary Condition Object
  ,                                       !- View Factor to Ground
  ,                                       !- Frame and Divider Name
  ,                                       !- Multiplier
  ,                                       !- Number of Vertices
  -17.5, -11, 2.033016,                   !- X,Y,Z Vertex 1 {m}
  -17.5, -11, 0,                          !- X,Y,Z Vertex 2 {m}
  -18.5, -11, 0,                          !- X,Y,Z Vertex 3 {m}
  -18.5, -11, 2.033016;                   !- X,Y,Z Vertex 4 {m}

OS:Surface,
  {e4f518d4-fded-4be6-af7c-729da42bf028}, !- Handle
  Face 631,                               !- Name
  Wall,                                   !- Surface Type
  ,                                       !- Construction Name
  {80bf9c73-c534-4755-84da-97440a3de104}, !- Space Name
  Surface,                                !- Outside Boundary Condition
  {648b20b8-166f-47cd-985b-38fd22eb8671}, !- Outside Boundary Condition Object
  NoSun,                                  !- Sun Exposure
  NoWind,                                 !- Wind Exposure
  ,                                       !- View Factor to Ground
  ,                                       !- Number of Vertices
  -19, -14, 2.4384,                       !- X,Y,Z Vertex 1 {m}
  -19, -11, 2.4384,                       !- X,Y,Z Vertex 2 {m}
  -19, -11, 0,                            !- X,Y,Z Vertex 3 {m}
  -19, -14, 0;                            !- X,Y,Z Vertex 4 {m}

OS:SubSurface,
  {a521d16f-d7fa-4da5-a93f-8ef56ca88096}, !- Handle
  Face 632,                               !- Name
  Door,                                   !- Sub Surface Type
  ,                                       !- Construction Name
  {e4f518d4-fded-4be6-af7c-729da42bf028}, !- Surface Name
  {26529e2d-a52a-4cb7-bec8-c748d7143400}, !- Outside Boundary Condition Object
  ,                                       !- View Factor to Ground
  ,                                       !- Frame and Divider Name
  ,                                       !- Multiplier
  ,                                       !- Number of Vertices
  -19, -12.5, 2.033016,                   !- X,Y,Z Vertex 1 {m}
  -19, -12.5, 0,                          !- X,Y,Z Vertex 2 {m}
  -19, -13.5, 0,                          !- X,Y,Z Vertex 3 {m}
  -19, -13.5, 2.033016;                   !- X,Y,Z Vertex 4 {m}

OS:Surface,
  {1ea63afd-90c2-4b9b-ba1f-afcb00060201}, !- Handle
  Face 1975,                              !- Name
  Wall,                                   !- Surface Type
  ,                                       !- Construction Name
  {80bf9c73-c534-4755-84da-97440a3de104}, !- Space Name
  Surface,                                !- Outside Boundary Condition
  {db99973e-cc48-4601-89fa-eaa779932d6e}, !- Outside Boundary Condition Object
  NoSun,                                  !- Sun Exposure
  NoWind,                                 !- Wind Exposure
  ,                                       !- View Factor to Ground
  ,                                       !- Number of Vertices
  37, -4, 2.4384,                         !- X,Y,Z Vertex 1 {m}
  37, -4, 0,                              !- X,Y,Z Vertex 2 {m}
  35, -4, 0,                              !- X,Y,Z Vertex 3 {m}
  35, -4, 2.4384;                         !- X,Y,Z Vertex 4 {m}

OS:Surface,
  {622442ec-d8d0-46c0-b3e2-2fc608a95e1a}, !- Handle
  Face 1976,                              !- Name
  Wall,                                   !- Surface Type
  ,                                       !- Construction Name
  {80bf9c73-c534-4755-84da-97440a3de104}, !- Space Name
  Surface,                                !- Outside Boundary Condition
  {d7f2257b-b727-4b1c-9206-7473e42e18e9}, !- Outside Boundary Condition Object
  NoSun,                                  !- Sun Exposure
  NoWind,                                 !- Wind Exposure
  ,                                       !- View Factor to Ground
  ,                                       !- Number of Vertices
  13, -11, 2.4384,                        !- X,Y,Z Vertex 1 {m}
  13, -14, 2.4384,                        !- X,Y,Z Vertex 2 {m}
  13, -14, 0,                             !- X,Y,Z Vertex 3 {m}
  13, -11, 0;                             !- X,Y,Z Vertex 4 {m}

OS:SubSurface,
  {19b75813-982a-4845-b3bd-43de205d31f3}, !- Handle
  Face 1977,                              !- Name
  Door,                                   !- Sub Surface Type
  ,                                       !- Construction Name
  {622442ec-d8d0-46c0-b3e2-2fc608a95e1a}, !- Surface Name
  {1e446999-7285-4e6b-8d66-a995f8b96860}, !- Outside Boundary Condition Object
  ,                                       !- View Factor to Ground
  ,                                       !- Frame and Divider Name
  ,                                       !- Multiplier
  ,                                       !- Number of Vertices
  13, -13.5, 2.033016,                    !- X,Y,Z Vertex 1 {m}
  13, -13.5, 0,                           !- X,Y,Z Vertex 2 {m}
  13, -12.5, 0,                           !- X,Y,Z Vertex 3 {m}
  13, -12.5, 2.033016;                    !- X,Y,Z Vertex 4 {m}

OS:Surface,
  {1507c8f2-8ec2-451f-b1d2-c69cc7296e6e}, !- Handle
  Face 1978,                              !- Name
  Wall,                                   !- Surface Type
  ,                                       !- Construction Name
  {80bf9c73-c534-4755-84da-97440a3de104}, !- Space Name
  Outdoors,                               !- Outside Boundary Condition
  ,                                       !- Outside Boundary Condition Object
  SunExposed,                             !- Sun Exposure
  WindExposed,                            !- Wind Exposure
  ,                                       !- View Factor to Ground
  ,                                       !- Number of Vertices
  37, -4, 2.4384,                         !- X,Y,Z Vertex 1 {m}
  37, -14, 2.4384,                        !- X,Y,Z Vertex 2 {m}
  37, -14, 0,                             !- X,Y,Z Vertex 3 {m}
  37, -4, 0;                              !- X,Y,Z Vertex 4 {m}

OS:SubSurface,
  {d622a32f-d890-4e2e-978c-f7791411cacc}, !- Handle
  Face 1979,                              !- Name
  FixedWindow,                            !- Sub Surface Type
  ,                                       !- Construction Name
  {1507c8f2-8ec2-451f-b1d2-c69cc7296e6e}, !- Surface Name
  ,                                       !- Outside Boundary Condition Object
  ,                                       !- View Factor to Ground
  ,                                       !- Frame and Divider Name
  ,                                       !- Multiplier
  ,                                       !- Number of Vertices
  37, -13.5, 2.1336,                      !- X,Y,Z Vertex 1 {m}
  37, -13.5, 0.9144,                      !- X,Y,Z Vertex 2 {m}
  37, -8.5, 0.9144,                       !- X,Y,Z Vertex 3 {m}
  37, -8.5, 2.1336;                       !- X,Y,Z Vertex 4 {m}

OS:SubSurface,
  {cd765f83-dd88-46cc-8f31-14208174511f}, !- Handle
  Face 1980,                              !- Name
  FixedWindow,                            !- Sub Surface Type
  ,                                       !- Construction Name
  {1507c8f2-8ec2-451f-b1d2-c69cc7296e6e}, !- Surface Name
  ,                                       !- Outside Boundary Condition Object
  ,                                       !- View Factor to Ground
  ,                                       !- Frame and Divider Name
  ,                                       !- Multiplier
  ,                                       !- Number of Vertices
  37, -7.5, 2.1336,                       !- X,Y,Z Vertex 1 {m}
  37, -7.5, 0.9144,                       !- X,Y,Z Vertex 2 {m}
  37, -2.5, 0.9144,                       !- X,Y,Z Vertex 3 {m}
  37, -2.5, 2.1336;                       !- X,Y,Z Vertex 4 {m}

OS:Surface,
  {bdefaaec-5ba7-4629-9b0d-d5019a0bc4df}, !- Handle
  Face 1981,                              !- Name
  Wall,                                   !- Surface Type
  ,                                       !- Construction Name
  {80bf9c73-c534-4755-84da-97440a3de104}, !- Space Name
  Surface,                                !- Outside Boundary Condition
  {147cf2ed-b9ff-420a-a177-b5115d6b665d}, !- Outside Boundary Condition Object
  NoSun,                                  !- Sun Exposure
  NoWind,                                 !- Wind Exposure
  ,                                       !- View Factor to Ground
  ,                                       !- Number of Vertices
  16, -14, 2.4384,                        !- X,Y,Z Vertex 1 {m}
  35, -14, 2.4384,                        !- X,Y,Z Vertex 2 {m}
  35, -14, 0,                             !- X,Y,Z Vertex 3 {m}
  16, -14, 0;                             !- X,Y,Z Vertex 4 {m}

OS:SubSurface,
  {e55746ae-e8ac-4e33-abc2-373261c55c88}, !- Handle
  Face 1982,                              !- Name
  Door,                                   !- Sub Surface Type
  ,                                       !- Construction Name
  {bdefaaec-5ba7-4629-9b0d-d5019a0bc4df}, !- Surface Name
  {12397a22-eb06-4758-8870-6dd7a62ec1bb}, !- Outside Boundary Condition Object
  ,                                       !- View Factor to Ground
  ,                                       !- Frame and Divider Name
  ,                                       !- Multiplier
  ,                                       !- Number of Vertices
  17.5, -14, 2.033016,                    !- X,Y,Z Vertex 1 {m}
  17.5, -14, 0,                           !- X,Y,Z Vertex 2 {m}
  16.5, -14, 0,                           !- X,Y,Z Vertex 3 {m}
  16.5, -14, 2.033016;                    !- X,Y,Z Vertex 4 {m}

OS:SubSurface,
  {83fc4cd4-d2ce-4571-831e-b2e79af23da4}, !- Handle
  Face 1983,                              !- Name
  Door,                                   !- Sub Surface Type
  ,                                       !- Construction Name
  {bdefaaec-5ba7-4629-9b0d-d5019a0bc4df}, !- Surface Name
  {fa5b4805-7613-4c04-b861-ca60698c9f1c}, !- Outside Boundary Condition Object
  ,                                       !- View Factor to Ground
  ,                                       !- Frame and Divider Name
  ,                                       !- Multiplier
  ,                                       !- Number of Vertices
  24.5, -14, 2.033016,                    !- X,Y,Z Vertex 1 {m}
  24.5, -14, 0,                           !- X,Y,Z Vertex 2 {m}
  23.5, -14, 0,                           !- X,Y,Z Vertex 3 {m}
  23.5, -14, 2.033016;                    !- X,Y,Z Vertex 4 {m}

OS:SubSurface,
  {6a4227f7-2fb5-4830-ba67-285c3410ef5e}, !- Handle
  Face 1984,                              !- Name
  Door,                                   !- Sub Surface Type
  ,                                       !- Construction Name
  {bdefaaec-5ba7-4629-9b0d-d5019a0bc4df}, !- Surface Name
  {7fcb32c5-629c-47e2-bfa2-b21663a20d24}, !- Outside Boundary Condition Object
  ,                                       !- View Factor to Ground
  ,                                       !- Frame and Divider Name
  ,                                       !- Multiplier
  ,                                       !- Number of Vertices
  30.5, -14, 2.033016,                    !- X,Y,Z Vertex 1 {m}
  30.5, -14, 0,                           !- X,Y,Z Vertex 2 {m}
  29.5, -14, 0,                           !- X,Y,Z Vertex 3 {m}
  29.5, -14, 2.033016;                    !- X,Y,Z Vertex 4 {m}

OS:Surface,
  {81a6ff0c-e5f0-4513-992a-df90abd1b587}, !- Handle
  Face 1985,                              !- Name
  Wall,                                   !- Surface Type
  ,                                       !- Construction Name
  {80bf9c73-c534-4755-84da-97440a3de104}, !- Space Name
  Surface,                                !- Outside Boundary Condition
  {46cb78bd-1657-4516-b4e9-493c86e928b7}, !- Outside Boundary Condition Object
  NoSun,                                  !- Sun Exposure
  NoWind,                                 !- Wind Exposure
  ,                                       !- View Factor to Ground
  ,                                       !- Number of Vertices
  10, -11, 2.4384,                        !- X,Y,Z Vertex 1 {m}
  13, -11, 2.4384,                        !- X,Y,Z Vertex 2 {m}
  13, -11, 0,                             !- X,Y,Z Vertex 3 {m}
  10, -11, 0;                             !- X,Y,Z Vertex 4 {m}

OS:SubSurface,
  {aad1288b-84bb-419b-b314-74f0b527caea}, !- Handle
  Face 1986,                              !- Name
  Door,                                   !- Sub Surface Type
  ,                                       !- Construction Name
  {81a6ff0c-e5f0-4513-992a-df90abd1b587}, !- Surface Name
  {30f84b1e-0d3f-433b-9c5c-6b559c7a9fa6}, !- Outside Boundary Condition Object
  ,                                       !- View Factor to Ground
  ,                                       !- Frame and Divider Name
  ,                                       !- Multiplier
  ,                                       !- Number of Vertices
  12.5, -11, 2.033016,                    !- X,Y,Z Vertex 1 {m}
  12.5, -11, 0,                           !- X,Y,Z Vertex 2 {m}
  11.5, -11, 0,                           !- X,Y,Z Vertex 3 {m}
  11.5, -11, 2.033016;                    !- X,Y,Z Vertex 4 {m}

OS:Surface,
  {1ded543a-11d4-4396-9d14-109e63df3f35}, !- Handle
  Face 1987,                              !- Name
  Wall,                                   !- Surface Type
  ,                                       !- Construction Name
  {80bf9c73-c534-4755-84da-97440a3de104}, !- Space Name
  Surface,                                !- Outside Boundary Condition
  {99684b33-112e-4ca9-a306-6ad1117c9cad}, !- Outside Boundary Condition Object
  NoSun,                                  !- Sun Exposure
  NoWind,                                 !- Wind Exposure
  ,                                       !- View Factor to Ground
  ,                                       !- Number of Vertices
  35, -4, 2.4384,                         !- X,Y,Z Vertex 1 {m}
  35, -4, 0,                              !- X,Y,Z Vertex 2 {m}
  35, -14, 0,                             !- X,Y,Z Vertex 3 {m}
  35, -14, 2.4384;                        !- X,Y,Z Vertex 4 {m}

OS:Surface,
  {691237d7-86ac-46fa-a91d-9a22f18af3f5}, !- Handle
  Face 1988,                              !- Name
  Wall,                                   !- Surface Type
  ,                                       !- Construction Name
  {80bf9c73-c534-4755-84da-97440a3de104}, !- Space Name
  Surface,                                !- Outside Boundary Condition
  {5f29120a-da63-4419-89da-b6beced10c67}, !- Outside Boundary Condition Object
  NoSun,                                  !- Sun Exposure
  NoWind,                                 !- Wind Exposure
  ,                                       !- View Factor to Ground
  ,                                       !- Number of Vertices
  16, -14, 2.4384,                        !- X,Y,Z Vertex 1 {m}
  16, -14, 0,                             !- X,Y,Z Vertex 2 {m}
  13, -14, 0,                             !- X,Y,Z Vertex 3 {m}
  13, -14, 2.4384;                        !- X,Y,Z Vertex 4 {m}

OS:Surface,
  {3b269b06-f146-4044-b388-082e496403cc}, !- Handle
  Face 560,                               !- Name
  Wall,                                   !- Surface Type
  ,                                       !- Construction Name
  {80bf9c73-c534-4755-84da-97440a3de104}, !- Space Name
  Outdoors,                               !- Outside Boundary Condition
  ,                                       !- Outside Boundary Condition Object
  SunExposed,                             !- Sun Exposure
  WindExposed,                            !- Wind Exposure
  ,                                       !- View Factor to Ground
  ,                                       !- Number of Vertices
  10, -16, 2.4384,                        !- X,Y,Z Vertex 1 {m}
  10, -14, 2.4384,                        !- X,Y,Z Vertex 2 {m}
  10, -14, 0,                             !- X,Y,Z Vertex 3 {m}
  10, -16, 0;                             !- X,Y,Z Vertex 4 {m}

OS:Surface,
  {21fad581-2822-485d-8145-f8611c1a1324}, !- Handle
  Face 558,                               !- Name
  Floor,                                  !- Surface Type
  ,                                       !- Construction Name
  {80bf9c73-c534-4755-84da-97440a3de104}, !- Space Name
  Ground,                                 !- Outside Boundary Condition
  ,                                       !- Outside Boundary Condition Object
  NoSun,                                  !- Sun Exposure
  NoWind,                                 !- Wind Exposure
  ,                                       !- View Factor to Ground
  ,                                       !- Number of Vertices
  10, -16, 0,                             !- X,Y,Z Vertex 1 {m}
  10, -14, 0,                             !- X,Y,Z Vertex 2 {m}
  -16, -14, 0,                            !- X,Y,Z Vertex 3 {m}
  -16, -16, 0,                            !- X,Y,Z Vertex 4 {m}
  -40, -16, 0,                            !- X,Y,Z Vertex 5 {m}
  -40, -14, 0,                            !- X,Y,Z Vertex 6 {m}
  -40, 8, 0,                              !- X,Y,Z Vertex 7 {m}
  -38, 8, 0,                              !- X,Y,Z Vertex 8 {m}
  -38, 13, 0,                             !- X,Y,Z Vertex 9 {m}
  -37, 13, 0,                             !- X,Y,Z Vertex 10 {m}
  -37, 33, 0,                             !- X,Y,Z Vertex 11 {m}
  -35, 33, 0,                             !- X,Y,Z Vertex 12 {m}
  -35, 29, 0,                             !- X,Y,Z Vertex 13 {m}
  -35, 23, 0,                             !- X,Y,Z Vertex 14 {m}
  -35, 20, 0,                             !- X,Y,Z Vertex 15 {m}
  -35, 14, 0,                             !- X,Y,Z Vertex 16 {m}
  -35, 13, 0,                             !- X,Y,Z Vertex 17 {m}
  -35, 11, 0,                             !- X,Y,Z Vertex 18 {m}
  -36, 11, 0,                             !- X,Y,Z Vertex 19 {m}
  -36, 8, 0,                              !- X,Y,Z Vertex 20 {m}
  -36, 6, 0,                              !- X,Y,Z Vertex 21 {m}
  -38, 6, 0,                              !- X,Y,Z Vertex 22 {m}
  -38, -4, 0,                             !- X,Y,Z Vertex 23 {m}
  -38, -14, 0,                            !- X,Y,Z Vertex 24 {m}
  -32, -14, 0,                            !- X,Y,Z Vertex 25 {m}
  -29, -14, 0,                            !- X,Y,Z Vertex 26 {m}
  -22, -14, 0,                            !- X,Y,Z Vertex 27 {m}
  -19, -14, 0,                            !- X,Y,Z Vertex 28 {m}
  -19, -11, 0,                            !- X,Y,Z Vertex 29 {m}
  -17, -11, 0,                            !- X,Y,Z Vertex 30 {m}
  3, -11, 0,                              !- X,Y,Z Vertex 31 {m}
  10, -11, 0,                             !- X,Y,Z Vertex 32 {m}
  13, -11, 0,                             !- X,Y,Z Vertex 33 {m}
  13, -14, 0,                             !- X,Y,Z Vertex 34 {m}
  16, -14, 0,                             !- X,Y,Z Vertex 35 {m}
  35, -14, 0,                             !- X,Y,Z Vertex 36 {m}
  35, -4, 0,                              !- X,Y,Z Vertex 37 {m}
  37, -4, 0,                              !- X,Y,Z Vertex 38 {m}
  37, -14, 0,                             !- X,Y,Z Vertex 39 {m}
  37, -16, 0;                             !- X,Y,Z Vertex 40 {m}

OS:Surface,
  {c0a3ed78-8725-4f8a-8437-72a8746e64b6}, !- Handle
  Face 559,                               !- Name
  RoofCeiling,                            !- Surface Type
  ,                                       !- Construction Name
  {80bf9c73-c534-4755-84da-97440a3de104}, !- Space Name
  Outdoors,                               !- Outside Boundary Condition
  ,                                       !- Outside Boundary Condition Object
  SunExposed,                             !- Sun Exposure
  WindExposed,                            !- Wind Exposure
  ,                                       !- View Factor to Ground
  ,                                       !- Number of Vertices
  37, -16, 2.4384,                        !- X,Y,Z Vertex 1 {m}
  37, -14, 2.4384,                        !- X,Y,Z Vertex 2 {m}
  37, -4, 2.4384,                         !- X,Y,Z Vertex 3 {m}
  35, -4, 2.4384,                         !- X,Y,Z Vertex 4 {m}
  35, -14, 2.4384,                        !- X,Y,Z Vertex 5 {m}
  16, -14, 2.4384,                        !- X,Y,Z Vertex 6 {m}
  13, -14, 2.4384,                        !- X,Y,Z Vertex 7 {m}
  13, -11, 2.4384,                        !- X,Y,Z Vertex 8 {m}
  10, -11, 2.4384,                        !- X,Y,Z Vertex 9 {m}
  3, -11, 2.4384,                         !- X,Y,Z Vertex 10 {m}
  -17, -11, 2.4384,                       !- X,Y,Z Vertex 11 {m}
  -19, -11, 2.4384,                       !- X,Y,Z Vertex 12 {m}
  -19, -14, 2.4384,                       !- X,Y,Z Vertex 13 {m}
  -22, -14, 2.4384,                       !- X,Y,Z Vertex 14 {m}
  -29, -14, 2.4384,                       !- X,Y,Z Vertex 15 {m}
  -32, -14, 2.4384,                       !- X,Y,Z Vertex 16 {m}
  -38, -14, 2.4384,                       !- X,Y,Z Vertex 17 {m}
  -38, -4, 2.4384,                        !- X,Y,Z Vertex 18 {m}
  -38, 6, 2.4384,                         !- X,Y,Z Vertex 19 {m}
  -36, 6, 2.4384,                         !- X,Y,Z Vertex 20 {m}
  -36, 8, 2.4384,                         !- X,Y,Z Vertex 21 {m}
  -36, 11, 2.4384,                        !- X,Y,Z Vertex 22 {m}
  -35, 11, 2.4384,                        !- X,Y,Z Vertex 23 {m}
  -35, 13, 2.4384,                        !- X,Y,Z Vertex 24 {m}
  -35, 14, 2.4384,                        !- X,Y,Z Vertex 25 {m}
  -35, 20, 2.4384,                        !- X,Y,Z Vertex 26 {m}
  -35, 23, 2.4384,                        !- X,Y,Z Vertex 27 {m}
  -35, 29, 2.4384,                        !- X,Y,Z Vertex 28 {m}
  -35, 33, 2.4384,                        !- X,Y,Z Vertex 29 {m}
  -37, 33, 2.4384,                        !- X,Y,Z Vertex 30 {m}
  -37, 13, 2.4384,                        !- X,Y,Z Vertex 31 {m}
  -38, 13, 2.4384,                        !- X,Y,Z Vertex 32 {m}
  -38, 8, 2.4384,                         !- X,Y,Z Vertex 33 {m}
  -40, 8, 2.4384,                         !- X,Y,Z Vertex 34 {m}
  -40, -14, 2.4384,                       !- X,Y,Z Vertex 35 {m}
  -40, -16, 2.4384,                       !- X,Y,Z Vertex 36 {m}
  -16, -16, 2.4384,                       !- X,Y,Z Vertex 37 {m}
  -16, -14, 2.4384,                       !- X,Y,Z Vertex 38 {m}
  10, -14, 2.4384,                        !- X,Y,Z Vertex 39 {m}
  10, -16, 2.4384;                        !- X,Y,Z Vertex 40 {m}

OS:Surface,
  {f5669299-7a75-4ed8-b614-c21f4605a601}, !- Handle
  Face 580,                               !- Name
  Wall,                                   !- Surface Type
  ,                                       !- Construction Name
  {80bf9c73-c534-4755-84da-97440a3de104}, !- Space Name
  Outdoors,                               !- Outside Boundary Condition
  ,                                       !- Outside Boundary Condition Object
  SunExposed,                             !- Sun Exposure
  WindExposed,                            !- Wind Exposure
  ,                                       !- View Factor to Ground
  ,                                       !- Number of Vertices
  -40, -14, 2.4384,                       !- X,Y,Z Vertex 1 {m}
  -40, 8, 2.4384,                         !- X,Y,Z Vertex 2 {m}
  -40, 8, 0,                              !- X,Y,Z Vertex 3 {m}
  -40, -14, 0;                            !- X,Y,Z Vertex 4 {m}

OS:SubSurface,
  {81afea2a-4472-4b8f-82f8-242e2e5cdcdb}, !- Handle
  Face 582,                               !- Name
  FixedWindow,                            !- Sub Surface Type
  ,                                       !- Construction Name
  {f5669299-7a75-4ed8-b614-c21f4605a601}, !- Surface Name
  ,                                       !- Outside Boundary Condition Object
  ,                                       !- View Factor to Ground
  ,                                       !- Frame and Divider Name
  ,                                       !- Multiplier
  ,                                       !- Number of Vertices
  -40, -10.5, 2.1336,                     !- X,Y,Z Vertex 1 {m}
  -40, -10.5, 0.9144,                     !- X,Y,Z Vertex 2 {m}
  -40, -11.5, 0.9144,                     !- X,Y,Z Vertex 3 {m}
  -40, -11.5, 2.1336;                     !- X,Y,Z Vertex 4 {m}

OS:SubSurface,
  {5dcba029-6499-47ec-a6f4-7b6e3a75abaa}, !- Handle
  Face 581,                               !- Name
  FixedWindow,                            !- Sub Surface Type
  ,                                       !- Construction Name
  {f5669299-7a75-4ed8-b614-c21f4605a601}, !- Surface Name
  ,                                       !- Outside Boundary Condition Object
  ,                                       !- View Factor to Ground
  ,                                       !- Frame and Divider Name
  ,                                       !- Multiplier
  ,                                       !- Number of Vertices
  -40, -12.5, 2.1336,                     !- X,Y,Z Vertex 1 {m}
  -40, -12.5, 0.9144,                     !- X,Y,Z Vertex 2 {m}
  -40, -13.5, 0.9144,                     !- X,Y,Z Vertex 3 {m}
  -40, -13.5, 2.1336;                     !- X,Y,Z Vertex 4 {m}

OS:SubSurface,
  {2dd8521e-717f-4b12-932b-5d385dcbce06}, !- Handle
  Face 585,                               !- Name
  FixedWindow,                            !- Sub Surface Type
  ,                                       !- Construction Name
  {f5669299-7a75-4ed8-b614-c21f4605a601}, !- Surface Name
  ,                                       !- Outside Boundary Condition Object
  ,                                       !- View Factor to Ground
  ,                                       !- Frame and Divider Name
  ,                                       !- Multiplier
  ,                                       !- Number of Vertices
  -40, -4.5, 2.1336,                      !- X,Y,Z Vertex 1 {m}
  -40, -4.5, 0.9144,                      !- X,Y,Z Vertex 2 {m}
  -40, -5.5, 0.9144,                      !- X,Y,Z Vertex 3 {m}
  -40, -5.5, 2.1336;                      !- X,Y,Z Vertex 4 {m}

OS:SubSurface,
  {63089e3c-908b-412b-9b49-c6c73121d0c7}, !- Handle
  Face 583,                               !- Name
  FixedWindow,                            !- Sub Surface Type
  ,                                       !- Construction Name
  {f5669299-7a75-4ed8-b614-c21f4605a601}, !- Surface Name
  ,                                       !- Outside Boundary Condition Object
  ,                                       !- View Factor to Ground
  ,                                       !- Frame and Divider Name
  ,                                       !- Multiplier
  ,                                       !- Number of Vertices
  -40, -8.5, 2.1336,                      !- X,Y,Z Vertex 1 {m}
  -40, -8.5, 0.9144,                      !- X,Y,Z Vertex 2 {m}
  -40, -9.5, 0.9144,                      !- X,Y,Z Vertex 3 {m}
  -40, -9.5, 2.1336;                      !- X,Y,Z Vertex 4 {m}

OS:SubSurface,
  {1c2784db-7853-4dc9-8923-3984e67f018d}, !- Handle
  Face 588,                               !- Name
  FixedWindow,                            !- Sub Surface Type
  ,                                       !- Construction Name
  {f5669299-7a75-4ed8-b614-c21f4605a601}, !- Surface Name
  ,                                       !- Outside Boundary Condition Object
  ,                                       !- View Factor to Ground
  ,                                       !- Frame and Divider Name
  ,                                       !- Multiplier
  ,                                       !- Number of Vertices
  -40, 1.5, 2.1336,                       !- X,Y,Z Vertex 1 {m}
  -40, 1.5, 0.9144,                       !- X,Y,Z Vertex 2 {m}
  -40, 0.500000000000001, 0.9144,         !- X,Y,Z Vertex 3 {m}
  -40, 0.500000000000001, 2.1336;         !- X,Y,Z Vertex 4 {m}

OS:SubSurface,
  {33c832ec-439f-4dea-aad6-e4e2555e7a4e}, !- Handle
  Face 584,                               !- Name
  FixedWindow,                            !- Sub Surface Type
  ,                                       !- Construction Name
  {f5669299-7a75-4ed8-b614-c21f4605a601}, !- Surface Name
  ,                                       !- Outside Boundary Condition Object
  ,                                       !- View Factor to Ground
  ,                                       !- Frame and Divider Name
  ,                                       !- Multiplier
  ,                                       !- Number of Vertices
  -40, -6.5, 2.1336,                      !- X,Y,Z Vertex 1 {m}
  -40, -6.5, 0.9144,                      !- X,Y,Z Vertex 2 {m}
  -40, -7.5, 0.9144,                      !- X,Y,Z Vertex 3 {m}
  -40, -7.5, 2.1336;                      !- X,Y,Z Vertex 4 {m}

OS:SubSurface,
  {cd0d3568-28f3-4e96-b8d2-cef6c52b1cfe}, !- Handle
  Face 589,                               !- Name
  FixedWindow,                            !- Sub Surface Type
  ,                                       !- Construction Name
  {f5669299-7a75-4ed8-b614-c21f4605a601}, !- Surface Name
  ,                                       !- Outside Boundary Condition Object
  ,                                       !- View Factor to Ground
  ,                                       !- Frame and Divider Name
  ,                                       !- Multiplier
  ,                                       !- Number of Vertices
  -40, 3.5, 2.1336,                       !- X,Y,Z Vertex 1 {m}
  -40, 3.5, 0.9144,                       !- X,Y,Z Vertex 2 {m}
  -40, 2.5, 0.9144,                       !- X,Y,Z Vertex 3 {m}
  -40, 2.5, 2.1336;                       !- X,Y,Z Vertex 4 {m}

OS:SubSurface,
  {071530ae-ce8d-4ad1-b10d-b2f9d961bbd3}, !- Handle
  Face 587,                               !- Name
  FixedWindow,                            !- Sub Surface Type
  ,                                       !- Construction Name
  {f5669299-7a75-4ed8-b614-c21f4605a601}, !- Surface Name
  ,                                       !- Outside Boundary Condition Object
  ,                                       !- View Factor to Ground
  ,                                       !- Frame and Divider Name
  ,                                       !- Multiplier
  ,                                       !- Number of Vertices
  -40, -0.500000000000001, 2.1336,        !- X,Y,Z Vertex 1 {m}
  -40, -0.500000000000001, 0.9144,        !- X,Y,Z Vertex 2 {m}
  -40, -1.5, 0.9144,                      !- X,Y,Z Vertex 3 {m}
  -40, -1.5, 2.1336;                      !- X,Y,Z Vertex 4 {m}

OS:SubSurface,
  {4566ab1d-eda4-439a-8d4e-ce628f35917b}, !- Handle
  Face 586,                               !- Name
  FixedWindow,                            !- Sub Surface Type
  ,                                       !- Construction Name
  {f5669299-7a75-4ed8-b614-c21f4605a601}, !- Surface Name
  ,                                       !- Outside Boundary Condition Object
  ,                                       !- View Factor to Ground
  ,                                       !- Frame and Divider Name
  ,                                       !- Multiplier
  ,                                       !- Number of Vertices
  -40, -2.5, 2.1336,                      !- X,Y,Z Vertex 1 {m}
  -40, -2.5, 0.9144,                      !- X,Y,Z Vertex 2 {m}
  -40, -3.5, 0.9144,                      !- X,Y,Z Vertex 3 {m}
  -40, -3.5, 2.1336;                      !- X,Y,Z Vertex 4 {m}

OS:SubSurface,
  {88a9a6fe-ccb2-4cae-b30c-4ecb14882f0e}, !- Handle
  Face 590,                               !- Name
  FixedWindow,                            !- Sub Surface Type
  ,                                       !- Construction Name
  {f5669299-7a75-4ed8-b614-c21f4605a601}, !- Surface Name
  ,                                       !- Outside Boundary Condition Object
  ,                                       !- View Factor to Ground
  ,                                       !- Frame and Divider Name
  ,                                       !- Multiplier
  ,                                       !- Number of Vertices
  -40, 5.5, 2.1336,                       !- X,Y,Z Vertex 1 {m}
  -40, 5.5, 0.9144,                       !- X,Y,Z Vertex 2 {m}
  -40, 4.5, 0.9144,                       !- X,Y,Z Vertex 3 {m}
  -40, 4.5, 2.1336;                       !- X,Y,Z Vertex 4 {m}

OS:SubSurface,
  {3dbc37ad-83a5-4f7c-b132-128bf3ffacb8}, !- Handle
  Face 591,                               !- Name
  FixedWindow,                            !- Sub Surface Type
  ,                                       !- Construction Name
  {f5669299-7a75-4ed8-b614-c21f4605a601}, !- Surface Name
  ,                                       !- Outside Boundary Condition Object
  ,                                       !- View Factor to Ground
  ,                                       !- Frame and Divider Name
  ,                                       !- Multiplier
  ,                                       !- Number of Vertices
  -40, 7.5, 2.1336,                       !- X,Y,Z Vertex 1 {m}
  -40, 7.5, 0.9144,                       !- X,Y,Z Vertex 2 {m}
  -40, 6.5, 0.9144,                       !- X,Y,Z Vertex 3 {m}
  -40, 6.5, 2.1336;                       !- X,Y,Z Vertex 4 {m}

OS:Surface,
  {d2e390a7-6cc5-4c83-acc9-3eedb216064f}, !- Handle
  Face 593,                               !- Name
  Wall,                                   !- Surface Type
  ,                                       !- Construction Name
  {80bf9c73-c534-4755-84da-97440a3de104}, !- Space Name
  Outdoors,                               !- Outside Boundary Condition
  ,                                       !- Outside Boundary Condition Object
  SunExposed,                             !- Sun Exposure
  WindExposed,                            !- Wind Exposure
  ,                                       !- View Factor to Ground
  ,                                       !- Number of Vertices
  -38, 8, 2.4384,                         !- X,Y,Z Vertex 1 {m}
  -38, 13, 2.4384,                        !- X,Y,Z Vertex 2 {m}
  -38, 13, 0,                             !- X,Y,Z Vertex 3 {m}
  -38, 8, 0;                              !- X,Y,Z Vertex 4 {m}

OS:SubSurface,
  {61d32da9-d834-4265-b5e8-3dcab0ee9365}, !- Handle
  Face 595,                               !- Name
  FixedWindow,                            !- Sub Surface Type
  ,                                       !- Construction Name
  {d2e390a7-6cc5-4c83-acc9-3eedb216064f}, !- Surface Name
  ,                                       !- Outside Boundary Condition Object
  ,                                       !- View Factor to Ground
  ,                                       !- Frame and Divider Name
  ,                                       !- Multiplier
  ,                                       !- Number of Vertices
  -38, 11.5, 2.1336,                      !- X,Y,Z Vertex 1 {m}
  -38, 11.5, 0.9144,                      !- X,Y,Z Vertex 2 {m}
  -38, 10.5, 0.9144,                      !- X,Y,Z Vertex 3 {m}
  -38, 10.5, 2.1336;                      !- X,Y,Z Vertex 4 {m}

OS:SubSurface,
  {9eabe0a9-0a72-4d09-a659-55aa5e4925c6}, !- Handle
  Face 594,                               !- Name
  FixedWindow,                            !- Sub Surface Type
  ,                                       !- Construction Name
  {d2e390a7-6cc5-4c83-acc9-3eedb216064f}, !- Surface Name
  ,                                       !- Outside Boundary Condition Object
  ,                                       !- View Factor to Ground
  ,                                       !- Frame and Divider Name
  ,                                       !- Multiplier
  ,                                       !- Number of Vertices
  -38, 9.5, 2.1336,                       !- X,Y,Z Vertex 1 {m}
  -38, 9.5, 0.9144,                       !- X,Y,Z Vertex 2 {m}
  -38, 8.5, 0.9144,                       !- X,Y,Z Vertex 3 {m}
  -38, 8.5, 2.1336;                       !- X,Y,Z Vertex 4 {m}

OS:Surface,
  {2e7d9025-c5ef-48a9-8b0c-698522205b1b}, !- Handle
  Face 597,                               !- Name
  Wall,                                   !- Surface Type
  ,                                       !- Construction Name
  {80bf9c73-c534-4755-84da-97440a3de104}, !- Space Name
  Outdoors,                               !- Outside Boundary Condition
  ,                                       !- Outside Boundary Condition Object
  SunExposed,                             !- Sun Exposure
  WindExposed,                            !- Wind Exposure
  ,                                       !- View Factor to Ground
  ,                                       !- Number of Vertices
  -37, 13, 2.4384,                        !- X,Y,Z Vertex 1 {m}
  -37, 33, 2.4384,                        !- X,Y,Z Vertex 2 {m}
  -37, 33, 0,                             !- X,Y,Z Vertex 3 {m}
  -37, 13, 0;                             !- X,Y,Z Vertex 4 {m}

OS:SubSurface,
  {7d594958-17dd-403a-b81a-45fcf97c284d}, !- Handle
  Face 598,                               !- Name
  FixedWindow,                            !- Sub Surface Type
  ,                                       !- Construction Name
  {2e7d9025-c5ef-48a9-8b0c-698522205b1b}, !- Surface Name
  ,                                       !- Outside Boundary Condition Object
  ,                                       !- View Factor to Ground
  ,                                       !- Frame and Divider Name
  ,                                       !- Multiplier
  ,                                       !- Number of Vertices
  -37, 15.5, 2.1336,                      !- X,Y,Z Vertex 1 {m}
  -37, 15.5, 0.9144,                      !- X,Y,Z Vertex 2 {m}
  -37, 14.5, 0.9144,                      !- X,Y,Z Vertex 3 {m}
  -37, 14.5, 2.1336;                      !- X,Y,Z Vertex 4 {m}

OS:SubSurface,
  {7879c513-9475-4d8d-9bb7-b0b1fa005f72}, !- Handle
  Face 599,                               !- Name
  FixedWindow,                            !- Sub Surface Type
  ,                                       !- Construction Name
  {2e7d9025-c5ef-48a9-8b0c-698522205b1b}, !- Surface Name
  ,                                       !- Outside Boundary Condition Object
  ,                                       !- View Factor to Ground
  ,                                       !- Frame and Divider Name
  ,                                       !- Multiplier
  ,                                       !- Number of Vertices
  -37, 17.5, 2.1336,                      !- X,Y,Z Vertex 1 {m}
  -37, 17.5, 0.9144,                      !- X,Y,Z Vertex 2 {m}
  -37, 16.5, 0.9144,                      !- X,Y,Z Vertex 3 {m}
  -37, 16.5, 2.1336;                      !- X,Y,Z Vertex 4 {m}

OS:SubSurface,
  {068c67bf-1fda-490b-8ea1-51f1afdcc8b6}, !- Handle
  Face 602,                               !- Name
  FixedWindow,                            !- Sub Surface Type
  ,                                       !- Construction Name
  {2e7d9025-c5ef-48a9-8b0c-698522205b1b}, !- Surface Name
  ,                                       !- Outside Boundary Condition Object
  ,                                       !- View Factor to Ground
  ,                                       !- Frame and Divider Name
  ,                                       !- Multiplier
  ,                                       !- Number of Vertices
  -37, 23.5, 2.1336,                      !- X,Y,Z Vertex 1 {m}
  -37, 23.5, 0.9144,                      !- X,Y,Z Vertex 2 {m}
  -37, 22.5, 0.9144,                      !- X,Y,Z Vertex 3 {m}
  -37, 22.5, 2.1336;                      !- X,Y,Z Vertex 4 {m}

OS:SubSurface,
  {cc94e077-af93-44d2-9b6a-0c9444c4d3f5}, !- Handle
  Face 604,                               !- Name
  FixedWindow,                            !- Sub Surface Type
  ,                                       !- Construction Name
  {2e7d9025-c5ef-48a9-8b0c-698522205b1b}, !- Surface Name
  ,                                       !- Outside Boundary Condition Object
  ,                                       !- View Factor to Ground
  ,                                       !- Frame and Divider Name
  ,                                       !- Multiplier
  ,                                       !- Number of Vertices
  -37, 27.5, 2.1336,                      !- X,Y,Z Vertex 1 {m}
  -37, 27.5, 0.9144,                      !- X,Y,Z Vertex 2 {m}
  -37, 26.5, 0.9144,                      !- X,Y,Z Vertex 3 {m}
  -37, 26.5, 2.1336;                      !- X,Y,Z Vertex 4 {m}

OS:SubSurface,
  {931253c7-18b6-48c5-b4d6-8878ad9e278e}, !- Handle
  Face 605,                               !- Name
  FixedWindow,                            !- Sub Surface Type
  ,                                       !- Construction Name
  {2e7d9025-c5ef-48a9-8b0c-698522205b1b}, !- Surface Name
  ,                                       !- Outside Boundary Condition Object
  ,                                       !- View Factor to Ground
  ,                                       !- Frame and Divider Name
  ,                                       !- Multiplier
  ,                                       !- Number of Vertices
  -37, 29.5, 2.1336,                      !- X,Y,Z Vertex 1 {m}
  -37, 29.5, 0.9144,                      !- X,Y,Z Vertex 2 {m}
  -37, 28.5, 0.9144,                      !- X,Y,Z Vertex 3 {m}
  -37, 28.5, 2.1336;                      !- X,Y,Z Vertex 4 {m}

OS:SubSurface,
  {b91d4995-9e3a-4a23-9d58-0384b8f9e876}, !- Handle
  Face 601,                               !- Name
  FixedWindow,                            !- Sub Surface Type
  ,                                       !- Construction Name
  {2e7d9025-c5ef-48a9-8b0c-698522205b1b}, !- Surface Name
  ,                                       !- Outside Boundary Condition Object
  ,                                       !- View Factor to Ground
  ,                                       !- Frame and Divider Name
  ,                                       !- Multiplier
  ,                                       !- Number of Vertices
  -37, 21.5, 2.1336,                      !- X,Y,Z Vertex 1 {m}
  -37, 21.5, 0.9144,                      !- X,Y,Z Vertex 2 {m}
  -37, 20.5, 0.9144,                      !- X,Y,Z Vertex 3 {m}
  -37, 20.5, 2.1336;                      !- X,Y,Z Vertex 4 {m}

OS:SubSurface,
  {e6e6194d-1ee2-4a5c-8b30-569fc307fa86}, !- Handle
  Face 600,                               !- Name
  FixedWindow,                            !- Sub Surface Type
  ,                                       !- Construction Name
  {2e7d9025-c5ef-48a9-8b0c-698522205b1b}, !- Surface Name
  ,                                       !- Outside Boundary Condition Object
  ,                                       !- View Factor to Ground
  ,                                       !- Frame and Divider Name
  ,                                       !- Multiplier
  ,                                       !- Number of Vertices
  -37, 19.5, 2.1336,                      !- X,Y,Z Vertex 1 {m}
  -37, 19.5, 0.9144,                      !- X,Y,Z Vertex 2 {m}
  -37, 18.5, 0.9144,                      !- X,Y,Z Vertex 3 {m}
  -37, 18.5, 2.1336;                      !- X,Y,Z Vertex 4 {m}

OS:SubSurface,
  {1d2d2881-6e93-41bf-81c5-b412517f6915}, !- Handle
  Face 603,                               !- Name
  FixedWindow,                            !- Sub Surface Type
  ,                                       !- Construction Name
  {2e7d9025-c5ef-48a9-8b0c-698522205b1b}, !- Surface Name
  ,                                       !- Outside Boundary Condition Object
  ,                                       !- View Factor to Ground
  ,                                       !- Frame and Divider Name
  ,                                       !- Multiplier
  ,                                       !- Number of Vertices
  -37, 25.5, 2.1336,                      !- X,Y,Z Vertex 1 {m}
  -37, 25.5, 0.9144,                      !- X,Y,Z Vertex 2 {m}
  -37, 24.5, 0.9144,                      !- X,Y,Z Vertex 3 {m}
  -37, 24.5, 2.1336;                      !- X,Y,Z Vertex 4 {m}

OS:SubSurface,
  {c2479235-4949-4773-a563-b275d09ca1e4}, !- Handle
  Face 606,                               !- Name
  FixedWindow,                            !- Sub Surface Type
  ,                                       !- Construction Name
  {2e7d9025-c5ef-48a9-8b0c-698522205b1b}, !- Surface Name
  ,                                       !- Outside Boundary Condition Object
  ,                                       !- View Factor to Ground
  ,                                       !- Frame and Divider Name
  ,                                       !- Multiplier
  ,                                       !- Number of Vertices
  -37, 31.5, 2.1336,                      !- X,Y,Z Vertex 1 {m}
  -37, 31.5, 0.9144,                      !- X,Y,Z Vertex 2 {m}
  -37, 30.5, 0.9144,                      !- X,Y,Z Vertex 3 {m}
  -37, 30.5, 2.1336;                      !- X,Y,Z Vertex 4 {m}

OS:Surface,
  {7593d51e-610f-480d-87df-08c4ceeb40f2}, !- Handle
  Face 607,                               !- Name
  Wall,                                   !- Surface Type
  ,                                       !- Construction Name
  {80bf9c73-c534-4755-84da-97440a3de104}, !- Space Name
  Surface,                                !- Outside Boundary Condition
  {adb74cf2-efe8-4ac8-8bec-24199ad92e42}, !- Outside Boundary Condition Object
  NoSun,                                  !- Sun Exposure
  NoWind,                                 !- Wind Exposure
  ,                                       !- View Factor to Ground
  ,                                       !- Number of Vertices
  -35, 33, 2.4384,                        !- X,Y,Z Vertex 1 {m}
  -35, 33, 0,                             !- X,Y,Z Vertex 2 {m}
  -37, 33, 0,                             !- X,Y,Z Vertex 3 {m}
  -37, 33, 2.4384;                        !- X,Y,Z Vertex 4 {m}

OS:Surface,
  {5c83fc11-a933-4f4d-91f4-1942ea01f124}, !- Handle
  Face 569,                               !- Name
  Wall,                                   !- Surface Type
  ,                                       !- Construction Name
  {80bf9c73-c534-4755-84da-97440a3de104}, !- Space Name
  Outdoors,                               !- Outside Boundary Condition
  ,                                       !- Outside Boundary Condition Object
  SunExposed,                             !- Sun Exposure
  WindExposed,                            !- Wind Exposure
  ,                                       !- View Factor to Ground
  ,                                       !- Number of Vertices
  -16, -14, 2.4384,                       !- X,Y,Z Vertex 1 {m}
  -16, -16, 2.4384,                       !- X,Y,Z Vertex 2 {m}
  -16, -16, 0,                            !- X,Y,Z Vertex 3 {m}
  -16, -14, 0;                            !- X,Y,Z Vertex 4 {m}

OS:Surface,
  {82a968bd-bbed-4e32-a8e9-d9b95b75ab16}, !- Handle
  Face 570,                               !- Name
  Wall,                                   !- Surface Type
  ,                                       !- Construction Name
  {80bf9c73-c534-4755-84da-97440a3de104}, !- Space Name
  Outdoors,                               !- Outside Boundary Condition
  ,                                       !- Outside Boundary Condition Object
  SunExposed,                             !- Sun Exposure
  WindExposed,                            !- Wind Exposure
  ,                                       !- View Factor to Ground
  ,                                       !- Number of Vertices
  -16, -16, 2.4384,                       !- X,Y,Z Vertex 1 {m}
  -40, -16, 2.4384,                       !- X,Y,Z Vertex 2 {m}
  -40, -16, 0,                            !- X,Y,Z Vertex 3 {m}
  -16, -16, 0;                            !- X,Y,Z Vertex 4 {m}

OS:SubSurface,
  {7efb5fbc-4e47-45af-80a3-a7fd04e223a2}, !- Handle
  Face 575,                               !- Name
  FixedWindow,                            !- Sub Surface Type
  ,                                       !- Construction Name
  {82a968bd-bbed-4e32-a8e9-d9b95b75ab16}, !- Surface Name
  ,                                       !- Outside Boundary Condition Object
  ,                                       !- View Factor to Ground
  ,                                       !- Frame and Divider Name
  ,                                       !- Multiplier
  ,                                       !- Number of Vertices
  -31.2, -16, 2.1336,                     !- X,Y,Z Vertex 1 {m}
  -31.2, -16, 0.9144,                     !- X,Y,Z Vertex 2 {m}
  -28.8, -16, 0.9144,                     !- X,Y,Z Vertex 3 {m}
  -28.8, -16, 2.1336;                     !- X,Y,Z Vertex 4 {m}

OS:SubSurface,
  {e8d15e55-6f15-4a50-a0d8-2946685ee45c}, !- Handle
  Face 574,                               !- Name
  FixedWindow,                            !- Sub Surface Type
  ,                                       !- Construction Name
  {82a968bd-bbed-4e32-a8e9-d9b95b75ab16}, !- Surface Name
  ,                                       !- Outside Boundary Condition Object
  ,                                       !- View Factor to Ground
  ,                                       !- Frame and Divider Name
  ,                                       !- Multiplier
  ,                                       !- Number of Vertices
  -28.2, -16, 2.1336,                     !- X,Y,Z Vertex 1 {m}
  -28.2, -16, 0.9144,                     !- X,Y,Z Vertex 2 {m}
  -25.8, -16, 0.9144,                     !- X,Y,Z Vertex 3 {m}
  -25.8, -16, 2.1336;                     !- X,Y,Z Vertex 4 {m}

OS:SubSurface,
  {22076913-5d09-45d2-ba98-47f0d0fcc0d5}, !- Handle
  Face 577,                               !- Name
  FixedWindow,                            !- Sub Surface Type
  ,                                       !- Construction Name
  {82a968bd-bbed-4e32-a8e9-d9b95b75ab16}, !- Surface Name
  ,                                       !- Outside Boundary Condition Object
  ,                                       !- View Factor to Ground
  ,                                       !- Frame and Divider Name
  ,                                       !- Multiplier
  ,                                       !- Number of Vertices
  -37.2, -16, 2.1336,                     !- X,Y,Z Vertex 1 {m}
  -37.2, -16, 0.9144,                     !- X,Y,Z Vertex 2 {m}
  -34.8, -16, 0.9144,                     !- X,Y,Z Vertex 3 {m}
  -34.8, -16, 2.1336;                     !- X,Y,Z Vertex 4 {m}

OS:SubSurface,
  {ea69ea79-6ec2-47db-a097-75c569f1e2b7}, !- Handle
  Face 576,                               !- Name
  FixedWindow,                            !- Sub Surface Type
  ,                                       !- Construction Name
  {82a968bd-bbed-4e32-a8e9-d9b95b75ab16}, !- Surface Name
  ,                                       !- Outside Boundary Condition Object
  ,                                       !- View Factor to Ground
  ,                                       !- Frame and Divider Name
  ,                                       !- Multiplier
  ,                                       !- Number of Vertices
  -34.2, -16, 2.1336,                     !- X,Y,Z Vertex 1 {m}
  -34.2, -16, 0.9144,                     !- X,Y,Z Vertex 2 {m}
  -31.8, -16, 0.9144,                     !- X,Y,Z Vertex 3 {m}
  -31.8, -16, 2.1336;                     !- X,Y,Z Vertex 4 {m}

OS:SubSurface,
  {924ad0fd-7e8d-4225-a798-9fe9f22399bc}, !- Handle
  Face 572,                               !- Name
  FixedWindow,                            !- Sub Surface Type
  ,                                       !- Construction Name
  {82a968bd-bbed-4e32-a8e9-d9b95b75ab16}, !- Surface Name
  ,                                       !- Outside Boundary Condition Object
  ,                                       !- View Factor to Ground
  ,                                       !- Frame and Divider Name
  ,                                       !- Multiplier
  ,                                       !- Number of Vertices
  -22.2, -16, 2.1336,                     !- X,Y,Z Vertex 1 {m}
  -22.2, -16, 0.9144,                     !- X,Y,Z Vertex 2 {m}
  -19.8, -16, 0.9144,                     !- X,Y,Z Vertex 3 {m}
  -19.8, -16, 2.1336;                     !- X,Y,Z Vertex 4 {m}

OS:SubSurface,
  {4838e4ad-edaf-4eb3-850c-f4f4b5295d60}, !- Handle
  Face 571,                               !- Name
  FixedWindow,                            !- Sub Surface Type
  ,                                       !- Construction Name
  {82a968bd-bbed-4e32-a8e9-d9b95b75ab16}, !- Surface Name
  ,                                       !- Outside Boundary Condition Object
  ,                                       !- View Factor to Ground
  ,                                       !- Frame and Divider Name
  ,                                       !- Multiplier
  ,                                       !- Number of Vertices
  -19.2, -16, 2.1336,                     !- X,Y,Z Vertex 1 {m}
  -19.2, -16, 0.9144,                     !- X,Y,Z Vertex 2 {m}
  -16.8, -16, 0.9144,                     !- X,Y,Z Vertex 3 {m}
  -16.8, -16, 2.1336;                     !- X,Y,Z Vertex 4 {m}

OS:SubSurface,
  {63e64d8c-fb91-4339-a913-4afc95fab059}, !- Handle
  Face 573,                               !- Name
  FixedWindow,                            !- Sub Surface Type
  ,                                       !- Construction Name
  {82a968bd-bbed-4e32-a8e9-d9b95b75ab16}, !- Surface Name
  ,                                       !- Outside Boundary Condition Object
  ,                                       !- View Factor to Ground
  ,                                       !- Frame and Divider Name
  ,                                       !- Multiplier
  ,                                       !- Number of Vertices
  -25.2, -16, 2.1336,                     !- X,Y,Z Vertex 1 {m}
  -25.2, -16, 0.9144,                     !- X,Y,Z Vertex 2 {m}
  -22.8, -16, 0.9144,                     !- X,Y,Z Vertex 3 {m}
  -22.8, -16, 2.1336;                     !- X,Y,Z Vertex 4 {m}

OS:Surface,
  {a9a0947e-077a-4157-97b1-8d8751d35117}, !- Handle
  Face 608,                               !- Name
  Wall,                                   !- Surface Type
  ,                                       !- Construction Name
  {80bf9c73-c534-4755-84da-97440a3de104}, !- Space Name
  Surface,                                !- Outside Boundary Condition
  {0e71b0a7-2a9d-4fad-a948-e5fac940e8e0}, !- Outside Boundary Condition Object
  NoSun,                                  !- Sun Exposure
  NoWind,                                 !- Wind Exposure
  ,                                       !- View Factor to Ground
  ,                                       !- Number of Vertices
  -35, 33, 2.4384,                        !- X,Y,Z Vertex 1 {m}
  -35, 29, 2.4384,                        !- X,Y,Z Vertex 2 {m}
  -35, 29, 0,                             !- X,Y,Z Vertex 3 {m}
  -35, 33, 0;                             !- X,Y,Z Vertex 4 {m}

OS:SubSurface,
  {37ae20ac-1ceb-4d34-a2fc-462296acae82}, !- Handle
  Face 609,                               !- Name
  Door,                                   !- Sub Surface Type
  ,                                       !- Construction Name
  {a9a0947e-077a-4157-97b1-8d8751d35117}, !- Surface Name
  {6c552dea-66ee-4d47-88b1-bdcd3d26ea2c}, !- Outside Boundary Condition Object
  ,                                       !- View Factor to Ground
  ,                                       !- Frame and Divider Name
  ,                                       !- Multiplier
  ,                                       !- Number of Vertices
  -35, 29.5, 2.033016,                    !- X,Y,Z Vertex 1 {m}
  -35, 29.5, 0,                           !- X,Y,Z Vertex 2 {m}
  -35, 30.5, 0,                           !- X,Y,Z Vertex 3 {m}
  -35, 30.5, 2.033016;                    !- X,Y,Z Vertex 4 {m}

OS:Surface,
  {d44c2714-2400-4534-845f-30fee63d53a0}, !- Handle
  Face 610,                               !- Name
  Wall,                                   !- Surface Type
  ,                                       !- Construction Name
  {80bf9c73-c534-4755-84da-97440a3de104}, !- Space Name
  Surface,                                !- Outside Boundary Condition
  {727112e8-5f0e-4aac-92d4-e2e094b6d108}, !- Outside Boundary Condition Object
  NoSun,                                  !- Sun Exposure
  NoWind,                                 !- Wind Exposure
  ,                                       !- View Factor to Ground
  ,                                       !- Number of Vertices
  -35, 23, 2.4384,                        !- X,Y,Z Vertex 1 {m}
  -35, 23, 0,                             !- X,Y,Z Vertex 2 {m}
  -35, 29, 0,                             !- X,Y,Z Vertex 3 {m}
  -35, 29, 2.4384;                        !- X,Y,Z Vertex 4 {m}

OS:Surface,
  {4824613f-f05b-4670-bad5-900d90bf78e5}, !- Handle
  Face 592,                               !- Name
  Wall,                                   !- Surface Type
  ,                                       !- Construction Name
  {80bf9c73-c534-4755-84da-97440a3de104}, !- Space Name
  Outdoors,                               !- Outside Boundary Condition
  ,                                       !- Outside Boundary Condition Object
  SunExposed,                             !- Sun Exposure
  WindExposed,                            !- Wind Exposure
  ,                                       !- View Factor to Ground
  ,                                       !- Number of Vertices
  -40, 8, 2.4384,                         !- X,Y,Z Vertex 1 {m}
  -38, 8, 2.4384,                         !- X,Y,Z Vertex 2 {m}
  -38, 8, 0,                              !- X,Y,Z Vertex 3 {m}
  -40, 8, 0;                              !- X,Y,Z Vertex 4 {m}

OS:Surface,
  {d0f74208-527f-4c46-96ee-454d0aec7ce6}, !- Handle
  Face 611,                               !- Name
  Wall,                                   !- Surface Type
  ,                                       !- Construction Name
  {80bf9c73-c534-4755-84da-97440a3de104}, !- Space Name
  Surface,                                !- Outside Boundary Condition
  {8c155d54-13b2-49c1-9441-5066a1487f93}, !- Outside Boundary Condition Object
  NoSun,                                  !- Sun Exposure
  NoWind,                                 !- Wind Exposure
  ,                                       !- View Factor to Ground
  ,                                       !- Number of Vertices
  -35, 20, 2.4384,                        !- X,Y,Z Vertex 1 {m}
  -35, 20, 0,                             !- X,Y,Z Vertex 2 {m}
  -35, 23, 0,                             !- X,Y,Z Vertex 3 {m}
  -35, 23, 2.4384;                        !- X,Y,Z Vertex 4 {m}

OS:Surface,
  {ccce754d-b728-47ef-91cc-bee462768de1}, !- Handle
  Face 596,                               !- Name
  Wall,                                   !- Surface Type
  ,                                       !- Construction Name
  {80bf9c73-c534-4755-84da-97440a3de104}, !- Space Name
  Outdoors,                               !- Outside Boundary Condition
  ,                                       !- Outside Boundary Condition Object
  SunExposed,                             !- Sun Exposure
  WindExposed,                            !- Wind Exposure
  ,                                       !- View Factor to Ground
  ,                                       !- Number of Vertices
  -38, 13, 2.4384,                        !- X,Y,Z Vertex 1 {m}
  -37, 13, 2.4384,                        !- X,Y,Z Vertex 2 {m}
  -37, 13, 0,                             !- X,Y,Z Vertex 3 {m}
  -38, 13, 0;                             !- X,Y,Z Vertex 4 {m}

OS:Surface,
  {51e19a5f-89bf-4774-8da8-3f6269b480c4}, !- Handle
  Face 578,                               !- Name
  Wall,                                   !- Surface Type
  ,                                       !- Construction Name
  {80bf9c73-c534-4755-84da-97440a3de104}, !- Space Name
  Surface,                                !- Outside Boundary Condition
  {0f88a4b4-9155-4e84-80e2-d74f2ed96666}, !- Outside Boundary Condition Object
  NoSun,                                  !- Sun Exposure
  NoWind,                                 !- Wind Exposure
  ,                                       !- View Factor to Ground
  ,                                       !- Number of Vertices
  -40, -16, 2.4384,                       !- X,Y,Z Vertex 1 {m}
  -40, -14, 2.4384,                       !- X,Y,Z Vertex 2 {m}
  -40, -14, 0,                            !- X,Y,Z Vertex 3 {m}
  -40, -16, 0;                            !- X,Y,Z Vertex 4 {m}

OS:SubSurface,
  {41e53103-e292-4689-b75d-8d1602a34683}, !- Handle
  Face 579,                               !- Name
  Door,                                   !- Sub Surface Type
  ,                                       !- Construction Name
  {51e19a5f-89bf-4774-8da8-3f6269b480c4}, !- Surface Name
  {f8215308-65b8-4fec-903b-eb488450a40a}, !- Outside Boundary Condition Object
  ,                                       !- View Factor to Ground
  ,                                       !- Frame and Divider Name
  ,                                       !- Multiplier
  ,                                       !- Number of Vertices
  -40, -14.5, 2.033016,                   !- X,Y,Z Vertex 1 {m}
  -40, -14.5, 0,                          !- X,Y,Z Vertex 2 {m}
  -40, -15.5, 0,                          !- X,Y,Z Vertex 3 {m}
  -40, -15.5, 2.033016;                   !- X,Y,Z Vertex 4 {m}

OS:Surface,
  {2c6c82f1-e80a-43e3-98b2-e46d51ff2a41}, !- Handle
  Face 561,                               !- Name
  Wall,                                   !- Surface Type
  ,                                       !- Construction Name
  {80bf9c73-c534-4755-84da-97440a3de104}, !- Space Name
  Outdoors,                               !- Outside Boundary Condition
  ,                                       !- Outside Boundary Condition Object
  SunExposed,                             !- Sun Exposure
  WindExposed,                            !- Wind Exposure
  ,                                       !- View Factor to Ground
  ,                                       !- Number of Vertices
  10, -14, 2.4384,                        !- X,Y,Z Vertex 1 {m}
  -16, -14, 2.4384,                       !- X,Y,Z Vertex 2 {m}
  -16, -14, 0,                            !- X,Y,Z Vertex 3 {m}
  10, -14, 0;                             !- X,Y,Z Vertex 4 {m}

OS:SubSurface,
  {e5282e3d-6d66-4272-963e-96a603912d72}, !- Handle
  Face 563,                               !- Name
  FixedWindow,                            !- Sub Surface Type
  ,                                       !- Construction Name
  {2c6c82f1-e80a-43e3-98b2-e46d51ff2a41}, !- Surface Name
  ,                                       !- Outside Boundary Condition Object
  ,                                       !- View Factor to Ground
  ,                                       !- Frame and Divider Name
  ,                                       !- Multiplier
  ,                                       !- Number of Vertices
  -0.2, -14, 2.1336,                      !- X,Y,Z Vertex 1 {m}
  -0.2, -14, 0.9144,                      !- X,Y,Z Vertex 2 {m}
  2.2, -14, 0.9144,                       !- X,Y,Z Vertex 3 {m}
  2.2, -14, 2.1336;                       !- X,Y,Z Vertex 4 {m}

OS:SubSurface,
  {a351a849-38f4-4627-ace9-cd79aa5d16d7}, !- Handle
  Face 564,                               !- Name
  FixedWindow,                            !- Sub Surface Type
  ,                                       !- Construction Name
  {2c6c82f1-e80a-43e3-98b2-e46d51ff2a41}, !- Surface Name
  ,                                       !- Outside Boundary Condition Object
  ,                                       !- View Factor to Ground
  ,                                       !- Frame and Divider Name
  ,                                       !- Multiplier
  ,                                       !- Number of Vertices
  -15.2, -14, 2.1336,                     !- X,Y,Z Vertex 1 {m}
  -15.2, -14, 0.9144,                     !- X,Y,Z Vertex 2 {m}
  -12.8, -14, 0.9144,                     !- X,Y,Z Vertex 3 {m}
  -12.8, -14, 2.1336;                     !- X,Y,Z Vertex 4 {m}

OS:SubSurface,
  {1942cefe-ad1d-46b9-ad27-8145ab167925}, !- Handle
  Face 565,                               !- Name
  FixedWindow,                            !- Sub Surface Type
  ,                                       !- Construction Name
  {2c6c82f1-e80a-43e3-98b2-e46d51ff2a41}, !- Surface Name
  ,                                       !- Outside Boundary Condition Object
  ,                                       !- View Factor to Ground
  ,                                       !- Frame and Divider Name
  ,                                       !- Multiplier
  ,                                       !- Number of Vertices
  -12.2, -14, 2.1336,                     !- X,Y,Z Vertex 1 {m}
  -12.2, -14, 0.9144,                     !- X,Y,Z Vertex 2 {m}
  -9.8, -14, 0.9144,                      !- X,Y,Z Vertex 3 {m}
  -9.8, -14, 2.1336;                      !- X,Y,Z Vertex 4 {m}

OS:SubSurface,
  {e85f1c85-848d-4e78-9dc0-8a0a1313a20f}, !- Handle
  Face 562,                               !- Name
  FixedWindow,                            !- Sub Surface Type
  ,                                       !- Construction Name
  {2c6c82f1-e80a-43e3-98b2-e46d51ff2a41}, !- Surface Name
  ,                                       !- Outside Boundary Condition Object
  ,                                       !- View Factor to Ground
  ,                                       !- Frame and Divider Name
  ,                                       !- Multiplier
  ,                                       !- Number of Vertices
  3.5, -14, 2.1336,                       !- X,Y,Z Vertex 1 {m}
  3.5, -14, 0.9144,                       !- X,Y,Z Vertex 2 {m}
  8.5, -14, 0.9144,                       !- X,Y,Z Vertex 3 {m}
  8.5, -14, 2.1336;                       !- X,Y,Z Vertex 4 {m}

OS:SubSurface,
  {e6097d46-8093-4841-a065-c5667f0817cd}, !- Handle
  Face 567,                               !- Name
  FixedWindow,                            !- Sub Surface Type
  ,                                       !- Construction Name
  {2c6c82f1-e80a-43e3-98b2-e46d51ff2a41}, !- Surface Name
  ,                                       !- Outside Boundary Condition Object
  ,                                       !- View Factor to Ground
  ,                                       !- Frame and Divider Name
  ,                                       !- Multiplier
  ,                                       !- Number of Vertices
  -6.2, -14, 2.1336,                      !- X,Y,Z Vertex 1 {m}
  -6.2, -14, 0.9144,                      !- X,Y,Z Vertex 2 {m}
  -3.8, -14, 0.9144,                      !- X,Y,Z Vertex 3 {m}
  -3.8, -14, 2.1336;                      !- X,Y,Z Vertex 4 {m}

OS:SubSurface,
  {04e70d9a-c208-4dd0-8705-f3563843b659}, !- Handle
  Face 566,                               !- Name
  FixedWindow,                            !- Sub Surface Type
  ,                                       !- Construction Name
  {2c6c82f1-e80a-43e3-98b2-e46d51ff2a41}, !- Surface Name
  ,                                       !- Outside Boundary Condition Object
  ,                                       !- View Factor to Ground
  ,                                       !- Frame and Divider Name
  ,                                       !- Multiplier
  ,                                       !- Number of Vertices
  -9.2, -14, 2.1336,                      !- X,Y,Z Vertex 1 {m}
  -9.2, -14, 0.9144,                      !- X,Y,Z Vertex 2 {m}
  -6.8, -14, 0.9144,                      !- X,Y,Z Vertex 3 {m}
  -6.8, -14, 2.1336;                      !- X,Y,Z Vertex 4 {m}

OS:SubSurface,
  {d52e0d33-8e32-40a6-8f78-bd1f49991d8f}, !- Handle
  Face 568,                               !- Name
  FixedWindow,                            !- Sub Surface Type
  ,                                       !- Construction Name
  {2c6c82f1-e80a-43e3-98b2-e46d51ff2a41}, !- Surface Name
  ,                                       !- Outside Boundary Condition Object
  ,                                       !- View Factor to Ground
  ,                                       !- Frame and Divider Name
  ,                                       !- Multiplier
  ,                                       !- Number of Vertices
  -3.2, -14, 2.1336,                      !- X,Y,Z Vertex 1 {m}
  -3.2, -14, 0.9144,                      !- X,Y,Z Vertex 2 {m}
  -0.800000000000001, -14, 0.9144,        !- X,Y,Z Vertex 3 {m}
  -0.800000000000001, -14, 2.1336;        !- X,Y,Z Vertex 4 {m}

OS:Surface,
  {74324437-b16c-4039-ae54-aa14570adf8a}, !- Handle
  Face 613,                               !- Name
  Wall,                                   !- Surface Type
  ,                                       !- Construction Name
  {80bf9c73-c534-4755-84da-97440a3de104}, !- Space Name
  Surface,                                !- Outside Boundary Condition
  {586e1bd7-4773-4352-98cc-a33b8a619834}, !- Outside Boundary Condition Object
  NoSun,                                  !- Sun Exposure
  NoWind,                                 !- Wind Exposure
  ,                                       !- View Factor to Ground
  ,                                       !- Number of Vertices
  -35, 13, 2.4384,                        !- X,Y,Z Vertex 1 {m}
  -35, 13, 0,                             !- X,Y,Z Vertex 2 {m}
  -35, 14, 0,                             !- X,Y,Z Vertex 3 {m}
  -35, 14, 2.4384;                        !- X,Y,Z Vertex 4 {m}

OS:Surface,
  {297bb29d-50ba-4c27-9707-9de2f43bf22a}, !- Handle
  Face 612,                               !- Name
  Wall,                                   !- Surface Type
  ,                                       !- Construction Name
  {80bf9c73-c534-4755-84da-97440a3de104}, !- Space Name
  Surface,                                !- Outside Boundary Condition
  {b7f05bd4-5432-485b-abba-45a9873be05f}, !- Outside Boundary Condition Object
  NoSun,                                  !- Sun Exposure
  NoWind,                                 !- Wind Exposure
  ,                                       !- View Factor to Ground
  ,                                       !- Number of Vertices
  -35, 14, 2.4384,                        !- X,Y,Z Vertex 1 {m}
  -35, 14, 0,                             !- X,Y,Z Vertex 2 {m}
  -35, 20, 0,                             !- X,Y,Z Vertex 3 {m}
  -35, 20, 2.4384;                        !- X,Y,Z Vertex 4 {m}

OS:Surface,
  {32a6607a-9962-4f42-b560-e520a5f0f4a2}, !- Handle
  Face 618,                               !- Name
  Wall,                                   !- Surface Type
  ,                                       !- Construction Name
  {80bf9c73-c534-4755-84da-97440a3de104}, !- Space Name
  Surface,                                !- Outside Boundary Condition
  {46498b06-b92f-4754-944a-2cacde2a9dd7}, !- Outside Boundary Condition Object
  NoSun,                                  !- Sun Exposure
  NoWind,                                 !- Wind Exposure
  ,                                       !- View Factor to Ground
  ,                                       !- Number of Vertices
  -36, 8, 2.4384,                         !- X,Y,Z Vertex 1 {m}
  -36, 6, 2.4384,                         !- X,Y,Z Vertex 2 {m}
  -36, 6, 0,                              !- X,Y,Z Vertex 3 {m}
  -36, 8, 0;                              !- X,Y,Z Vertex 4 {m}

OS:SubSurface,
  {e5ab54cf-1365-4fb4-a818-c238c9535d05}, !- Handle
  Face 619,                               !- Name
  Door,                                   !- Sub Surface Type
  ,                                       !- Construction Name
  {32a6607a-9962-4f42-b560-e520a5f0f4a2}, !- Surface Name
  {2c0526ed-8faf-4e94-a0cb-ff692555cd5a}, !- Outside Boundary Condition Object
  ,                                       !- View Factor to Ground
  ,                                       !- Frame and Divider Name
  ,                                       !- Multiplier
  ,                                       !- Number of Vertices
  -36, 6.5, 2.033016,                     !- X,Y,Z Vertex 1 {m}
  -36, 6.5, 0,                            !- X,Y,Z Vertex 2 {m}
  -36, 7.5, 0,                            !- X,Y,Z Vertex 3 {m}
  -36, 7.5, 2.033016;                     !- X,Y,Z Vertex 4 {m}

OS:Surface,
  {1ec8682f-4951-4014-b970-b1cf78570dc6}, !- Handle
  Face 617,                               !- Name
  Wall,                                   !- Surface Type
  ,                                       !- Construction Name
  {80bf9c73-c534-4755-84da-97440a3de104}, !- Space Name
  Surface,                                !- Outside Boundary Condition
  {36dd4a9a-01ef-471a-9d63-e1c3c6914e78}, !- Outside Boundary Condition Object
  NoSun,                                  !- Sun Exposure
  NoWind,                                 !- Wind Exposure
  ,                                       !- View Factor to Ground
  ,                                       !- Number of Vertices
  -36, 8, 2.4384,                         !- X,Y,Z Vertex 1 {m}
  -36, 8, 0,                              !- X,Y,Z Vertex 2 {m}
  -36, 11, 0,                             !- X,Y,Z Vertex 3 {m}
  -36, 11, 2.4384;                        !- X,Y,Z Vertex 4 {m}

OS:Surface,
  {97e59934-8b74-4e3c-ab16-492f6c1b221f}, !- Handle
  Face 620,                               !- Name
  Wall,                                   !- Surface Type
  ,                                       !- Construction Name
  {80bf9c73-c534-4755-84da-97440a3de104}, !- Space Name
  Surface,                                !- Outside Boundary Condition
  {0ccb2288-7585-453e-9fcf-0c6b65f19bbc}, !- Outside Boundary Condition Object
  NoSun,                                  !- Sun Exposure
  NoWind,                                 !- Wind Exposure
  ,                                       !- View Factor to Ground
  ,                                       !- Number of Vertices
  -38, 6, 2.4384,                         !- X,Y,Z Vertex 1 {m}
  -38, 6, 0,                              !- X,Y,Z Vertex 2 {m}
  -36, 6, 0,                              !- X,Y,Z Vertex 3 {m}
  -36, 6, 2.4384;                         !- X,Y,Z Vertex 4 {m}

OS:Surface,
  {e6c3061c-92cf-43e4-972c-4316d5b71217}, !- Handle
  Face 626,                               !- Name
  Wall,                                   !- Surface Type
  ,                                       !- Construction Name
  {80bf9c73-c534-4755-84da-97440a3de104}, !- Space Name
  Surface,                                !- Outside Boundary Condition
  {972982e7-a87f-4d37-8fd5-2f57d0f6cc61}, !- Outside Boundary Condition Object
  NoSun,                                  !- Sun Exposure
  NoWind,                                 !- Wind Exposure
  ,                                       !- View Factor to Ground
  ,                                       !- Number of Vertices
  -32, -14, 2.4384,                       !- X,Y,Z Vertex 1 {m}
  -32, -14, 0,                            !- X,Y,Z Vertex 2 {m}
  -38, -14, 0,                            !- X,Y,Z Vertex 3 {m}
  -38, -14, 2.4384;                       !- X,Y,Z Vertex 4 {m}

OS:Surface,
  {fa661e2b-e213-4261-8395-86aed349d429}, !- Handle
  Face 624,                               !- Name
  Wall,                                   !- Surface Type
  ,                                       !- Construction Name
  {80bf9c73-c534-4755-84da-97440a3de104}, !- Space Name
  Surface,                                !- Outside Boundary Condition
  {f266c4f4-8bdd-4be5-9816-f1482860f15b}, !- Outside Boundary Condition Object
  NoSun,                                  !- Sun Exposure
  NoWind,                                 !- Wind Exposure
  ,                                       !- View Factor to Ground
  ,                                       !- Number of Vertices
  -38, -4, 2.4384,                        !- X,Y,Z Vertex 1 {m}
  -38, -14, 2.4384,                       !- X,Y,Z Vertex 2 {m}
  -38, -14, 0,                            !- X,Y,Z Vertex 3 {m}
  -38, -4, 0;                             !- X,Y,Z Vertex 4 {m}

OS:SubSurface,
  {ac123570-79c7-4ffd-88ba-c16daad35617}, !- Handle
  Face 625,                               !- Name
  Door,                                   !- Sub Surface Type
  ,                                       !- Construction Name
  {fa661e2b-e213-4261-8395-86aed349d429}, !- Surface Name
  {a4330187-2def-4915-b529-ffa0cdd4b3a7}, !- Outside Boundary Condition Object
  ,                                       !- View Factor to Ground
  ,                                       !- Frame and Divider Name
  ,                                       !- Multiplier
  ,                                       !- Number of Vertices
  -38, -5.5, 2.033016,                    !- X,Y,Z Vertex 1 {m}
  -38, -5.5, 0,                           !- X,Y,Z Vertex 2 {m}
  -38, -4.5, 0,                           !- X,Y,Z Vertex 3 {m}
  -38, -4.5, 2.033016;                    !- X,Y,Z Vertex 4 {m}

OS:Surface,
  {99477077-2d11-4892-abab-9346c08fe885}, !- Handle
  Face 621,                               !- Name
  Wall,                                   !- Surface Type
  ,                                       !- Construction Name
  {80bf9c73-c534-4755-84da-97440a3de104}, !- Space Name
  Surface,                                !- Outside Boundary Condition
  {f37396aa-f6b2-4405-ba64-559aba854d44}, !- Outside Boundary Condition Object
  NoSun,                                  !- Sun Exposure
  NoWind,                                 !- Wind Exposure
  ,                                       !- View Factor to Ground
  ,                                       !- Number of Vertices
  -38, 6, 2.4384,                         !- X,Y,Z Vertex 1 {m}
  -38, -4, 2.4384,                        !- X,Y,Z Vertex 2 {m}
  -38, -4, 0,                             !- X,Y,Z Vertex 3 {m}
  -38, 6, 0;                              !- X,Y,Z Vertex 4 {m}

OS:SubSurface,
  {94fd46a7-1db8-4d03-a38c-abcad9d9f3a5}, !- Handle
  Face 623,                               !- Name
  Door,                                   !- Sub Surface Type
  ,                                       !- Construction Name
  {99477077-2d11-4892-abab-9346c08fe885}, !- Surface Name
  {18302c19-366f-4d68-8e9b-95fcac099d1e}, !- Outside Boundary Condition Object
  ,                                       !- View Factor to Ground
  ,                                       !- Frame and Divider Name
  ,                                       !- Multiplier
  ,                                       !- Number of Vertices
  -38, 1.5, 2.033016,                     !- X,Y,Z Vertex 1 {m}
  -38, 1.5, 0,                            !- X,Y,Z Vertex 2 {m}
  -38, 2.5, 0,                            !- X,Y,Z Vertex 3 {m}
  -38, 2.5, 2.033016;                     !- X,Y,Z Vertex 4 {m}

OS:SubSurface,
  {f6a4ef14-f283-4c26-bfb3-c367c8b6e3ac}, !- Handle
  Face 622,                               !- Name
  Door,                                   !- Sub Surface Type
  ,                                       !- Construction Name
  {99477077-2d11-4892-abab-9346c08fe885}, !- Surface Name
  {a819ee2b-999e-4534-bbf6-0686cb7198ee}, !- Outside Boundary Condition Object
  ,                                       !- View Factor to Ground
  ,                                       !- Frame and Divider Name
  ,                                       !- Multiplier
  ,                                       !- Number of Vertices
  -38, -0.5, 2.033016,                    !- X,Y,Z Vertex 1 {m}
  -38, -0.5, 0,                           !- X,Y,Z Vertex 2 {m}
  -38, 0.5, 0,                            !- X,Y,Z Vertex 3 {m}
  -38, 0.5, 2.033016;                     !- X,Y,Z Vertex 4 {m}

OS:Surface,
  {0e4ea10d-dac4-4393-8dc6-dde8983f1abb}, !- Handle
  Face 627,                               !- Name
  Wall,                                   !- Surface Type
  ,                                       !- Construction Name
  {80bf9c73-c534-4755-84da-97440a3de104}, !- Space Name
  Surface,                                !- Outside Boundary Condition
  {906bd1ca-55b2-4a96-bbf1-b0c4323f52dc}, !- Outside Boundary Condition Object
  NoSun,                                  !- Sun Exposure
  NoWind,                                 !- Wind Exposure
  ,                                       !- View Factor to Ground
  ,                                       !- Number of Vertices
  -29, -14, 2.4384,                       !- X,Y,Z Vertex 1 {m}
  -29, -14, 0,                            !- X,Y,Z Vertex 2 {m}
  -32, -14, 0,                            !- X,Y,Z Vertex 3 {m}
  -32, -14, 2.4384;                       !- X,Y,Z Vertex 4 {m}

OS:Surface,
  {c08988e4-693d-4cec-96de-1f24340e4578}, !- Handle
  Face 616,                               !- Name
  Wall,                                   !- Surface Type
  ,                                       !- Construction Name
  {80bf9c73-c534-4755-84da-97440a3de104}, !- Space Name
  Surface,                                !- Outside Boundary Condition
  {69ba1f1d-9fa9-4e6b-8273-7516ed62510c}, !- Outside Boundary Condition Object
  NoSun,                                  !- Sun Exposure
  NoWind,                                 !- Wind Exposure
  ,                                       !- View Factor to Ground
  ,                                       !- Number of Vertices
  -36, 11, 2.4384,                        !- X,Y,Z Vertex 1 {m}
  -36, 11, 0,                             !- X,Y,Z Vertex 2 {m}
  -35, 11, 0,                             !- X,Y,Z Vertex 3 {m}
  -35, 11, 2.4384;                        !- X,Y,Z Vertex 4 {m}

OS:Surface,
  {5cf07d15-7402-401c-ac73-a68e4e2f769e}, !- Handle
  Face 280,                               !- Name
  Floor,                                  !- Surface Type
  ,                                       !- Construction Name
  {4db9e02c-c420-43fe-b592-7112f937ba86}, !- Space Name
  Ground,                                 !- Outside Boundary Condition
  ,                                       !- Outside Boundary Condition Object
  NoSun,                                  !- Sun Exposure
  NoWind,                                 !- Wind Exposure
  ,                                       !- View Factor to Ground
  ,                                       !- Number of Vertices
  -22, 14, 0,                             !- X,Y,Z Vertex 1 {m}
  -22, 11, 0,                             !- X,Y,Z Vertex 2 {m}
  -29, 11, 0,                             !- X,Y,Z Vertex 3 {m}
  -29, 14, 0;                             !- X,Y,Z Vertex 4 {m}

OS:Surface,
  {42c6718c-8f55-4134-9c03-d4007e34215d}, !- Handle
  Face 281,                               !- Name
  RoofCeiling,                            !- Surface Type
  ,                                       !- Construction Name
  {4db9e02c-c420-43fe-b592-7112f937ba86}, !- Space Name
  Outdoors,                               !- Outside Boundary Condition
  ,                                       !- Outside Boundary Condition Object
  SunExposed,                             !- Sun Exposure
  WindExposed,                            !- Wind Exposure
  ,                                       !- View Factor to Ground
  ,                                       !- Number of Vertices
  -29, 14, 2.4384,                        !- X,Y,Z Vertex 1 {m}
  -29, 11, 2.4384,                        !- X,Y,Z Vertex 2 {m}
  -22, 11, 2.4384,                        !- X,Y,Z Vertex 3 {m}
  -22, 14, 2.4384;                        !- X,Y,Z Vertex 4 {m}

OS:Surface,
  {28e7412b-7b38-446c-a1b8-80a0673061ae}, !- Handle
  Face 285,                               !- Name
  Wall,                                   !- Surface Type
  ,                                       !- Construction Name
  {4db9e02c-c420-43fe-b592-7112f937ba86}, !- Space Name
  Surface,                                !- Outside Boundary Condition
  {aa9fe80f-d7ab-42c7-b55c-98161f13caba}, !- Outside Boundary Condition Object
  NoSun,                                  !- Sun Exposure
  NoWind,                                 !- Wind Exposure
  ,                                       !- View Factor to Ground
  ,                                       !- Number of Vertices
  -29, 11, 2.4384,                        !- X,Y,Z Vertex 1 {m}
  -29, 14, 2.4384,                        !- X,Y,Z Vertex 2 {m}
  -29, 14, 0,                             !- X,Y,Z Vertex 3 {m}
  -29, 11, 0;                             !- X,Y,Z Vertex 4 {m}

OS:SubSurface,
  {a3476eaf-0d45-467e-ab1e-0a9203211c0a}, !- Handle
  Face 286,                               !- Name
  Door,                                   !- Sub Surface Type
  ,                                       !- Construction Name
  {28e7412b-7b38-446c-a1b8-80a0673061ae}, !- Surface Name
  {9782ad18-2f23-455d-8815-603025cc3276}, !- Outside Boundary Condition Object
  ,                                       !- View Factor to Ground
  ,                                       !- Frame and Divider Name
  ,                                       !- Multiplier
  ,                                       !- Number of Vertices
  -29, 13.5, 2.033016,                    !- X,Y,Z Vertex 1 {m}
  -29, 13.5, 0,                           !- X,Y,Z Vertex 2 {m}
  -29, 12.5, 0,                           !- X,Y,Z Vertex 3 {m}
  -29, 12.5, 2.033016;                    !- X,Y,Z Vertex 4 {m}

OS:Surface,
  {8307080b-bcc7-4dbc-9051-70f95d60be96}, !- Handle
  Face 284,                               !- Name
  Wall,                                   !- Surface Type
  ,                                       !- Construction Name
  {4db9e02c-c420-43fe-b592-7112f937ba86}, !- Space Name
  Surface,                                !- Outside Boundary Condition
  {0d7aa12e-f59e-455a-90d2-ac2acc049da8}, !- Outside Boundary Condition Object
  NoSun,                                  !- Sun Exposure
  NoWind,                                 !- Wind Exposure
  ,                                       !- View Factor to Ground
  ,                                       !- Number of Vertices
  -29, 11, 2.4384,                        !- X,Y,Z Vertex 1 {m}
  -29, 11, 0,                             !- X,Y,Z Vertex 2 {m}
  -22, 11, 0,                             !- X,Y,Z Vertex 3 {m}
  -22, 11, 2.4384;                        !- X,Y,Z Vertex 4 {m}

OS:Surface,
  {cf7964d9-4d42-4403-83ab-35cd6b85bac5}, !- Handle
  Face 287,                               !- Name
  Wall,                                   !- Surface Type
  ,                                       !- Construction Name
  {4db9e02c-c420-43fe-b592-7112f937ba86}, !- Space Name
  Surface,                                !- Outside Boundary Condition
  {2885185f-c7d3-4982-8acd-37bacd4adc25}, !- Outside Boundary Condition Object
  NoSun,                                  !- Sun Exposure
  NoWind,                                 !- Wind Exposure
  ,                                       !- View Factor to Ground
  ,                                       !- Number of Vertices
  -22, 14, 2.4384,                        !- X,Y,Z Vertex 1 {m}
  -22, 14, 0,                             !- X,Y,Z Vertex 2 {m}
  -29, 14, 0,                             !- X,Y,Z Vertex 3 {m}
  -29, 14, 2.4384;                        !- X,Y,Z Vertex 4 {m}

OS:Surface,
  {95959ea2-37c4-4d2e-9269-094469bef231}, !- Handle
  Face 282,                               !- Name
  Wall,                                   !- Surface Type
  ,                                       !- Construction Name
  {4db9e02c-c420-43fe-b592-7112f937ba86}, !- Space Name
  Surface,                                !- Outside Boundary Condition
  {70e53d7c-2739-480e-ab1c-8c466f33a0d3}, !- Outside Boundary Condition Object
  NoSun,                                  !- Sun Exposure
  NoWind,                                 !- Wind Exposure
  ,                                       !- View Factor to Ground
  ,                                       !- Number of Vertices
  -22, 14, 2.4384,                        !- X,Y,Z Vertex 1 {m}
  -22, 11, 2.4384,                        !- X,Y,Z Vertex 2 {m}
  -22, 11, 0,                             !- X,Y,Z Vertex 3 {m}
  -22, 14, 0;                             !- X,Y,Z Vertex 4 {m}

OS:SubSurface,
  {fe4a34db-594b-43b7-9586-b95c29ef49aa}, !- Handle
  Face 283,                               !- Name
  Door,                                   !- Sub Surface Type
  ,                                       !- Construction Name
  {95959ea2-37c4-4d2e-9269-094469bef231}, !- Surface Name
  {84641dd9-5c25-4537-9353-297dfc58b6a9}, !- Outside Boundary Condition Object
  ,                                       !- View Factor to Ground
  ,                                       !- Frame and Divider Name
  ,                                       !- Multiplier
  ,                                       !- Number of Vertices
  -22, 11.5, 2.033016,                    !- X,Y,Z Vertex 1 {m}
  -22, 11.5, 0,                           !- X,Y,Z Vertex 2 {m}
  -22, 12.5, 0,                           !- X,Y,Z Vertex 3 {m}
  -22, 12.5, 2.033016;                    !- X,Y,Z Vertex 4 {m}

OS:Surface,
  {bee483a2-ccd2-478e-950d-91c63347cc19}, !- Handle
  Face 690,                               !- Name
  Wall,                                   !- Surface Type
  ,                                       !- Construction Name
  {cf05fd41-1fba-4824-99aa-93387e229b57}, !- Space Name
  Surface,                                !- Outside Boundary Condition
  {841c5f20-4672-4e65-a95e-12144a5dd895}, !- Outside Boundary Condition Object
  NoSun,                                  !- Sun Exposure
  NoWind,                                 !- Wind Exposure
  ,                                       !- View Factor to Ground
  ,                                       !- Number of Vertices
  -22, 11, 2.4384,                        !- X,Y,Z Vertex 1 {m}
  -22, 11, 0,                             !- X,Y,Z Vertex 2 {m}
  -22, 9, 0,                              !- X,Y,Z Vertex 3 {m}
  -22, 9, 2.4384;                         !- X,Y,Z Vertex 4 {m}

OS:Surface,
  {70e53d7c-2739-480e-ab1c-8c466f33a0d3}, !- Handle
  Face 691,                               !- Name
  Wall,                                   !- Surface Type
  ,                                       !- Construction Name
  {cf05fd41-1fba-4824-99aa-93387e229b57}, !- Space Name
  Surface,                                !- Outside Boundary Condition
  {95959ea2-37c4-4d2e-9269-094469bef231}, !- Outside Boundary Condition Object
  NoSun,                                  !- Sun Exposure
  NoWind,                                 !- Wind Exposure
  ,                                       !- View Factor to Ground
  ,                                       !- Number of Vertices
  -22, 11, 2.4384,                        !- X,Y,Z Vertex 1 {m}
  -22, 14, 2.4384,                        !- X,Y,Z Vertex 2 {m}
  -22, 14, 0,                             !- X,Y,Z Vertex 3 {m}
  -22, 11, 0;                             !- X,Y,Z Vertex 4 {m}

OS:SubSurface,
  {84641dd9-5c25-4537-9353-297dfc58b6a9}, !- Handle
  Face 692,                               !- Name
  Door,                                   !- Sub Surface Type
  ,                                       !- Construction Name
  {70e53d7c-2739-480e-ab1c-8c466f33a0d3}, !- Surface Name
  {fe4a34db-594b-43b7-9586-b95c29ef49aa}, !- Outside Boundary Condition Object
  ,                                       !- View Factor to Ground
  ,                                       !- Frame and Divider Name
  ,                                       !- Multiplier
  ,                                       !- Number of Vertices
  -22, 12.5, 2.033016,                    !- X,Y,Z Vertex 1 {m}
  -22, 12.5, 0,                           !- X,Y,Z Vertex 2 {m}
  -22, 11.5, 0,                           !- X,Y,Z Vertex 3 {m}
  -22, 11.5, 2.033016;                    !- X,Y,Z Vertex 4 {m}

OS:Surface,
  {0584786e-3d58-4e33-ad5c-ad8982a976d9}, !- Handle
  Face 687,                               !- Name
  Wall,                                   !- Surface Type
  ,                                       !- Construction Name
  {cf05fd41-1fba-4824-99aa-93387e229b57}, !- Space Name
  Surface,                                !- Outside Boundary Condition
  {491a59b0-81b8-4f6a-8f98-4e1680a88d9f}, !- Outside Boundary Condition Object
  NoSun,                                  !- Sun Exposure
  NoWind,                                 !- Wind Exposure
  ,                                       !- View Factor to Ground
  ,                                       !- Number of Vertices
  -22, 6, 2.4384,                         !- X,Y,Z Vertex 1 {m}
  -22, 6, 0,                              !- X,Y,Z Vertex 2 {m}
  -19, 6, 0,                              !- X,Y,Z Vertex 3 {m}
  -19, 6, 2.4384;                         !- X,Y,Z Vertex 4 {m}

OS:Surface,
  {8db74729-86e5-454b-bcf1-8304cc9cdbfe}, !- Handle
  Face 684,                               !- Name
  Wall,                                   !- Surface Type
  ,                                       !- Construction Name
  {cf05fd41-1fba-4824-99aa-93387e229b57}, !- Space Name
  Surface,                                !- Outside Boundary Condition
  {3076f4bb-73ee-4159-b435-79a615ab25ba}, !- Outside Boundary Condition Object
  NoSun,                                  !- Sun Exposure
  NoWind,                                 !- Wind Exposure
  ,                                       !- View Factor to Ground
  ,                                       !- Number of Vertices
  -19, 11, 2.4384,                        !- X,Y,Z Vertex 1 {m}
  -19, 11, 0,                             !- X,Y,Z Vertex 2 {m}
  -16, 11, 0,                             !- X,Y,Z Vertex 3 {m}
  -16, 11, 2.4384;                        !- X,Y,Z Vertex 4 {m}

OS:Surface,
  {8240b0e1-c7ad-4be8-9655-ba5d5c4b4a2d}, !- Handle
  Face 685,                               !- Name
  Wall,                                   !- Surface Type
  ,                                       !- Construction Name
  {cf05fd41-1fba-4824-99aa-93387e229b57}, !- Space Name
  Surface,                                !- Outside Boundary Condition
  {169a2ca8-f563-4f88-b12c-4aa6e225079f}, !- Outside Boundary Condition Object
  NoSun,                                  !- Sun Exposure
  NoWind,                                 !- Wind Exposure
  ,                                       !- View Factor to Ground
  ,                                       !- Number of Vertices
  -19, 11, 2.4384,                        !- X,Y,Z Vertex 1 {m}
  -19, 6, 2.4384,                         !- X,Y,Z Vertex 2 {m}
  -19, 6, 0,                              !- X,Y,Z Vertex 3 {m}
  -19, 11, 0;                             !- X,Y,Z Vertex 4 {m}

OS:SubSurface,
  {659dcd54-8a89-4d7a-a166-c8e525ef208d}, !- Handle
  Face 686,                               !- Name
  Door,                                   !- Sub Surface Type
  ,                                       !- Construction Name
  {8240b0e1-c7ad-4be8-9655-ba5d5c4b4a2d}, !- Surface Name
  {bdce723f-83a4-495a-ac2b-89194e9beede}, !- Outside Boundary Condition Object
  ,                                       !- View Factor to Ground
  ,                                       !- Frame and Divider Name
  ,                                       !- Multiplier
  ,                                       !- Number of Vertices
  -19, 8.2, 2.033016,                     !- X,Y,Z Vertex 1 {m}
  -19, 8.2, 0,                            !- X,Y,Z Vertex 2 {m}
  -19, 9.8, 0,                            !- X,Y,Z Vertex 3 {m}
  -19, 9.8, 2.033016;                     !- X,Y,Z Vertex 4 {m}

OS:Surface,
  {23c9e449-529d-418a-bf25-09cecb98809b}, !- Handle
  Face 682,                               !- Name
  Wall,                                   !- Surface Type
  ,                                       !- Construction Name
  {cf05fd41-1fba-4824-99aa-93387e229b57}, !- Space Name
  Surface,                                !- Outside Boundary Condition
  {ff180442-2adc-465b-b178-d46f3299d22f}, !- Outside Boundary Condition Object
  NoSun,                                  !- Sun Exposure
  NoWind,                                 !- Wind Exposure
  ,                                       !- View Factor to Ground
  ,                                       !- Number of Vertices
  -12, 11, 2.4384,                        !- X,Y,Z Vertex 1 {m}
  -16, 11, 2.4384,                        !- X,Y,Z Vertex 2 {m}
  -16, 11, 0,                             !- X,Y,Z Vertex 3 {m}
  -12, 11, 0;                             !- X,Y,Z Vertex 4 {m}

OS:SubSurface,
  {8458ca55-bcb3-4926-b0cb-330b56a41e5d}, !- Handle
  Face 683,                               !- Name
  Door,                                   !- Sub Surface Type
  ,                                       !- Construction Name
  {23c9e449-529d-418a-bf25-09cecb98809b}, !- Surface Name
  {fca4638c-7230-4cc7-920b-7050a8f92c15}, !- Outside Boundary Condition Object
  ,                                       !- View Factor to Ground
  ,                                       !- Frame and Divider Name
  ,                                       !- Multiplier
  ,                                       !- Number of Vertices
  -13.5, 11, 2.033016,                    !- X,Y,Z Vertex 1 {m}
  -13.5, 11, 0,                           !- X,Y,Z Vertex 2 {m}
  -12.5, 11, 0,                           !- X,Y,Z Vertex 3 {m}
  -12.5, 11, 2.033016;                    !- X,Y,Z Vertex 4 {m}

OS:Surface,
  {db1bb395-f7cf-4414-b433-073406ded886}, !- Handle
  Face 688,                               !- Name
  Wall,                                   !- Surface Type
  ,                                       !- Construction Name
  {cf05fd41-1fba-4824-99aa-93387e229b57}, !- Space Name
  Surface,                                !- Outside Boundary Condition
  {9c272b47-f595-4275-b4ba-e4cffd886d57}, !- Outside Boundary Condition Object
  NoSun,                                  !- Sun Exposure
  NoWind,                                 !- Wind Exposure
  ,                                       !- View Factor to Ground
  ,                                       !- Number of Vertices
  -22, 6, 2.4384,                         !- X,Y,Z Vertex 1 {m}
  -22, 9, 2.4384,                         !- X,Y,Z Vertex 2 {m}
  -22, 9, 0,                              !- X,Y,Z Vertex 3 {m}
  -22, 6, 0;                              !- X,Y,Z Vertex 4 {m}

OS:SubSurface,
  {46afaaea-c79e-4c86-b316-c87df7bfdde6}, !- Handle
  Face 689,                               !- Name
  Door,                                   !- Sub Surface Type
  ,                                       !- Construction Name
  {db1bb395-f7cf-4414-b433-073406ded886}, !- Surface Name
  {e6af1733-5982-472b-8b70-0976820dca4b}, !- Outside Boundary Condition Object
  ,                                       !- View Factor to Ground
  ,                                       !- Frame and Divider Name
  ,                                       !- Multiplier
  ,                                       !- Number of Vertices
  -22, 8.5, 2.033016,                     !- X,Y,Z Vertex 1 {m}
  -22, 8.5, 0,                            !- X,Y,Z Vertex 2 {m}
  -22, 7.5, 0,                            !- X,Y,Z Vertex 3 {m}
  -22, 7.5, 2.033016;                     !- X,Y,Z Vertex 4 {m}

OS:Surface,
  {b7d73145-b44b-4e52-880a-82dd5dc9359b}, !- Handle
  Face 662,                               !- Name
  Floor,                                  !- Surface Type
  ,                                       !- Construction Name
  {cf05fd41-1fba-4824-99aa-93387e229b57}, !- Space Name
  Ground,                                 !- Outside Boundary Condition
  ,                                       !- Outside Boundary Condition Object
  NoSun,                                  !- Sun Exposure
  NoWind,                                 !- Wind Exposure
  ,                                       !- View Factor to Ground
  ,                                       !- Number of Vertices
  33, 5, 0,                               !- X,Y,Z Vertex 1 {m}
  21, 5, 0,                               !- X,Y,Z Vertex 2 {m}
  18, 5, 0,                               !- X,Y,Z Vertex 3 {m}
  18, 11, 0,                              !- X,Y,Z Vertex 4 {m}
  16, 11, 0,                              !- X,Y,Z Vertex 5 {m}
  3, 11, 0,                               !- X,Y,Z Vertex 6 {m}
  -5, 11, 0,                              !- X,Y,Z Vertex 7 {m}
  -7, 11, 0,                              !- X,Y,Z Vertex 8 {m}
  -10, 11, 0,                             !- X,Y,Z Vertex 9 {m}
  -12, 11, 0,                             !- X,Y,Z Vertex 10 {m}
  -16, 11, 0,                             !- X,Y,Z Vertex 11 {m}
  -19, 11, 0,                             !- X,Y,Z Vertex 12 {m}
  -19, 6, 0,                              !- X,Y,Z Vertex 13 {m}
  -22, 6, 0,                              !- X,Y,Z Vertex 14 {m}
  -22, 9, 0,                              !- X,Y,Z Vertex 15 {m}
  -22, 11, 0,                             !- X,Y,Z Vertex 16 {m}
  -22, 14, 0,                             !- X,Y,Z Vertex 17 {m}
  -22, 20, 0,                             !- X,Y,Z Vertex 18 {m}
  -22, 23, 0,                             !- X,Y,Z Vertex 19 {m}
  -22, 29, 0,                             !- X,Y,Z Vertex 20 {m}
  -22, 33, 0,                             !- X,Y,Z Vertex 21 {m}
  -20, 33, 0,                             !- X,Y,Z Vertex 22 {m}
  -20, 29, 0,                             !- X,Y,Z Vertex 23 {m}
  -20, 14, 0,                             !- X,Y,Z Vertex 24 {m}
  -19, 14, 0,                             !- X,Y,Z Vertex 25 {m}
  -10, 14, 0,                             !- X,Y,Z Vertex 26 {m}
  -4, 14, 0,                              !- X,Y,Z Vertex 27 {m}
  2, 14, 0,                               !- X,Y,Z Vertex 28 {m}
  3, 14, 0,                               !- X,Y,Z Vertex 29 {m}
  9, 14, 0,                               !- X,Y,Z Vertex 30 {m}
  12, 14, 0,                              !- X,Y,Z Vertex 31 {m}
  19, 14, 0,                              !- X,Y,Z Vertex 32 {m}
  19, 19, 0,                              !- X,Y,Z Vertex 33 {m}
  19, 24, 0,                              !- X,Y,Z Vertex 34 {m}
  19, 29, 0,                              !- X,Y,Z Vertex 35 {m}
  19, 33, 0,                              !- X,Y,Z Vertex 36 {m}
  21, 33, 0,                              !- X,Y,Z Vertex 37 {m}
  21, 21, 0,                              !- X,Y,Z Vertex 38 {m}
  21, 17, 0,                              !- X,Y,Z Vertex 39 {m}
  21, 14, 0,                              !- X,Y,Z Vertex 40 {m}
  21, 11, 0,                              !- X,Y,Z Vertex 41 {m}
  21, 7, 0,                               !- X,Y,Z Vertex 42 {m}
  30, 7, 0,                               !- X,Y,Z Vertex 43 {m}
  33, 7, 0,                               !- X,Y,Z Vertex 44 {m}
  35, 7, 0,                               !- X,Y,Z Vertex 45 {m}
  35, 5, 0;                               !- X,Y,Z Vertex 46 {m}

OS:Surface,
  {6d8ca920-24de-4576-8c88-d561cbeea157}, !- Handle
  Face 663,                               !- Name
  RoofCeiling,                            !- Surface Type
  ,                                       !- Construction Name
  {cf05fd41-1fba-4824-99aa-93387e229b57}, !- Space Name
  Outdoors,                               !- Outside Boundary Condition
  ,                                       !- Outside Boundary Condition Object
  SunExposed,                             !- Sun Exposure
  WindExposed,                            !- Wind Exposure
  ,                                       !- View Factor to Ground
  ,                                       !- Number of Vertices
  35, 5, 2.4384,                          !- X,Y,Z Vertex 1 {m}
  35, 7, 2.4384,                          !- X,Y,Z Vertex 2 {m}
  33, 7, 2.4384,                          !- X,Y,Z Vertex 3 {m}
  30, 7, 2.4384,                          !- X,Y,Z Vertex 4 {m}
  21, 7, 2.4384,                          !- X,Y,Z Vertex 5 {m}
  21, 11, 2.4384,                         !- X,Y,Z Vertex 6 {m}
  21, 14, 2.4384,                         !- X,Y,Z Vertex 7 {m}
  21, 17, 2.4384,                         !- X,Y,Z Vertex 8 {m}
  21, 21, 2.4384,                         !- X,Y,Z Vertex 9 {m}
  21, 33, 2.4384,                         !- X,Y,Z Vertex 10 {m}
  19, 33, 2.4384,                         !- X,Y,Z Vertex 11 {m}
  19, 29, 2.4384,                         !- X,Y,Z Vertex 12 {m}
  19, 24, 2.4384,                         !- X,Y,Z Vertex 13 {m}
  19, 19, 2.4384,                         !- X,Y,Z Vertex 14 {m}
  19, 14, 2.4384,                         !- X,Y,Z Vertex 15 {m}
  12, 14, 2.4384,                         !- X,Y,Z Vertex 16 {m}
  9, 14, 2.4384,                          !- X,Y,Z Vertex 17 {m}
  3, 14, 2.4384,                          !- X,Y,Z Vertex 18 {m}
  2, 14, 2.4384,                          !- X,Y,Z Vertex 19 {m}
  -4, 14, 2.4384,                         !- X,Y,Z Vertex 20 {m}
  -10, 14, 2.4384,                        !- X,Y,Z Vertex 21 {m}
  -19, 14, 2.4384,                        !- X,Y,Z Vertex 22 {m}
  -20, 14, 2.4384,                        !- X,Y,Z Vertex 23 {m}
  -20, 29, 2.4384,                        !- X,Y,Z Vertex 24 {m}
  -20, 33, 2.4384,                        !- X,Y,Z Vertex 25 {m}
  -22, 33, 2.4384,                        !- X,Y,Z Vertex 26 {m}
  -22, 29, 2.4384,                        !- X,Y,Z Vertex 27 {m}
  -22, 23, 2.4384,                        !- X,Y,Z Vertex 28 {m}
  -22, 20, 2.4384,                        !- X,Y,Z Vertex 29 {m}
  -22, 14, 2.4384,                        !- X,Y,Z Vertex 30 {m}
  -22, 11, 2.4384,                        !- X,Y,Z Vertex 31 {m}
  -22, 9, 2.4384,                         !- X,Y,Z Vertex 32 {m}
  -22, 6, 2.4384,                         !- X,Y,Z Vertex 33 {m}
  -19, 6, 2.4384,                         !- X,Y,Z Vertex 34 {m}
  -19, 11, 2.4384,                        !- X,Y,Z Vertex 35 {m}
  -16, 11, 2.4384,                        !- X,Y,Z Vertex 36 {m}
  -12, 11, 2.4384,                        !- X,Y,Z Vertex 37 {m}
  -10, 11, 2.4384,                        !- X,Y,Z Vertex 38 {m}
  -7, 11, 2.4384,                         !- X,Y,Z Vertex 39 {m}
  -5, 11, 2.4384,                         !- X,Y,Z Vertex 40 {m}
  3, 11, 2.4384,                          !- X,Y,Z Vertex 41 {m}
  16, 11, 2.4384,                         !- X,Y,Z Vertex 42 {m}
  18, 11, 2.4384,                         !- X,Y,Z Vertex 43 {m}
  18, 5, 2.4384,                          !- X,Y,Z Vertex 44 {m}
  21, 5, 2.4384,                          !- X,Y,Z Vertex 45 {m}
  33, 5, 2.4384;                          !- X,Y,Z Vertex 46 {m}

OS:Surface,
  {cb9580d6-0780-431a-b1ae-c83e56bff8c3}, !- Handle
  Face 667,                               !- Name
  Wall,                                   !- Surface Type
  ,                                       !- Construction Name
  {cf05fd41-1fba-4824-99aa-93387e229b57}, !- Space Name
  Surface,                                !- Outside Boundary Condition
  {d5402b4a-7586-45ae-84e6-87cda809c713}, !- Outside Boundary Condition Object
  NoSun,                                  !- Sun Exposure
  NoWind,                                 !- Wind Exposure
  ,                                       !- View Factor to Ground
  ,                                       !- Number of Vertices
  18, 5, 2.4384,                          !- X,Y,Z Vertex 1 {m}
  18, 11, 2.4384,                         !- X,Y,Z Vertex 2 {m}
  18, 11, 0,                              !- X,Y,Z Vertex 3 {m}
  18, 5, 0;                               !- X,Y,Z Vertex 4 {m}

OS:SubSurface,
  {a9fdd046-580b-4b7d-9bbb-eeca8b2fc51b}, !- Handle
  Face 669,                               !- Name
  Door,                                   !- Sub Surface Type
  ,                                       !- Construction Name
  {cb9580d6-0780-431a-b1ae-c83e56bff8c3}, !- Surface Name
  {8c468cfd-bbf3-49d3-8d2c-2e3c2ff68b85}, !- Outside Boundary Condition Object
  ,                                       !- View Factor to Ground
  ,                                       !- Frame and Divider Name
  ,                                       !- Multiplier
  ,                                       !- Number of Vertices
  18, 8.5, 2.033016,                      !- X,Y,Z Vertex 1 {m}
  18, 8.5, 0,                             !- X,Y,Z Vertex 2 {m}
  18, 7.5, 0,                             !- X,Y,Z Vertex 3 {m}
  18, 7.5, 2.033016;                      !- X,Y,Z Vertex 4 {m}

OS:SubSurface,
  {46eadcb3-4e65-4828-b808-8594c6c3ae94}, !- Handle
  Face 668,                               !- Name
  Door,                                   !- Sub Surface Type
  ,                                       !- Construction Name
  {cb9580d6-0780-431a-b1ae-c83e56bff8c3}, !- Surface Name
  {280d6f60-3137-4add-8f0c-ec8437e2b2d9}, !- Outside Boundary Condition Object
  ,                                       !- View Factor to Ground
  ,                                       !- Frame and Divider Name
  ,                                       !- Multiplier
  ,                                       !- Number of Vertices
  18, 10.5, 2.033016,                     !- X,Y,Z Vertex 1 {m}
  18, 10.5, 0,                            !- X,Y,Z Vertex 2 {m}
  18, 9.5, 0,                             !- X,Y,Z Vertex 3 {m}
  18, 9.5, 2.033016;                      !- X,Y,Z Vertex 4 {m}

OS:SubSurface,
  {44165627-b4c5-4f72-be75-57589efb3ca4}, !- Handle
  Face 670,                               !- Name
  Door,                                   !- Sub Surface Type
  ,                                       !- Construction Name
  {cb9580d6-0780-431a-b1ae-c83e56bff8c3}, !- Surface Name
  {6ee1b26e-cc3a-486f-a08f-7c2236c7102e}, !- Outside Boundary Condition Object
  ,                                       !- View Factor to Ground
  ,                                       !- Frame and Divider Name
  ,                                       !- Multiplier
  ,                                       !- Number of Vertices
  18, 6.5, 2.033016,                      !- X,Y,Z Vertex 1 {m}
  18, 6.5, 0,                             !- X,Y,Z Vertex 2 {m}
  18, 5.5, 0,                             !- X,Y,Z Vertex 3 {m}
  18, 5.5, 2.033016;                      !- X,Y,Z Vertex 4 {m}

OS:Surface,
  {2d446605-f3e4-4dd7-96b3-6af692c4dd12}, !- Handle
  Face 664,                               !- Name
  Wall,                                   !- Surface Type
  ,                                       !- Construction Name
  {cf05fd41-1fba-4824-99aa-93387e229b57}, !- Space Name
  Surface,                                !- Outside Boundary Condition
  {f7a41681-5c81-492d-8da1-7e53f88a999f}, !- Outside Boundary Condition Object
  NoSun,                                  !- Sun Exposure
  NoWind,                                 !- Wind Exposure
  ,                                       !- View Factor to Ground
  ,                                       !- Number of Vertices
  33, 5, 2.4384,                          !- X,Y,Z Vertex 1 {m}
  21, 5, 2.4384,                          !- X,Y,Z Vertex 2 {m}
  21, 5, 0,                               !- X,Y,Z Vertex 3 {m}
  33, 5, 0;                               !- X,Y,Z Vertex 4 {m}

OS:SubSurface,
  {e6a0755d-0650-495e-9444-b98b6b1d80d3}, !- Handle
  Face 665,                               !- Name
  Door,                                   !- Sub Surface Type
  ,                                       !- Construction Name
  {2d446605-f3e4-4dd7-96b3-6af692c4dd12}, !- Surface Name
  {f6aefb82-6bf8-438d-af16-4ebbae5dcaa3}, !- Outside Boundary Condition Object
  ,                                       !- View Factor to Ground
  ,                                       !- Frame and Divider Name
  ,                                       !- Multiplier
  ,                                       !- Number of Vertices
  25.5, 5, 2.033016,                      !- X,Y,Z Vertex 1 {m}
  25.5, 5, 0,                             !- X,Y,Z Vertex 2 {m}
  26.5, 5, 0,                             !- X,Y,Z Vertex 3 {m}
  26.5, 5, 2.033016;                      !- X,Y,Z Vertex 4 {m}

OS:Surface,
  {17d5493b-313f-4116-a536-4e7c55c8e245}, !- Handle
  Face 672,                               !- Name
  Wall,                                   !- Surface Type
  ,                                       !- Construction Name
  {cf05fd41-1fba-4824-99aa-93387e229b57}, !- Space Name
  Surface,                                !- Outside Boundary Condition
  {5712c8b5-4bcc-404c-ba12-880a34ec6556}, !- Outside Boundary Condition Object
  NoSun,                                  !- Sun Exposure
  NoWind,                                 !- Wind Exposure
  ,                                       !- View Factor to Ground
  ,                                       !- Number of Vertices
  16, 11, 2.4384,                         !- X,Y,Z Vertex 1 {m}
  3, 11, 2.4384,                          !- X,Y,Z Vertex 2 {m}
  3, 11, 0,                               !- X,Y,Z Vertex 3 {m}
  16, 11, 0;                              !- X,Y,Z Vertex 4 {m}

OS:SubSurface,
  {43c7d7f7-559f-4b84-80fa-f020e65a0862}, !- Handle
  Face 675,                               !- Name
  Door,                                   !- Sub Surface Type
  ,                                       !- Construction Name
  {17d5493b-313f-4116-a536-4e7c55c8e245}, !- Surface Name
  {4ea6ae10-f095-4339-a74b-b49bc15a5f09}, !- Outside Boundary Condition Object
  ,                                       !- View Factor to Ground
  ,                                       !- Frame and Divider Name
  ,                                       !- Multiplier
  ,                                       !- Number of Vertices
  12.5, 11, 2.033016,                     !- X,Y,Z Vertex 1 {m}
  12.5, 11, 0,                            !- X,Y,Z Vertex 2 {m}
  13.5, 11, 0,                            !- X,Y,Z Vertex 3 {m}
  13.5, 11, 2.033016;                     !- X,Y,Z Vertex 4 {m}

OS:SubSurface,
  {2984fca7-e4fb-4bf5-a0f5-82e8fbe63562}, !- Handle
  Face 673,                               !- Name
  Door,                                   !- Sub Surface Type
  ,                                       !- Construction Name
  {17d5493b-313f-4116-a536-4e7c55c8e245}, !- Surface Name
  {976c9370-9bde-4eea-95ef-8e6422df9e69}, !- Outside Boundary Condition Object
  ,                                       !- View Factor to Ground
  ,                                       !- Frame and Divider Name
  ,                                       !- Multiplier
  ,                                       !- Number of Vertices
  3.5, 11, 2.033016,                      !- X,Y,Z Vertex 1 {m}
  3.5, 11, 0,                             !- X,Y,Z Vertex 2 {m}
  4.5, 11, 0,                             !- X,Y,Z Vertex 3 {m}
  4.5, 11, 2.033016;                      !- X,Y,Z Vertex 4 {m}

OS:SubSurface,
  {150dcb6b-2711-4c36-afdd-9855e09d462f}, !- Handle
  Face 674,                               !- Name
  Door,                                   !- Sub Surface Type
  ,                                       !- Construction Name
  {17d5493b-313f-4116-a536-4e7c55c8e245}, !- Surface Name
  {b970980a-f5df-4ae4-8990-bbfd4bb9e98e}, !- Outside Boundary Condition Object
  ,                                       !- View Factor to Ground
  ,                                       !- Frame and Divider Name
  ,                                       !- Multiplier
  ,                                       !- Number of Vertices
  8.5, 11, 2.033016,                      !- X,Y,Z Vertex 1 {m}
  8.5, 11, 0,                             !- X,Y,Z Vertex 2 {m}
  9.5, 11, 0,                             !- X,Y,Z Vertex 3 {m}
  9.5, 11, 2.033016;                      !- X,Y,Z Vertex 4 {m}

OS:Surface,
  {87d8d794-6c63-4137-8f7f-e205bcfbadd4}, !- Handle
  Face 676,                               !- Name
  Wall,                                   !- Surface Type
  ,                                       !- Construction Name
  {cf05fd41-1fba-4824-99aa-93387e229b57}, !- Space Name
  Surface,                                !- Outside Boundary Condition
  {202f233d-1b87-4be8-a46b-b372fd7e54c8}, !- Outside Boundary Condition Object
  NoSun,                                  !- Sun Exposure
  NoWind,                                 !- Wind Exposure
  ,                                       !- View Factor to Ground
  ,                                       !- Number of Vertices
  -5, 11, 2.4384,                         !- X,Y,Z Vertex 1 {m}
  -5, 11, 0,                              !- X,Y,Z Vertex 2 {m}
  3, 11, 0,                               !- X,Y,Z Vertex 3 {m}
  3, 11, 2.4384;                          !- X,Y,Z Vertex 4 {m}

OS:Surface,
  {94e19caf-c255-4d8c-a92b-6a2994be5e39}, !- Handle
  Face 671,                               !- Name
  Wall,                                   !- Surface Type
  ,                                       !- Construction Name
  {cf05fd41-1fba-4824-99aa-93387e229b57}, !- Space Name
  Surface,                                !- Outside Boundary Condition
  {9da42fef-cb22-4bfd-b475-0bc2a1db8dbe}, !- Outside Boundary Condition Object
  NoSun,                                  !- Sun Exposure
  NoWind,                                 !- Wind Exposure
  ,                                       !- View Factor to Ground
  ,                                       !- Number of Vertices
  16, 11, 2.4384,                         !- X,Y,Z Vertex 1 {m}
  16, 11, 0,                              !- X,Y,Z Vertex 2 {m}
  18, 11, 0,                              !- X,Y,Z Vertex 3 {m}
  18, 11, 2.4384;                         !- X,Y,Z Vertex 4 {m}

OS:Surface,
  {2fda64fa-092e-451e-a149-bbb3c4bbb6d9}, !- Handle
  Face 666,                               !- Name
  Wall,                                   !- Surface Type
  ,                                       !- Construction Name
  {cf05fd41-1fba-4824-99aa-93387e229b57}, !- Space Name
  Surface,                                !- Outside Boundary Condition
  {2164717f-1573-40ca-a28b-991a2a7d9f6e}, !- Outside Boundary Condition Object
  NoSun,                                  !- Sun Exposure
  NoWind,                                 !- Wind Exposure
  ,                                       !- View Factor to Ground
  ,                                       !- Number of Vertices
  18, 5, 2.4384,                          !- X,Y,Z Vertex 1 {m}
  18, 5, 0,                               !- X,Y,Z Vertex 2 {m}
  21, 5, 0,                               !- X,Y,Z Vertex 3 {m}
  21, 5, 2.4384;                          !- X,Y,Z Vertex 4 {m}

OS:Surface,
  {8b0e0012-83f0-4ea8-9225-9593e662cd18}, !- Handle
  Face 702,                               !- Name
  Wall,                                   !- Surface Type
  ,                                       !- Construction Name
  {cf05fd41-1fba-4824-99aa-93387e229b57}, !- Space Name
  Surface,                                !- Outside Boundary Condition
  {85437499-2863-4427-a664-ded7d7ccd4b0}, !- Outside Boundary Condition Object
  NoSun,                                  !- Sun Exposure
  NoWind,                                 !- Wind Exposure
  ,                                       !- View Factor to Ground
  ,                                       !- Number of Vertices
  -20, 14, 2.4384,                        !- X,Y,Z Vertex 1 {m}
  -20, 14, 0,                             !- X,Y,Z Vertex 2 {m}
  -20, 29, 0,                             !- X,Y,Z Vertex 3 {m}
  -20, 29, 2.4384;                        !- X,Y,Z Vertex 4 {m}

OS:Surface,
  {fe133501-3e61-4d77-a85c-0a2aae2e7e4f}, !- Handle
  Face 693,                               !- Name
  Wall,                                   !- Surface Type
  ,                                       !- Construction Name
  {cf05fd41-1fba-4824-99aa-93387e229b57}, !- Space Name
  Surface,                                !- Outside Boundary Condition
  {557b9032-c2b4-4231-935f-0bfa782822d6}, !- Outside Boundary Condition Object
  NoSun,                                  !- Sun Exposure
  NoWind,                                 !- Wind Exposure
  ,                                       !- View Factor to Ground
  ,                                       !- Number of Vertices
  -22, 14, 2.4384,                        !- X,Y,Z Vertex 1 {m}
  -22, 20, 2.4384,                        !- X,Y,Z Vertex 2 {m}
  -22, 20, 0,                             !- X,Y,Z Vertex 3 {m}
  -22, 14, 0;                             !- X,Y,Z Vertex 4 {m}

OS:SubSurface,
  {c89d2b55-6173-48a1-a384-aba7e96a915a}, !- Handle
  Face 694,                               !- Name
  Door,                                   !- Sub Surface Type
  ,                                       !- Construction Name
  {fe133501-3e61-4d77-a85c-0a2aae2e7e4f}, !- Surface Name
  {d8fb3ec6-81dc-4a78-a3e9-3a1ce228e987}, !- Outside Boundary Condition Object
  ,                                       !- View Factor to Ground
  ,                                       !- Frame and Divider Name
  ,                                       !- Multiplier
  ,                                       !- Number of Vertices
  -22, 15.5, 2.033016,                    !- X,Y,Z Vertex 1 {m}
  -22, 15.5, 0,                           !- X,Y,Z Vertex 2 {m}
  -22, 14.5, 0,                           !- X,Y,Z Vertex 3 {m}
  -22, 14.5, 2.033016;                    !- X,Y,Z Vertex 4 {m}

OS:Surface,
  {3b632df6-5602-4bd5-ae9d-e1ef9349b187}, !- Handle
  Face 695,                               !- Name
  Wall,                                   !- Surface Type
  ,                                       !- Construction Name
  {cf05fd41-1fba-4824-99aa-93387e229b57}, !- Space Name
  Surface,                                !- Outside Boundary Condition
  {33d4a040-aecf-4700-a29f-75b17c4a4575}, !- Outside Boundary Condition Object
  NoSun,                                  !- Sun Exposure
  NoWind,                                 !- Wind Exposure
  ,                                       !- View Factor to Ground
  ,                                       !- Number of Vertices
  -22, 23, 2.4384,                        !- X,Y,Z Vertex 1 {m}
  -22, 23, 0,                             !- X,Y,Z Vertex 2 {m}
  -22, 20, 0,                             !- X,Y,Z Vertex 3 {m}
  -22, 20, 2.4384;                        !- X,Y,Z Vertex 4 {m}

OS:Surface,
  {48c72c09-bb3e-4c91-bb9f-cd11c1b98728}, !- Handle
  Face 696,                               !- Name
  Wall,                                   !- Surface Type
  ,                                       !- Construction Name
  {cf05fd41-1fba-4824-99aa-93387e229b57}, !- Space Name
  Surface,                                !- Outside Boundary Condition
  {9c2c6aed-e0fb-423e-ad93-bd06b5d29cab}, !- Outside Boundary Condition Object
  NoSun,                                  !- Sun Exposure
  NoWind,                                 !- Wind Exposure
  ,                                       !- View Factor to Ground
  ,                                       !- Number of Vertices
  -22, 23, 2.4384,                        !- X,Y,Z Vertex 1 {m}
  -22, 29, 2.4384,                        !- X,Y,Z Vertex 2 {m}
  -22, 29, 0,                             !- X,Y,Z Vertex 3 {m}
  -22, 23, 0;                             !- X,Y,Z Vertex 4 {m}

OS:SubSurface,
  {0efbd33a-3e3c-4061-b4e0-6788a5fc9906}, !- Handle
  Face 697,                               !- Name
  Door,                                   !- Sub Surface Type
  ,                                       !- Construction Name
  {48c72c09-bb3e-4c91-bb9f-cd11c1b98728}, !- Surface Name
  {7f1da98d-e857-4eab-8da6-bd7e8d0753f0}, !- Outside Boundary Condition Object
  ,                                       !- View Factor to Ground
  ,                                       !- Frame and Divider Name
  ,                                       !- Multiplier
  ,                                       !- Number of Vertices
  -22, 28.5, 2.033016,                    !- X,Y,Z Vertex 1 {m}
  -22, 28.5, 0,                           !- X,Y,Z Vertex 2 {m}
  -22, 27.5, 0,                           !- X,Y,Z Vertex 3 {m}
  -22, 27.5, 2.033016;                    !- X,Y,Z Vertex 4 {m}

OS:Surface,
  {3607d7f7-e154-45b4-b66e-e14e258cb6c5}, !- Handle
  Face 698,                               !- Name
  Wall,                                   !- Surface Type
  ,                                       !- Construction Name
  {cf05fd41-1fba-4824-99aa-93387e229b57}, !- Space Name
  Surface,                                !- Outside Boundary Condition
  {854fe928-8fa9-4e5b-9895-d777db8ac092}, !- Outside Boundary Condition Object
  NoSun,                                  !- Sun Exposure
  NoWind,                                 !- Wind Exposure
  ,                                       !- View Factor to Ground
  ,                                       !- Number of Vertices
  -22, 29, 2.4384,                        !- X,Y,Z Vertex 1 {m}
  -22, 33, 2.4384,                        !- X,Y,Z Vertex 2 {m}
  -22, 33, 0,                             !- X,Y,Z Vertex 3 {m}
  -22, 29, 0;                             !- X,Y,Z Vertex 4 {m}

OS:SubSurface,
  {b4aa29ec-0a32-4ff7-8e27-8b6e8fa2f6ca}, !- Handle
  Face 699,                               !- Name
  Door,                                   !- Sub Surface Type
  ,                                       !- Construction Name
  {3607d7f7-e154-45b4-b66e-e14e258cb6c5}, !- Surface Name
  {cc197dc7-291b-4b01-b69d-2417b37bc07a}, !- Outside Boundary Condition Object
  ,                                       !- View Factor to Ground
  ,                                       !- Frame and Divider Name
  ,                                       !- Multiplier
  ,                                       !- Number of Vertices
  -22, 30.5, 2.033016,                    !- X,Y,Z Vertex 1 {m}
  -22, 30.5, 0,                           !- X,Y,Z Vertex 2 {m}
  -22, 29.5, 0,                           !- X,Y,Z Vertex 3 {m}
  -22, 29.5, 2.033016;                    !- X,Y,Z Vertex 4 {m}

OS:Surface,
  {0b757433-242e-4ae6-b0c9-c3ffc5ea2585}, !- Handle
  Face 700,                               !- Name
  Wall,                                   !- Surface Type
  ,                                       !- Construction Name
  {cf05fd41-1fba-4824-99aa-93387e229b57}, !- Space Name
  Surface,                                !- Outside Boundary Condition
  {96ed72f1-e19c-4c65-a0ea-f013bad2ee87}, !- Outside Boundary Condition Object
  NoSun,                                  !- Sun Exposure
  NoWind,                                 !- Wind Exposure
  ,                                       !- View Factor to Ground
  ,                                       !- Number of Vertices
  -20, 33, 2.4384,                        !- X,Y,Z Vertex 1 {m}
  -20, 33, 0,                             !- X,Y,Z Vertex 2 {m}
  -22, 33, 0,                             !- X,Y,Z Vertex 3 {m}
  -22, 33, 2.4384;                        !- X,Y,Z Vertex 4 {m}

OS:Surface,
  {c5145cc5-5339-4257-8e2b-428582f7232a}, !- Handle
  Face 701,                               !- Name
  Wall,                                   !- Surface Type
  ,                                       !- Construction Name
  {cf05fd41-1fba-4824-99aa-93387e229b57}, !- Space Name
  Surface,                                !- Outside Boundary Condition
  {05aa7ccd-0dbf-4a5d-8ccd-c4a604630a45}, !- Outside Boundary Condition Object
  NoSun,                                  !- Sun Exposure
  NoWind,                                 !- Wind Exposure
  ,                                       !- View Factor to Ground
  ,                                       !- Number of Vertices
  -20, 29, 2.4384,                        !- X,Y,Z Vertex 1 {m}
  -20, 29, 0,                             !- X,Y,Z Vertex 2 {m}
  -20, 33, 0,                             !- X,Y,Z Vertex 3 {m}
  -20, 33, 2.4384;                        !- X,Y,Z Vertex 4 {m}

OS:Surface,
  {78d3a726-5d55-47f5-b72e-fcc3a332802f}, !- Handle
  Face 680,                               !- Name
  Wall,                                   !- Surface Type
  ,                                       !- Construction Name
  {cf05fd41-1fba-4824-99aa-93387e229b57}, !- Space Name
  Surface,                                !- Outside Boundary Condition
  {b655e8d4-129f-4842-a9b0-0d9e03189bf2}, !- Outside Boundary Condition Object
  NoSun,                                  !- Sun Exposure
  NoWind,                                 !- Wind Exposure
  ,                                       !- View Factor to Ground
  ,                                       !- Number of Vertices
  -10, 11, 2.4384,                        !- X,Y,Z Vertex 1 {m}
  -12, 11, 2.4384,                        !- X,Y,Z Vertex 2 {m}
  -12, 11, 0,                             !- X,Y,Z Vertex 3 {m}
  -10, 11, 0;                             !- X,Y,Z Vertex 4 {m}

OS:SubSurface,
  {b20bb862-09e3-4d9f-b78e-76766259a62f}, !- Handle
  Face 681,                               !- Name
  Door,                                   !- Sub Surface Type
  ,                                       !- Construction Name
  {78d3a726-5d55-47f5-b72e-fcc3a332802f}, !- Surface Name
  {87be9dfe-2258-4b6a-b1f1-e34ea0acd0b8}, !- Outside Boundary Condition Object
  ,                                       !- View Factor to Ground
  ,                                       !- Frame and Divider Name
  ,                                       !- Multiplier
  ,                                       !- Number of Vertices
  -11.5, 11, 2.033016,                    !- X,Y,Z Vertex 1 {m}
  -11.5, 11, 0,                           !- X,Y,Z Vertex 2 {m}
  -10.5, 11, 0,                           !- X,Y,Z Vertex 3 {m}
  -10.5, 11, 2.033016;                    !- X,Y,Z Vertex 4 {m}

OS:Surface,
  {cfbb0779-6bdf-4aa4-8688-8c1105f504c5}, !- Handle
  Face 678,                               !- Name
  Wall,                                   !- Surface Type
  ,                                       !- Construction Name
  {cf05fd41-1fba-4824-99aa-93387e229b57}, !- Space Name
  Surface,                                !- Outside Boundary Condition
  {1982ca05-2633-4dd1-8d7f-44d661fb7ad6}, !- Outside Boundary Condition Object
  NoSun,                                  !- Sun Exposure
  NoWind,                                 !- Wind Exposure
  ,                                       !- View Factor to Ground
  ,                                       !- Number of Vertices
  -7, 11, 2.4384,                         !- X,Y,Z Vertex 1 {m}
  -10, 11, 2.4384,                        !- X,Y,Z Vertex 2 {m}
  -10, 11, 0,                             !- X,Y,Z Vertex 3 {m}
  -7, 11, 0;                              !- X,Y,Z Vertex 4 {m}

OS:SubSurface,
  {53144fa7-412f-4d1d-9ed2-89ca57a04660}, !- Handle
  Face 679,                               !- Name
  Door,                                   !- Sub Surface Type
  ,                                       !- Construction Name
  {cfbb0779-6bdf-4aa4-8688-8c1105f504c5}, !- Surface Name
  {cefb9c3b-ead8-4870-a5d9-d0190ac15329}, !- Outside Boundary Condition Object
  ,                                       !- View Factor to Ground
  ,                                       !- Frame and Divider Name
  ,                                       !- Multiplier
  ,                                       !- Number of Vertices
  -8.5, 11, 2.033016,                     !- X,Y,Z Vertex 1 {m}
  -8.5, 11, 0,                            !- X,Y,Z Vertex 2 {m}
  -7.5, 11, 0,                            !- X,Y,Z Vertex 3 {m}
  -7.5, 11, 2.033016;                     !- X,Y,Z Vertex 4 {m}

OS:Surface,
  {c377434d-9f8f-488d-88e0-6a58a6239be2}, !- Handle
  Face 677,                               !- Name
  Wall,                                   !- Surface Type
  ,                                       !- Construction Name
  {cf05fd41-1fba-4824-99aa-93387e229b57}, !- Space Name
  Surface,                                !- Outside Boundary Condition
  {36741c0f-2534-430c-8ec7-677ca24184e1}, !- Outside Boundary Condition Object
  NoSun,                                  !- Sun Exposure
  NoWind,                                 !- Wind Exposure
  ,                                       !- View Factor to Ground
  ,                                       !- Number of Vertices
  -7, 11, 2.4384,                         !- X,Y,Z Vertex 1 {m}
  -7, 11, 0,                              !- X,Y,Z Vertex 2 {m}
  -5, 11, 0,                              !- X,Y,Z Vertex 3 {m}
  -5, 11, 2.4384;                         !- X,Y,Z Vertex 4 {m}

OS:Surface,
  {911cf364-b1a4-4e63-a41d-280e235bfc81}, !- Handle
  Face 709,                               !- Name
  Wall,                                   !- Surface Type
  ,                                       !- Construction Name
  {cf05fd41-1fba-4824-99aa-93387e229b57}, !- Space Name
  Surface,                                !- Outside Boundary Condition
  {24a84d76-8278-4c9c-97c8-3542ec3ed31a}, !- Outside Boundary Condition Object
  NoSun,                                  !- Sun Exposure
  NoWind,                                 !- Wind Exposure
  ,                                       !- View Factor to Ground
  ,                                       !- Number of Vertices
  3, 14, 2.4384,                          !- X,Y,Z Vertex 1 {m}
  3, 14, 0,                               !- X,Y,Z Vertex 2 {m}
  2, 14, 0,                               !- X,Y,Z Vertex 3 {m}
  2, 14, 2.4384;                          !- X,Y,Z Vertex 4 {m}

OS:Surface,
  {ee71caed-fb02-497a-bd16-f9aab904e26e}, !- Handle
  Face 706,                               !- Name
  Wall,                                   !- Surface Type
  ,                                       !- Construction Name
  {cf05fd41-1fba-4824-99aa-93387e229b57}, !- Space Name
  Surface,                                !- Outside Boundary Condition
  {1ad0f1d6-df0c-4141-aacb-6d99776e8969}, !- Outside Boundary Condition Object
  NoSun,                                  !- Sun Exposure
  NoWind,                                 !- Wind Exposure
  ,                                       !- View Factor to Ground
  ,                                       !- Number of Vertices
  -4, 14, 2.4384,                         !- X,Y,Z Vertex 1 {m}
  -4, 14, 0,                              !- X,Y,Z Vertex 2 {m}
  -10, 14, 0,                             !- X,Y,Z Vertex 3 {m}
  -10, 14, 2.4384;                        !- X,Y,Z Vertex 4 {m}

OS:Surface,
  {36ff7e40-85f8-47e6-b526-fb7e0fd8484f}, !- Handle
  Face 714,                               !- Name
  Wall,                                   !- Surface Type
  ,                                       !- Construction Name
  {cf05fd41-1fba-4824-99aa-93387e229b57}, !- Space Name
  Surface,                                !- Outside Boundary Condition
  {0cf82be5-861c-4636-90af-95acaa93584d}, !- Outside Boundary Condition Object
  NoSun,                                  !- Sun Exposure
  NoWind,                                 !- Wind Exposure
  ,                                       !- View Factor to Ground
  ,                                       !- Number of Vertices
  19, 14, 2.4384,                         !- X,Y,Z Vertex 1 {m}
  19, 19, 2.4384,                         !- X,Y,Z Vertex 2 {m}
  19, 19, 0,                              !- X,Y,Z Vertex 3 {m}
  19, 14, 0;                              !- X,Y,Z Vertex 4 {m}

OS:SubSurface,
  {f0393489-d77c-49c8-b000-28458a335dc5}, !- Handle
  Face 715,                               !- Name
  Door,                                   !- Sub Surface Type
  ,                                       !- Construction Name
  {36ff7e40-85f8-47e6-b526-fb7e0fd8484f}, !- Surface Name
  {43b9b7ef-fb8b-4f6d-86fe-1325b4db0d96}, !- Outside Boundary Condition Object
  ,                                       !- View Factor to Ground
  ,                                       !- Frame and Divider Name
  ,                                       !- Multiplier
  ,                                       !- Number of Vertices
  19, 15.5, 2.033016,                     !- X,Y,Z Vertex 1 {m}
  19, 15.5, 0,                            !- X,Y,Z Vertex 2 {m}
  19, 14.5, 0,                            !- X,Y,Z Vertex 3 {m}
  19, 14.5, 2.033016;                     !- X,Y,Z Vertex 4 {m}

OS:Surface,
  {f9786cbd-b60e-4d3e-8536-b3363e9191c1}, !- Handle
  Face 718,                               !- Name
  Wall,                                   !- Surface Type
  ,                                       !- Construction Name
  {cf05fd41-1fba-4824-99aa-93387e229b57}, !- Space Name
  Surface,                                !- Outside Boundary Condition
  {829ecad5-592b-4c85-8d41-627873ca6527}, !- Outside Boundary Condition Object
  NoSun,                                  !- Sun Exposure
  NoWind,                                 !- Wind Exposure
  ,                                       !- View Factor to Ground
  ,                                       !- Number of Vertices
  19, 24, 2.4384,                         !- X,Y,Z Vertex 1 {m}
  19, 29, 2.4384,                         !- X,Y,Z Vertex 2 {m}
  19, 29, 0,                              !- X,Y,Z Vertex 3 {m}
  19, 24, 0;                              !- X,Y,Z Vertex 4 {m}

OS:SubSurface,
  {1667d6a7-98c5-46d6-8256-3668d5d4b547}, !- Handle
  Face 719,                               !- Name
  Door,                                   !- Sub Surface Type
  ,                                       !- Construction Name
  {f9786cbd-b60e-4d3e-8536-b3363e9191c1}, !- Surface Name
  {926013ff-15a3-4921-b1bd-109b5b69a8dc}, !- Outside Boundary Condition Object
  ,                                       !- View Factor to Ground
  ,                                       !- Frame and Divider Name
  ,                                       !- Multiplier
  ,                                       !- Number of Vertices
  19, 25.5, 2.033016,                     !- X,Y,Z Vertex 1 {m}
  19, 25.5, 0,                            !- X,Y,Z Vertex 2 {m}
  19, 24.5, 0,                            !- X,Y,Z Vertex 3 {m}
  19, 24.5, 2.033016;                     !- X,Y,Z Vertex 4 {m}

OS:Surface,
  {d505ef6a-d31e-4412-b16c-a4e1d38ff76f}, !- Handle
  Face 722,                               !- Name
  Wall,                                   !- Surface Type
  ,                                       !- Construction Name
  {cf05fd41-1fba-4824-99aa-93387e229b57}, !- Space Name
  Surface,                                !- Outside Boundary Condition
  {7838fb38-124d-442a-8c71-8e01e393f3ca}, !- Outside Boundary Condition Object
  NoSun,                                  !- Sun Exposure
  NoWind,                                 !- Wind Exposure
  ,                                       !- View Factor to Ground
  ,                                       !- Number of Vertices
  21, 33, 2.4384,                         !- X,Y,Z Vertex 1 {m}
  21, 33, 0,                              !- X,Y,Z Vertex 2 {m}
  19, 33, 0,                              !- X,Y,Z Vertex 3 {m}
  19, 33, 2.4384;                         !- X,Y,Z Vertex 4 {m}

OS:Surface,
  {d3b0b957-a73e-4c27-aad2-3cb586c68c5e}, !- Handle
  Face 720,                               !- Name
  Wall,                                   !- Surface Type
  ,                                       !- Construction Name
  {cf05fd41-1fba-4824-99aa-93387e229b57}, !- Space Name
  Surface,                                !- Outside Boundary Condition
  {c3f9de6d-9676-497a-9f78-58d65c08c358}, !- Outside Boundary Condition Object
  NoSun,                                  !- Sun Exposure
  NoWind,                                 !- Wind Exposure
  ,                                       !- View Factor to Ground
  ,                                       !- Number of Vertices
  19, 29, 2.4384,                         !- X,Y,Z Vertex 1 {m}
  19, 33, 2.4384,                         !- X,Y,Z Vertex 2 {m}
  19, 33, 0,                              !- X,Y,Z Vertex 3 {m}
  19, 29, 0;                              !- X,Y,Z Vertex 4 {m}

OS:SubSurface,
  {31c256bb-7d03-4243-8935-07faae6d42f3}, !- Handle
  Face 721,                               !- Name
  Door,                                   !- Sub Surface Type
  ,                                       !- Construction Name
  {d3b0b957-a73e-4c27-aad2-3cb586c68c5e}, !- Surface Name
  {033faa22-27da-4d6f-8e63-d4c1e2db7757}, !- Outside Boundary Condition Object
  ,                                       !- View Factor to Ground
  ,                                       !- Frame and Divider Name
  ,                                       !- Multiplier
  ,                                       !- Number of Vertices
  19, 30.5, 2.033016,                     !- X,Y,Z Vertex 1 {m}
  19, 30.5, 0,                            !- X,Y,Z Vertex 2 {m}
  19, 29.5, 0,                            !- X,Y,Z Vertex 3 {m}
  19, 29.5, 2.033016;                     !- X,Y,Z Vertex 4 {m}

OS:Surface,
  {d9e7b5ed-8eb3-4e8d-932b-113c6dcaefb0}, !- Handle
  Face 704,                               !- Name
  Wall,                                   !- Surface Type
  ,                                       !- Construction Name
  {cf05fd41-1fba-4824-99aa-93387e229b57}, !- Space Name
  Surface,                                !- Outside Boundary Condition
  {59c7518b-e98a-429f-995f-94d801d18744}, !- Outside Boundary Condition Object
  NoSun,                                  !- Sun Exposure
  NoWind,                                 !- Wind Exposure
  ,                                       !- View Factor to Ground
  ,                                       !- Number of Vertices
  -19, 14, 2.4384,                        !- X,Y,Z Vertex 1 {m}
  -10, 14, 2.4384,                        !- X,Y,Z Vertex 2 {m}
  -10, 14, 0,                             !- X,Y,Z Vertex 3 {m}
  -19, 14, 0;                             !- X,Y,Z Vertex 4 {m}

OS:SubSurface,
  {e38ee231-04cb-4635-8def-ac97c4e332d8}, !- Handle
  Face 705,                               !- Name
  Door,                                   !- Sub Surface Type
  ,                                       !- Construction Name
  {d9e7b5ed-8eb3-4e8d-932b-113c6dcaefb0}, !- Surface Name
  {f2355476-6eac-44b0-b9d9-a2caa4cf250b}, !- Outside Boundary Condition Object
  ,                                       !- View Factor to Ground
  ,                                       !- Frame and Divider Name
  ,                                       !- Multiplier
  ,                                       !- Number of Vertices
  -14.2, 14, 2.033016,                    !- X,Y,Z Vertex 1 {m}
  -14.2, 14, 0,                           !- X,Y,Z Vertex 2 {m}
  -15.8, 14, 0,                           !- X,Y,Z Vertex 3 {m}
  -15.8, 14, 2.033016;                    !- X,Y,Z Vertex 4 {m}

OS:Surface,
  {a00f4fe6-0df7-4880-870b-f15865a9bc5e}, !- Handle
  Face 716,                               !- Name
  Wall,                                   !- Surface Type
  ,                                       !- Construction Name
  {cf05fd41-1fba-4824-99aa-93387e229b57}, !- Space Name
  Surface,                                !- Outside Boundary Condition
  {0a54a377-5272-45fd-94da-3cfc99b50087}, !- Outside Boundary Condition Object
  NoSun,                                  !- Sun Exposure
  NoWind,                                 !- Wind Exposure
  ,                                       !- View Factor to Ground
  ,                                       !- Number of Vertices
  19, 19, 2.4384,                         !- X,Y,Z Vertex 1 {m}
  19, 24, 2.4384,                         !- X,Y,Z Vertex 2 {m}
  19, 24, 0,                              !- X,Y,Z Vertex 3 {m}
  19, 19, 0;                              !- X,Y,Z Vertex 4 {m}

OS:SubSurface,
  {fcc18d0b-2480-4a98-8c26-cc3ab1f38fc9}, !- Handle
  Face 717,                               !- Name
  Door,                                   !- Sub Surface Type
  ,                                       !- Construction Name
  {a00f4fe6-0df7-4880-870b-f15865a9bc5e}, !- Surface Name
  {9198aa8d-e3bf-4f17-898b-8163b6542652}, !- Outside Boundary Condition Object
  ,                                       !- View Factor to Ground
  ,                                       !- Frame and Divider Name
  ,                                       !- Multiplier
  ,                                       !- Number of Vertices
  19, 20.5, 2.033016,                     !- X,Y,Z Vertex 1 {m}
  19, 20.5, 0,                            !- X,Y,Z Vertex 2 {m}
  19, 19.5, 0,                            !- X,Y,Z Vertex 3 {m}
  19, 19.5, 2.033016;                     !- X,Y,Z Vertex 4 {m}

OS:Surface,
  {daab3a74-27a3-47ed-835e-ae3d74715a4c}, !- Handle
  Face 710,                               !- Name
  Wall,                                   !- Surface Type
  ,                                       !- Construction Name
  {cf05fd41-1fba-4824-99aa-93387e229b57}, !- Space Name
  Surface,                                !- Outside Boundary Condition
  {d41aa298-862c-46a3-8a04-1a756781ac30}, !- Outside Boundary Condition Object
  NoSun,                                  !- Sun Exposure
  NoWind,                                 !- Wind Exposure
  ,                                       !- View Factor to Ground
  ,                                       !- Number of Vertices
  3, 14, 2.4384,                          !- X,Y,Z Vertex 1 {m}
  9, 14, 2.4384,                          !- X,Y,Z Vertex 2 {m}
  9, 14, 0,                               !- X,Y,Z Vertex 3 {m}
  3, 14, 0;                               !- X,Y,Z Vertex 4 {m}

OS:SubSurface,
  {b45ca87e-8441-4ccb-914b-89ab515f65a4}, !- Handle
  Face 711,                               !- Name
  Door,                                   !- Sub Surface Type
  ,                                       !- Construction Name
  {daab3a74-27a3-47ed-835e-ae3d74715a4c}, !- Surface Name
  {fe83b50a-c69c-4d77-9a31-441812d56ef5}, !- Outside Boundary Condition Object
  ,                                       !- View Factor to Ground
  ,                                       !- Frame and Divider Name
  ,                                       !- Multiplier
  ,                                       !- Number of Vertices
  7.8, 14, 2.033016,                      !- X,Y,Z Vertex 1 {m}
  7.8, 14, 0,                             !- X,Y,Z Vertex 2 {m}
  6.2, 14, 0,                             !- X,Y,Z Vertex 3 {m}
  6.2, 14, 2.033016;                      !- X,Y,Z Vertex 4 {m}

OS:Surface,
  {a3faf383-1a38-4bc0-a734-1cc103ae3dc1}, !- Handle
  Face 723,                               !- Name
  Wall,                                   !- Surface Type
  ,                                       !- Construction Name
  {cf05fd41-1fba-4824-99aa-93387e229b57}, !- Space Name
  Surface,                                !- Outside Boundary Condition
  {04e56572-db44-4b54-b6df-baa341d63ecf}, !- Outside Boundary Condition Object
  NoSun,                                  !- Sun Exposure
  NoWind,                                 !- Wind Exposure
  ,                                       !- View Factor to Ground
  ,                                       !- Number of Vertices
  21, 33, 2.4384,                         !- X,Y,Z Vertex 1 {m}
  21, 21, 2.4384,                         !- X,Y,Z Vertex 2 {m}
  21, 21, 0,                              !- X,Y,Z Vertex 3 {m}
  21, 33, 0;                              !- X,Y,Z Vertex 4 {m}

OS:SubSurface,
  {b0da76cf-5624-432a-94a7-dad2a93e554d}, !- Handle
  Face 724,                               !- Name
  Door,                                   !- Sub Surface Type
  ,                                       !- Construction Name
  {a3faf383-1a38-4bc0-a734-1cc103ae3dc1}, !- Surface Name
  {9ec61d9a-a960-47b0-a6b0-54d7dd569edf}, !- Outside Boundary Condition Object
  ,                                       !- View Factor to Ground
  ,                                       !- Frame and Divider Name
  ,                                       !- Multiplier
  ,                                       !- Number of Vertices
  21, 22.2, 2.033016,                     !- X,Y,Z Vertex 1 {m}
  21, 22.2, 0,                            !- X,Y,Z Vertex 2 {m}
  21, 23.8, 0,                            !- X,Y,Z Vertex 3 {m}
  21, 23.8, 2.033016;                     !- X,Y,Z Vertex 4 {m}

OS:SubSurface,
  {2fc19593-e369-40d5-8d46-ebd2c6ec0bbe}, !- Handle
  Face 725,                               !- Name
  Door,                                   !- Sub Surface Type
  ,                                       !- Construction Name
  {a3faf383-1a38-4bc0-a734-1cc103ae3dc1}, !- Surface Name
  {189763a9-e991-4c97-93ce-e08e290bc9a4}, !- Outside Boundary Condition Object
  ,                                       !- View Factor to Ground
  ,                                       !- Frame and Divider Name
  ,                                       !- Multiplier
  ,                                       !- Number of Vertices
  21, 28.2, 2.033016,                     !- X,Y,Z Vertex 1 {m}
  21, 28.2, 0,                            !- X,Y,Z Vertex 2 {m}
  21, 29.8, 0,                            !- X,Y,Z Vertex 3 {m}
  21, 29.8, 2.033016;                     !- X,Y,Z Vertex 4 {m}

OS:Surface,
  {b52fba51-7ccd-4716-9141-e36186d65827}, !- Handle
  Face 726,                               !- Name
  Wall,                                   !- Surface Type
  ,                                       !- Construction Name
  {cf05fd41-1fba-4824-99aa-93387e229b57}, !- Space Name
  Surface,                                !- Outside Boundary Condition
  {50704ff6-1b5a-49ef-a2c1-ca72fc83ac1d}, !- Outside Boundary Condition Object
  NoSun,                                  !- Sun Exposure
  NoWind,                                 !- Wind Exposure
  ,                                       !- View Factor to Ground
  ,                                       !- Number of Vertices
  21, 17, 2.4384,                         !- X,Y,Z Vertex 1 {m}
  21, 17, 0,                              !- X,Y,Z Vertex 2 {m}
  21, 21, 0,                              !- X,Y,Z Vertex 3 {m}
  21, 21, 2.4384;                         !- X,Y,Z Vertex 4 {m}

OS:Surface,
  {c0024b4a-8909-4b91-befb-a87baeb17850}, !- Handle
  Face 707,                               !- Name
  Wall,                                   !- Surface Type
  ,                                       !- Construction Name
  {cf05fd41-1fba-4824-99aa-93387e229b57}, !- Space Name
  Surface,                                !- Outside Boundary Condition
  {0e320e00-c013-4f74-b558-9068aafa8670}, !- Outside Boundary Condition Object
  NoSun,                                  !- Sun Exposure
  NoWind,                                 !- Wind Exposure
  ,                                       !- View Factor to Ground
  ,                                       !- Number of Vertices
  -4, 14, 2.4384,                         !- X,Y,Z Vertex 1 {m}
  2, 14, 2.4384,                          !- X,Y,Z Vertex 2 {m}
  2, 14, 0,                               !- X,Y,Z Vertex 3 {m}
  -4, 14, 0;                              !- X,Y,Z Vertex 4 {m}

OS:SubSurface,
  {b0018bf2-bc64-45ca-ba23-d8822b47c5ba}, !- Handle
  Face 708,                               !- Name
  Door,                                   !- Sub Surface Type
  ,                                       !- Construction Name
  {c0024b4a-8909-4b91-befb-a87baeb17850}, !- Surface Name
  {090e80d6-9f68-4d97-8169-2876639d20a5}, !- Outside Boundary Condition Object
  ,                                       !- View Factor to Ground
  ,                                       !- Frame and Divider Name
  ,                                       !- Multiplier
  ,                                       !- Number of Vertices
  -2.5, 14, 2.033016,                     !- X,Y,Z Vertex 1 {m}
  -2.5, 14, 0,                            !- X,Y,Z Vertex 2 {m}
  -3.5, 14, 0,                            !- X,Y,Z Vertex 3 {m}
  -3.5, 14, 2.033016;                     !- X,Y,Z Vertex 4 {m}

OS:Surface,
  {5de11f45-af99-424d-bc6b-fcd41676ab13}, !- Handle
  Face 703,                               !- Name
  Wall,                                   !- Surface Type
  ,                                       !- Construction Name
  {cf05fd41-1fba-4824-99aa-93387e229b57}, !- Space Name
  Surface,                                !- Outside Boundary Condition
  {68bfd4b4-1850-488a-b3ad-d9c262a2e4c0}, !- Outside Boundary Condition Object
  NoSun,                                  !- Sun Exposure
  NoWind,                                 !- Wind Exposure
  ,                                       !- View Factor to Ground
  ,                                       !- Number of Vertices
  -19, 14, 2.4384,                        !- X,Y,Z Vertex 1 {m}
  -19, 14, 0,                             !- X,Y,Z Vertex 2 {m}
  -20, 14, 0,                             !- X,Y,Z Vertex 3 {m}
  -20, 14, 2.4384;                        !- X,Y,Z Vertex 4 {m}

OS:Surface,
  {c2e9070c-32f5-4f60-bf09-e8cec11f7f3d}, !- Handle
  Face 727,                               !- Name
  Wall,                                   !- Surface Type
  ,                                       !- Construction Name
  {cf05fd41-1fba-4824-99aa-93387e229b57}, !- Space Name
  Surface,                                !- Outside Boundary Condition
  {dbbf13b6-8b6d-4a6e-94d5-90878cffaa67}, !- Outside Boundary Condition Object
  NoSun,                                  !- Sun Exposure
  NoWind,                                 !- Wind Exposure
  ,                                       !- View Factor to Ground
  ,                                       !- Number of Vertices
  21, 17, 2.4384,                         !- X,Y,Z Vertex 1 {m}
  21, 14, 2.4384,                         !- X,Y,Z Vertex 2 {m}
  21, 14, 0,                              !- X,Y,Z Vertex 3 {m}
  21, 17, 0;                              !- X,Y,Z Vertex 4 {m}

OS:SubSurface,
  {3c7b613b-80c2-4ebf-9bcd-942f1f154226}, !- Handle
  Face 728,                               !- Name
  Door,                                   !- Sub Surface Type
  ,                                       !- Construction Name
  {c2e9070c-32f5-4f60-bf09-e8cec11f7f3d}, !- Surface Name
  {38265f81-7bc7-4e44-bd93-d99d38d102d3}, !- Outside Boundary Condition Object
  ,                                       !- View Factor to Ground
  ,                                       !- Frame and Divider Name
  ,                                       !- Multiplier
  ,                                       !- Number of Vertices
  21, 14.5, 2.033016,                     !- X,Y,Z Vertex 1 {m}
  21, 14.5, 0,                            !- X,Y,Z Vertex 2 {m}
  21, 15.5, 0,                            !- X,Y,Z Vertex 3 {m}
  21, 15.5, 2.033016;                     !- X,Y,Z Vertex 4 {m}

OS:Surface,
  {c53bdeef-718e-4ed6-b87d-4668309aec5a}, !- Handle
  Face 712,                               !- Name
  Wall,                                   !- Surface Type
  ,                                       !- Construction Name
  {cf05fd41-1fba-4824-99aa-93387e229b57}, !- Space Name
  Surface,                                !- Outside Boundary Condition
  {e81cd959-e361-47ac-931e-fae96392c0ac}, !- Outside Boundary Condition Object
  NoSun,                                  !- Sun Exposure
  NoWind,                                 !- Wind Exposure
  ,                                       !- View Factor to Ground
  ,                                       !- Number of Vertices
  12, 14, 2.4384,                         !- X,Y,Z Vertex 1 {m}
  12, 14, 0,                              !- X,Y,Z Vertex 2 {m}
  9, 14, 0,                               !- X,Y,Z Vertex 3 {m}
  9, 14, 2.4384;                          !- X,Y,Z Vertex 4 {m}

OS:Surface,
  {f3cbc563-a880-4eea-be96-bf458ac5097b}, !- Handle
  Face 713,                               !- Name
  Wall,                                   !- Surface Type
  ,                                       !- Construction Name
  {cf05fd41-1fba-4824-99aa-93387e229b57}, !- Space Name
  Surface,                                !- Outside Boundary Condition
  {b46b3175-e979-4d3b-ba27-6ba6e38a06e0}, !- Outside Boundary Condition Object
  NoSun,                                  !- Sun Exposure
  NoWind,                                 !- Wind Exposure
  ,                                       !- View Factor to Ground
  ,                                       !- Number of Vertices
  19, 14, 2.4384,                         !- X,Y,Z Vertex 1 {m}
  19, 14, 0,                              !- X,Y,Z Vertex 2 {m}
  12, 14, 0,                              !- X,Y,Z Vertex 3 {m}
  12, 14, 2.4384;                         !- X,Y,Z Vertex 4 {m}

OS:Surface,
  {3eb4376e-13e2-4df4-8fe5-0e22064b0daf}, !- Handle
  Face 732,                               !- Name
  Wall,                                   !- Surface Type
  ,                                       !- Construction Name
  {cf05fd41-1fba-4824-99aa-93387e229b57}, !- Space Name
  Surface,                                !- Outside Boundary Condition
  {c3f2feea-5f98-420b-809e-bd99b56bff7c}, !- Outside Boundary Condition Object
  NoSun,                                  !- Sun Exposure
  NoWind,                                 !- Wind Exposure
  ,                                       !- View Factor to Ground
  ,                                       !- Number of Vertices
  30, 7, 2.4384,                          !- X,Y,Z Vertex 1 {m}
  30, 7, 0,                               !- X,Y,Z Vertex 2 {m}
  21, 7, 0,                               !- X,Y,Z Vertex 3 {m}
  21, 7, 2.4384;                          !- X,Y,Z Vertex 4 {m}

OS:Surface,
  {4c7f91b8-126c-4d41-a623-524639f083d1}, !- Handle
  Face 734,                               !- Name
  Wall,                                   !- Surface Type
  ,                                       !- Construction Name
  {cf05fd41-1fba-4824-99aa-93387e229b57}, !- Space Name
  Surface,                                !- Outside Boundary Condition
  {c7c5c76c-cd01-4d71-8135-a06774187ab3}, !- Outside Boundary Condition Object
  NoSun,                                  !- Sun Exposure
  NoWind,                                 !- Wind Exposure
  ,                                       !- View Factor to Ground
  ,                                       !- Number of Vertices
  33, 7, 2.4384,                          !- X,Y,Z Vertex 1 {m}
  35, 7, 2.4384,                          !- X,Y,Z Vertex 2 {m}
  35, 7, 0,                               !- X,Y,Z Vertex 3 {m}
  33, 7, 0;                               !- X,Y,Z Vertex 4 {m}

OS:SubSurface,
  {0ad84071-4581-4809-a7d6-4852a229c22d}, !- Handle
  Face 735,                               !- Name
  FixedWindow,                            !- Sub Surface Type
  ,                                       !- Construction Name
  {4c7f91b8-126c-4d41-a623-524639f083d1}, !- Surface Name
  ,                                       !- Outside Boundary Condition Object
  ,                                       !- View Factor to Ground
  ,                                       !- Frame and Divider Name
  ,                                       !- Multiplier
  ,                                       !- Number of Vertices
  37.5, 7, 2.1336,                        !- X,Y,Z Vertex 1 {m}
  37.5, 7, 0.9144,                        !- X,Y,Z Vertex 2 {m}
  32.5, 7, 0.9144,                        !- X,Y,Z Vertex 3 {m}
  32.5, 7, 2.1336;                        !- X,Y,Z Vertex 4 {m}

OS:Surface,
  {1b1a34eb-0eca-4ad1-83ee-1242e08819d0}, !- Handle
  Face 730,                               !- Name
  Wall,                                   !- Surface Type
  ,                                       !- Construction Name
  {cf05fd41-1fba-4824-99aa-93387e229b57}, !- Space Name
  Surface,                                !- Outside Boundary Condition
  {27e31790-3a3a-4dd4-85be-5ee49536cce2}, !- Outside Boundary Condition Object
  NoSun,                                  !- Sun Exposure
  NoWind,                                 !- Wind Exposure
  ,                                       !- View Factor to Ground
  ,                                       !- Number of Vertices
  21, 11, 2.4384,                         !- X,Y,Z Vertex 1 {m}
  21, 7, 2.4384,                          !- X,Y,Z Vertex 2 {m}
  21, 7, 0,                               !- X,Y,Z Vertex 3 {m}
  21, 11, 0;                              !- X,Y,Z Vertex 4 {m}

OS:SubSurface,
  {7eda1df5-d7a5-4924-9276-f93e76a00e50}, !- Handle
  Face 731,                               !- Name
  Door,                                   !- Sub Surface Type
  ,                                       !- Construction Name
  {1b1a34eb-0eca-4ad1-83ee-1242e08819d0}, !- Surface Name
  {435b288f-1dac-45e8-b99c-e496c54204f0}, !- Outside Boundary Condition Object
  ,                                       !- View Factor to Ground
  ,                                       !- Frame and Divider Name
  ,                                       !- Multiplier
  ,                                       !- Number of Vertices
  21, 7.5, 2.033016,                      !- X,Y,Z Vertex 1 {m}
  21, 7.5, 0,                             !- X,Y,Z Vertex 2 {m}
  21, 8.5, 0,                             !- X,Y,Z Vertex 3 {m}
  21, 8.5, 2.033016;                      !- X,Y,Z Vertex 4 {m}

OS:Surface,
  {b273cbc4-64bb-4022-bd2c-69b0f4db58ee}, !- Handle
  Face 733,                               !- Name
  Wall,                                   !- Surface Type
  ,                                       !- Construction Name
  {cf05fd41-1fba-4824-99aa-93387e229b57}, !- Space Name
  Surface,                                !- Outside Boundary Condition
  {b1e1a6d7-7a9d-4cfe-ae9f-9c02c0033d38}, !- Outside Boundary Condition Object
  NoSun,                                  !- Sun Exposure
  NoWind,                                 !- Wind Exposure
  ,                                       !- View Factor to Ground
  ,                                       !- Number of Vertices
  33, 7, 2.4384,                          !- X,Y,Z Vertex 1 {m}
  33, 7, 0,                               !- X,Y,Z Vertex 2 {m}
  30, 7, 0,                               !- X,Y,Z Vertex 3 {m}
  30, 7, 2.4384;                          !- X,Y,Z Vertex 4 {m}

OS:Surface,
  {13e342de-2457-49b4-9ba2-d1cf4e8dd33c}, !- Handle
  Face 736,                               !- Name
  Wall,                                   !- Surface Type
  ,                                       !- Construction Name
  {cf05fd41-1fba-4824-99aa-93387e229b57}, !- Space Name
  Outdoors,                               !- Outside Boundary Condition
  ,                                       !- Outside Boundary Condition Object
  SunExposed,                             !- Sun Exposure
  WindExposed,                            !- Wind Exposure
  ,                                       !- View Factor to Ground
  ,                                       !- Number of Vertices
  35, 7, 2.4384,                          !- X,Y,Z Vertex 1 {m}
  35, 5, 2.4384,                          !- X,Y,Z Vertex 2 {m}
  35, 5, 0,                               !- X,Y,Z Vertex 3 {m}
  35, 7, 0;                               !- X,Y,Z Vertex 4 {m}

OS:Surface,
  {13723b40-4bd7-41ab-9df2-d022d0de968e}, !- Handle
  Face 737,                               !- Name
  Wall,                                   !- Surface Type
  ,                                       !- Construction Name
  {cf05fd41-1fba-4824-99aa-93387e229b57}, !- Space Name
  Surface,                                !- Outside Boundary Condition
  {29b1b4e6-e9d6-49ab-bf83-fad2e913ffeb}, !- Outside Boundary Condition Object
  NoSun,                                  !- Sun Exposure
  NoWind,                                 !- Wind Exposure
  ,                                       !- View Factor to Ground
  ,                                       !- Number of Vertices
  33, 5, 2.4384,                          !- X,Y,Z Vertex 1 {m}
  33, 5, 0,                               !- X,Y,Z Vertex 2 {m}
  35, 5, 0,                               !- X,Y,Z Vertex 3 {m}
  35, 5, 2.4384;                          !- X,Y,Z Vertex 4 {m}

OS:Surface,
  {db867bca-ecc5-4469-821d-5b237d9186f4}, !- Handle
  Face 729,                               !- Name
  Wall,                                   !- Surface Type
  ,                                       !- Construction Name
  {cf05fd41-1fba-4824-99aa-93387e229b57}, !- Space Name
  Surface,                                !- Outside Boundary Condition
  {bccf0658-38b0-447b-9cbf-275f96db2ed6}, !- Outside Boundary Condition Object
  NoSun,                                  !- Sun Exposure
  NoWind,                                 !- Wind Exposure
  ,                                       !- View Factor to Ground
  ,                                       !- Number of Vertices
  21, 11, 2.4384,                         !- X,Y,Z Vertex 1 {m}
  21, 11, 0,                              !- X,Y,Z Vertex 2 {m}
  21, 14, 0,                              !- X,Y,Z Vertex 3 {m}
  21, 14, 2.4384;                         !- X,Y,Z Vertex 4 {m}

OS:Surface,
  {94330bf5-6899-42ec-86c4-a91e115c2d7c}, !- Handle
  Face 85,                                !- Name
  Wall,                                   !- Surface Type
  ,                                       !- Construction Name
  {6d91db6b-0d82-480b-9468-8085d66071da}, !- Space Name
  Surface,                                !- Outside Boundary Condition
  {2947ff5b-d1a1-43fd-9d39-4a7c10fc1e6d}, !- Outside Boundary Condition Object
  NoSun,                                  !- Sun Exposure
  NoWind,                                 !- Wind Exposure
  ,                                       !- View Factor to Ground
  ,                                       !- Number of Vertices
  -12, 7, 2.4384,                         !- X,Y,Z Vertex 1 {m}
  -12, 7, 0,                              !- X,Y,Z Vertex 2 {m}
  -16, 7, 0,                              !- X,Y,Z Vertex 3 {m}
  -16, 7, 2.4384;                         !- X,Y,Z Vertex 4 {m}

OS:Surface,
  {d5b83766-d6eb-4fd6-ab8f-53e2e8034e57}, !- Handle
  Face 86,                                !- Name
  Wall,                                   !- Surface Type
  ,                                       !- Construction Name
  {6d91db6b-0d82-480b-9468-8085d66071da}, !- Space Name
  Surface,                                !- Outside Boundary Condition
  {64d9cd63-24da-4ada-9760-bb7a8e4329cf}, !- Outside Boundary Condition Object
  NoSun,                                  !- Sun Exposure
  NoWind,                                 !- Wind Exposure
  ,                                       !- View Factor to Ground
  ,                                       !- Number of Vertices
  -12, 7, 2.4384,                         !- X,Y,Z Vertex 1 {m}
  -10, 7, 2.4384,                         !- X,Y,Z Vertex 2 {m}
  -10, 7, 0,                              !- X,Y,Z Vertex 3 {m}
  -12, 7, 0;                              !- X,Y,Z Vertex 4 {m}

OS:SubSurface,
  {53936bc9-1f82-4176-aa54-3e8675836279}, !- Handle
  Face 87,                                !- Name
  Door,                                   !- Sub Surface Type
  ,                                       !- Construction Name
  {d5b83766-d6eb-4fd6-ab8f-53e2e8034e57}, !- Surface Name
  {e3e7a038-3c73-468f-bd49-2eac865a9187}, !- Outside Boundary Condition Object
  ,                                       !- View Factor to Ground
  ,                                       !- Frame and Divider Name
  ,                                       !- Multiplier
  ,                                       !- Number of Vertices
  -10.5, 7, 2.033016,                     !- X,Y,Z Vertex 1 {m}
  -10.5, 7, 0,                            !- X,Y,Z Vertex 2 {m}
  -11.5, 7, 0,                            !- X,Y,Z Vertex 3 {m}
  -11.5, 7, 2.033016;                     !- X,Y,Z Vertex 4 {m}

OS:Surface,
  {45de51f0-2e22-4f3f-adbf-d1bea102df79}, !- Handle
  Face 81,                                !- Name
  Wall,                                   !- Surface Type
  ,                                       !- Construction Name
  {6d91db6b-0d82-480b-9468-8085d66071da}, !- Space Name
  Surface,                                !- Outside Boundary Condition
  {2714df15-1dad-4e94-abd6-77cee85e0d8e}, !- Outside Boundary Condition Object
  NoSun,                                  !- Sun Exposure
  NoWind,                                 !- Wind Exposure
  ,                                       !- View Factor to Ground
  ,                                       !- Number of Vertices
  -16, 0, 2.4384,                         !- X,Y,Z Vertex 1 {m}
  -16, 3, 2.4384,                         !- X,Y,Z Vertex 2 {m}
  -16, 3, 0,                              !- X,Y,Z Vertex 3 {m}
  -16, 0, 0;                              !- X,Y,Z Vertex 4 {m}

OS:SubSurface,
  {166910b1-9f5f-49eb-921c-d339e11a6aa4}, !- Handle
  Face 82,                                !- Name
  Door,                                   !- Sub Surface Type
  ,                                       !- Construction Name
  {45de51f0-2e22-4f3f-adbf-d1bea102df79}, !- Surface Name
  {23073349-f3b7-41a9-8f62-307e64ebe317}, !- Outside Boundary Condition Object
  ,                                       !- View Factor to Ground
  ,                                       !- Frame and Divider Name
  ,                                       !- Multiplier
  ,                                       !- Number of Vertices
  -16, 2.5, 2.033016,                     !- X,Y,Z Vertex 1 {m}
  -16, 2.5, 0,                            !- X,Y,Z Vertex 2 {m}
  -16, 1.5, 0,                            !- X,Y,Z Vertex 3 {m}
  -16, 1.5, 2.033016;                     !- X,Y,Z Vertex 4 {m}

OS:Surface,
  {c6bd07fd-9feb-44c9-9fca-84e44e011405}, !- Handle
  Face 80,                                !- Name
  Wall,                                   !- Surface Type
  ,                                       !- Construction Name
  {6d91db6b-0d82-480b-9468-8085d66071da}, !- Space Name
  Surface,                                !- Outside Boundary Condition
  {6d9239a7-7140-4933-84dd-40a3a76cdbce}, !- Outside Boundary Condition Object
  NoSun,                                  !- Sun Exposure
  NoWind,                                 !- Wind Exposure
  ,                                       !- View Factor to Ground
  ,                                       !- Number of Vertices
  -16, 0, 2.4384,                         !- X,Y,Z Vertex 1 {m}
  -16, 0, 0,                              !- X,Y,Z Vertex 2 {m}
  -10, 0, 0,                              !- X,Y,Z Vertex 3 {m}
  -10, 0, 2.4384;                         !- X,Y,Z Vertex 4 {m}

OS:Surface,
  {990a0d06-6c95-4634-a467-3f6741488910}, !- Handle
  Face 83,                                !- Name
  Wall,                                   !- Surface Type
  ,                                       !- Construction Name
  {6d91db6b-0d82-480b-9468-8085d66071da}, !- Space Name
  Surface,                                !- Outside Boundary Condition
  {34941aee-92d2-4711-8866-cd5e771dd56f}, !- Outside Boundary Condition Object
  NoSun,                                  !- Sun Exposure
  NoWind,                                 !- Wind Exposure
  ,                                       !- View Factor to Ground
  ,                                       !- Number of Vertices
  -16, 3, 2.4384,                         !- X,Y,Z Vertex 1 {m}
  -16, 7, 2.4384,                         !- X,Y,Z Vertex 2 {m}
  -16, 7, 0,                              !- X,Y,Z Vertex 3 {m}
  -16, 3, 0;                              !- X,Y,Z Vertex 4 {m}

OS:SubSurface,
  {ff1b4b2e-defd-4bc8-b2b7-028fc5092370}, !- Handle
  Face 84,                                !- Name
  Door,                                   !- Sub Surface Type
  ,                                       !- Construction Name
  {990a0d06-6c95-4634-a467-3f6741488910}, !- Surface Name
  {3a528cb4-42f3-4ea5-8c79-caec6ad9f5a8}, !- Outside Boundary Condition Object
  ,                                       !- View Factor to Ground
  ,                                       !- Frame and Divider Name
  ,                                       !- Multiplier
  ,                                       !- Number of Vertices
  -16, 5.8, 2.033016,                     !- X,Y,Z Vertex 1 {m}
  -16, 5.8, 0,                            !- X,Y,Z Vertex 2 {m}
  -16, 4.2, 0,                            !- X,Y,Z Vertex 3 {m}
  -16, 4.2, 2.033016;                     !- X,Y,Z Vertex 4 {m}

OS:Surface,
  {72e2f1b3-dd67-4b35-a80d-38a517aa9771}, !- Handle
  Face 78,                                !- Name
  Wall,                                   !- Surface Type
  ,                                       !- Construction Name
  {6d91db6b-0d82-480b-9468-8085d66071da}, !- Space Name
  Surface,                                !- Outside Boundary Condition
  {380228b3-34cd-455c-8fa0-945e8cda7b43}, !- Outside Boundary Condition Object
  NoSun,                                  !- Sun Exposure
  NoWind,                                 !- Wind Exposure
  ,                                       !- View Factor to Ground
  ,                                       !- Number of Vertices
  -10, 7, 2.4384,                         !- X,Y,Z Vertex 1 {m}
  -10, 0, 2.4384,                         !- X,Y,Z Vertex 2 {m}
  -10, 0, 0,                              !- X,Y,Z Vertex 3 {m}
  -10, 7, 0;                              !- X,Y,Z Vertex 4 {m}

OS:SubSurface,
  {9e579191-3eb7-420d-98f8-cc396532f9a3}, !- Handle
  Face 79,                                !- Name
  Door,                                   !- Sub Surface Type
  ,                                       !- Construction Name
  {72e2f1b3-dd67-4b35-a80d-38a517aa9771}, !- Surface Name
  {6e0c1b4a-4320-465a-ae9c-9c1f2f29d3a4}, !- Outside Boundary Condition Object
  ,                                       !- View Factor to Ground
  ,                                       !- Frame and Divider Name
  ,                                       !- Multiplier
  ,                                       !- Number of Vertices
  -10, 4.5, 2.033016,                     !- X,Y,Z Vertex 1 {m}
  -10, 4.5, 0,                            !- X,Y,Z Vertex 2 {m}
  -10, 5.5, 0,                            !- X,Y,Z Vertex 3 {m}
  -10, 5.5, 2.033016;                     !- X,Y,Z Vertex 4 {m}

OS:Surface,
  {19328e06-3b2e-40d3-ae51-ded3a5746d0d}, !- Handle
  Face 77,                                !- Name
  RoofCeiling,                            !- Surface Type
  ,                                       !- Construction Name
  {6d91db6b-0d82-480b-9468-8085d66071da}, !- Space Name
  Outdoors,                               !- Outside Boundary Condition
  ,                                       !- Outside Boundary Condition Object
  SunExposed,                             !- Sun Exposure
  WindExposed,                            !- Wind Exposure
  ,                                       !- View Factor to Ground
  ,                                       !- Number of Vertices
  -12, 7, 2.4384,                         !- X,Y,Z Vertex 1 {m}
  -16, 7, 2.4384,                         !- X,Y,Z Vertex 2 {m}
  -16, 3, 2.4384,                         !- X,Y,Z Vertex 3 {m}
  -16, 0, 2.4384,                         !- X,Y,Z Vertex 4 {m}
  -10, 0, 2.4384,                         !- X,Y,Z Vertex 5 {m}
  -10, 7, 2.4384;                         !- X,Y,Z Vertex 6 {m}

OS:Surface,
  {90e0a6c1-17e8-4f05-bc2b-05d03e09dd26}, !- Handle
  Face 76,                                !- Name
  Floor,                                  !- Surface Type
  ,                                       !- Construction Name
  {6d91db6b-0d82-480b-9468-8085d66071da}, !- Space Name
  Ground,                                 !- Outside Boundary Condition
  ,                                       !- Outside Boundary Condition Object
  NoSun,                                  !- Sun Exposure
  NoWind,                                 !- Wind Exposure
  ,                                       !- View Factor to Ground
  ,                                       !- Number of Vertices
  -10, 7, 0,                              !- X,Y,Z Vertex 1 {m}
  -10, 0, 0,                              !- X,Y,Z Vertex 2 {m}
  -16, 0, 0,                              !- X,Y,Z Vertex 3 {m}
  -16, 3, 0,                              !- X,Y,Z Vertex 4 {m}
  -16, 7, 0,                              !- X,Y,Z Vertex 5 {m}
  -12, 7, 0;                              !- X,Y,Z Vertex 6 {m}

OS:Surface,
  {3f64424a-6dd0-459c-97fb-018171f32767}, !- Handle
  Face 18,                                !- Name
  Floor,                                  !- Surface Type
  ,                                       !- Construction Name
  {62b30ce6-ce0a-4ebb-929e-d13aff6d1eaf}, !- Space Name
  Ground,                                 !- Outside Boundary Condition
  ,                                       !- Outside Boundary Condition Object
  NoSun,                                  !- Sun Exposure
  NoWind,                                 !- Wind Exposure
  ,                                       !- View Factor to Ground
  ,                                       !- Number of Vertices
  18, 11, 0,                              !- X,Y,Z Vertex 1 {m}
  18, 5, 0,                               !- X,Y,Z Vertex 2 {m}
  16, 5, 0,                               !- X,Y,Z Vertex 3 {m}
  16, 11, 0;                              !- X,Y,Z Vertex 4 {m}

OS:Surface,
  {75d95efc-494d-4228-9f11-914315de54a5}, !- Handle
  Face 19,                                !- Name
  RoofCeiling,                            !- Surface Type
  ,                                       !- Construction Name
  {62b30ce6-ce0a-4ebb-929e-d13aff6d1eaf}, !- Space Name
  Outdoors,                               !- Outside Boundary Condition
  ,                                       !- Outside Boundary Condition Object
  SunExposed,                             !- Sun Exposure
  WindExposed,                            !- Wind Exposure
  ,                                       !- View Factor to Ground
  ,                                       !- Number of Vertices
  16, 11, 2.4384,                         !- X,Y,Z Vertex 1 {m}
  16, 5, 2.4384,                          !- X,Y,Z Vertex 2 {m}
  18, 5, 2.4384,                          !- X,Y,Z Vertex 3 {m}
  18, 11, 2.4384;                         !- X,Y,Z Vertex 4 {m}

OS:Surface,
  {961b6419-f5a7-476a-bdee-9e052c926da8}, !- Handle
  Face 25,                                !- Name
  Wall,                                   !- Surface Type
  ,                                       !- Construction Name
  {62b30ce6-ce0a-4ebb-929e-d13aff6d1eaf}, !- Space Name
  Surface,                                !- Outside Boundary Condition
  {b80c3ff6-3892-46e7-a15c-f34be3c812d4}, !- Outside Boundary Condition Object
  NoSun,                                  !- Sun Exposure
  NoWind,                                 !- Wind Exposure
  ,                                       !- View Factor to Ground
  ,                                       !- Number of Vertices
  16, 11, 2.4384,                         !- X,Y,Z Vertex 1 {m}
  16, 11, 0,                              !- X,Y,Z Vertex 2 {m}
  16, 5, 0,                               !- X,Y,Z Vertex 3 {m}
  16, 5, 2.4384;                          !- X,Y,Z Vertex 4 {m}

OS:Surface,
  {5683045a-3e74-475b-8788-ee3a43384202}, !- Handle
  Face 24,                                !- Name
  Wall,                                   !- Surface Type
  ,                                       !- Construction Name
  {62b30ce6-ce0a-4ebb-929e-d13aff6d1eaf}, !- Space Name
  Surface,                                !- Outside Boundary Condition
  {e80e0ccb-cb22-43f3-8e8b-0e38eaa4a47e}, !- Outside Boundary Condition Object
  NoSun,                                  !- Sun Exposure
  NoWind,                                 !- Wind Exposure
  ,                                       !- View Factor to Ground
  ,                                       !- Number of Vertices
  16, 5, 2.4384,                          !- X,Y,Z Vertex 1 {m}
  16, 5, 0,                               !- X,Y,Z Vertex 2 {m}
  18, 5, 0,                               !- X,Y,Z Vertex 3 {m}
  18, 5, 2.4384;                          !- X,Y,Z Vertex 4 {m}

OS:Surface,
  {9da42fef-cb22-4bfd-b475-0bc2a1db8dbe}, !- Handle
  Face 26,                                !- Name
  Wall,                                   !- Surface Type
  ,                                       !- Construction Name
  {62b30ce6-ce0a-4ebb-929e-d13aff6d1eaf}, !- Space Name
  Surface,                                !- Outside Boundary Condition
  {94e19caf-c255-4d8c-a92b-6a2994be5e39}, !- Outside Boundary Condition Object
  NoSun,                                  !- Sun Exposure
  NoWind,                                 !- Wind Exposure
  ,                                       !- View Factor to Ground
  ,                                       !- Number of Vertices
  18, 11, 2.4384,                         !- X,Y,Z Vertex 1 {m}
  18, 11, 0,                              !- X,Y,Z Vertex 2 {m}
  16, 11, 0,                              !- X,Y,Z Vertex 3 {m}
  16, 11, 2.4384;                         !- X,Y,Z Vertex 4 {m}

OS:Surface,
  {d5402b4a-7586-45ae-84e6-87cda809c713}, !- Handle
  Face 20,                                !- Name
  Wall,                                   !- Surface Type
  ,                                       !- Construction Name
  {62b30ce6-ce0a-4ebb-929e-d13aff6d1eaf}, !- Space Name
  Surface,                                !- Outside Boundary Condition
  {cb9580d6-0780-431a-b1ae-c83e56bff8c3}, !- Outside Boundary Condition Object
  NoSun,                                  !- Sun Exposure
  NoWind,                                 !- Wind Exposure
  ,                                       !- View Factor to Ground
  ,                                       !- Number of Vertices
  18, 11, 2.4384,                         !- X,Y,Z Vertex 1 {m}
  18, 5, 2.4384,                          !- X,Y,Z Vertex 2 {m}
  18, 5, 0,                               !- X,Y,Z Vertex 3 {m}
  18, 11, 0;                              !- X,Y,Z Vertex 4 {m}

OS:SubSurface,
  {8c468cfd-bbf3-49d3-8d2c-2e3c2ff68b85}, !- Handle
  Face 22,                                !- Name
  Door,                                   !- Sub Surface Type
  ,                                       !- Construction Name
  {d5402b4a-7586-45ae-84e6-87cda809c713}, !- Surface Name
  {a9fdd046-580b-4b7d-9bbb-eeca8b2fc51b}, !- Outside Boundary Condition Object
  ,                                       !- View Factor to Ground
  ,                                       !- Frame and Divider Name
  ,                                       !- Multiplier
  ,                                       !- Number of Vertices
  18, 7.5, 2.033016,                      !- X,Y,Z Vertex 1 {m}
  18, 7.5, 0,                             !- X,Y,Z Vertex 2 {m}
  18, 8.5, 0,                             !- X,Y,Z Vertex 3 {m}
  18, 8.5, 2.033016;                      !- X,Y,Z Vertex 4 {m}

OS:SubSurface,
  {280d6f60-3137-4add-8f0c-ec8437e2b2d9}, !- Handle
  Face 21,                                !- Name
  Door,                                   !- Sub Surface Type
  ,                                       !- Construction Name
  {d5402b4a-7586-45ae-84e6-87cda809c713}, !- Surface Name
  {46eadcb3-4e65-4828-b808-8594c6c3ae94}, !- Outside Boundary Condition Object
  ,                                       !- View Factor to Ground
  ,                                       !- Frame and Divider Name
  ,                                       !- Multiplier
  ,                                       !- Number of Vertices
  18, 9.5, 2.033016,                      !- X,Y,Z Vertex 1 {m}
  18, 9.5, 0,                             !- X,Y,Z Vertex 2 {m}
  18, 10.5, 0,                            !- X,Y,Z Vertex 3 {m}
  18, 10.5, 2.033016;                     !- X,Y,Z Vertex 4 {m}

OS:SubSurface,
  {6ee1b26e-cc3a-486f-a08f-7c2236c7102e}, !- Handle
  Face 23,                                !- Name
  Door,                                   !- Sub Surface Type
  ,                                       !- Construction Name
  {d5402b4a-7586-45ae-84e6-87cda809c713}, !- Surface Name
  {44165627-b4c5-4f72-be75-57589efb3ca4}, !- Outside Boundary Condition Object
  ,                                       !- View Factor to Ground
  ,                                       !- Frame and Divider Name
  ,                                       !- Multiplier
  ,                                       !- Number of Vertices
  18, 5.5, 2.033016,                      !- X,Y,Z Vertex 1 {m}
  18, 5.5, 0,                             !- X,Y,Z Vertex 2 {m}
  18, 6.5, 0,                             !- X,Y,Z Vertex 3 {m}
  18, 6.5, 2.033016;                      !- X,Y,Z Vertex 4 {m}

OS:Surface,
  {56d9616a-82c1-4345-81e5-22cb8baf0ef8}, !- Handle
  Face 64,                                !- Name
  Wall,                                   !- Surface Type
  ,                                       !- Construction Name
  {cacf8864-b18d-4810-8d77-a196d2378811}, !- Space Name
  Surface,                                !- Outside Boundary Condition
  {9ed9f426-e028-4335-b8f8-10be0a3d7c90}, !- Outside Boundary Condition Object
  NoSun,                                  !- Sun Exposure
  NoWind,                                 !- Wind Exposure
  ,                                       !- View Factor to Ground
  ,                                       !- Number of Vertices
  3, 5, 2.4384,                           !- X,Y,Z Vertex 1 {m}
  3, 5, 0,                                !- X,Y,Z Vertex 2 {m}
  3, 11, 0,                               !- X,Y,Z Vertex 3 {m}
  3, 11, 2.4384;                          !- X,Y,Z Vertex 4 {m}

OS:Surface,
  {202f233d-1b87-4be8-a46b-b372fd7e54c8}, !- Handle
  Face 63,                                !- Name
  Wall,                                   !- Surface Type
  ,                                       !- Construction Name
  {cacf8864-b18d-4810-8d77-a196d2378811}, !- Space Name
  Surface,                                !- Outside Boundary Condition
  {87d8d794-6c63-4137-8f7f-e205bcfbadd4}, !- Outside Boundary Condition Object
  NoSun,                                  !- Sun Exposure
  NoWind,                                 !- Wind Exposure
  ,                                       !- View Factor to Ground
  ,                                       !- Number of Vertices
  3, 11, 2.4384,                          !- X,Y,Z Vertex 1 {m}
  3, 11, 0,                               !- X,Y,Z Vertex 2 {m}
  -5, 11, 0,                              !- X,Y,Z Vertex 3 {m}
  -5, 11, 2.4384;                         !- X,Y,Z Vertex 4 {m}

OS:Surface,
  {e102b310-ac08-4316-9b61-bda39b71083e}, !- Handle
  Face 65,                                !- Name
  Wall,                                   !- Surface Type
  ,                                       !- Construction Name
  {cacf8864-b18d-4810-8d77-a196d2378811}, !- Space Name
  Surface,                                !- Outside Boundary Condition
  {9b9c2696-680d-4de7-baa6-ef9bc892863f}, !- Outside Boundary Condition Object
  NoSun,                                  !- Sun Exposure
  NoWind,                                 !- Wind Exposure
  ,                                       !- View Factor to Ground
  ,                                       !- Number of Vertices
  0, 5, 2.4384,                           !- X,Y,Z Vertex 1 {m}
  0, 5, 0,                                !- X,Y,Z Vertex 2 {m}
  3, 5, 0,                                !- X,Y,Z Vertex 3 {m}
  3, 5, 2.4384;                           !- X,Y,Z Vertex 4 {m}

OS:Surface,
  {dfba6afd-fddf-42b0-90b2-285388633ee1}, !- Handle
  Face 54,                                !- Name
  Floor,                                  !- Surface Type
  ,                                       !- Construction Name
  {cacf8864-b18d-4810-8d77-a196d2378811}, !- Space Name
  Ground,                                 !- Outside Boundary Condition
  ,                                       !- Outside Boundary Condition Object
  NoSun,                                  !- Sun Exposure
  NoWind,                                 !- Wind Exposure
  ,                                       !- View Factor to Ground
  ,                                       !- Number of Vertices
  0, 5, 0,                                !- X,Y,Z Vertex 1 {m}
  -2, 5, 0,                               !- X,Y,Z Vertex 2 {m}
  -5, 5, 0,                               !- X,Y,Z Vertex 3 {m}
  -5, 11, 0,                              !- X,Y,Z Vertex 4 {m}
  3, 11, 0,                               !- X,Y,Z Vertex 5 {m}
  3, 5, 0;                                !- X,Y,Z Vertex 6 {m}

OS:Surface,
  {2453027e-65a7-450d-948e-1e2d88562626}, !- Handle
  Face 55,                                !- Name
  RoofCeiling,                            !- Surface Type
  ,                                       !- Construction Name
  {cacf8864-b18d-4810-8d77-a196d2378811}, !- Space Name
  Outdoors,                               !- Outside Boundary Condition
  ,                                       !- Outside Boundary Condition Object
  SunExposed,                             !- Sun Exposure
  WindExposed,                            !- Wind Exposure
  ,                                       !- View Factor to Ground
  ,                                       !- Number of Vertices
  3, 5, 2.4384,                           !- X,Y,Z Vertex 1 {m}
  3, 11, 2.4384,                          !- X,Y,Z Vertex 2 {m}
  -5, 11, 2.4384,                         !- X,Y,Z Vertex 3 {m}
  -5, 5, 2.4384,                          !- X,Y,Z Vertex 4 {m}
  -2, 5, 2.4384,                          !- X,Y,Z Vertex 5 {m}
  0, 5, 2.4384;                           !- X,Y,Z Vertex 6 {m}

OS:Surface,
  {7bf992b8-aa35-4b00-b9b6-a5f96ab979f8}, !- Handle
  Face 56,                                !- Name
  Wall,                                   !- Surface Type
  ,                                       !- Construction Name
  {cacf8864-b18d-4810-8d77-a196d2378811}, !- Space Name
  Surface,                                !- Outside Boundary Condition
  {2283ee2d-30e4-40d9-b01c-bf0a92a2ba1c}, !- Outside Boundary Condition Object
  NoSun,                                  !- Sun Exposure
  NoWind,                                 !- Wind Exposure
  ,                                       !- View Factor to Ground
  ,                                       !- Number of Vertices
  0, 5, 2.4384,                           !- X,Y,Z Vertex 1 {m}
  -2, 5, 2.4384,                          !- X,Y,Z Vertex 2 {m}
  -2, 5, 0,                               !- X,Y,Z Vertex 3 {m}
  0, 5, 0;                                !- X,Y,Z Vertex 4 {m}

OS:SubSurface,
  {988e7f5e-0360-4447-9c6a-a30f9744d150}, !- Handle
  Face 57,                                !- Name
  Door,                                   !- Sub Surface Type
  ,                                       !- Construction Name
  {7bf992b8-aa35-4b00-b9b6-a5f96ab979f8}, !- Surface Name
  {4e9d0b88-158e-460e-8703-13e1e9882046}, !- Outside Boundary Condition Object
  ,                                       !- View Factor to Ground
  ,                                       !- Frame and Divider Name
  ,                                       !- Multiplier
  ,                                       !- Number of Vertices
  -1.8, 5, 2.033016,                      !- X,Y,Z Vertex 1 {m}
  -1.8, 5, 0,                             !- X,Y,Z Vertex 2 {m}
  -0.2, 5, 0,                             !- X,Y,Z Vertex 3 {m}
  -0.2, 5, 2.033016;                      !- X,Y,Z Vertex 4 {m}

OS:Surface,
  {a8fbf654-bbf3-40c6-896d-9e6120cda0df}, !- Handle
  Face 58,                                !- Name
  Wall,                                   !- Surface Type
  ,                                       !- Construction Name
  {cacf8864-b18d-4810-8d77-a196d2378811}, !- Space Name
  Surface,                                !- Outside Boundary Condition
  {a76cc408-0d23-4f91-816f-4c3b8e930952}, !- Outside Boundary Condition Object
  NoSun,                                  !- Sun Exposure
  NoWind,                                 !- Wind Exposure
  ,                                       !- View Factor to Ground
  ,                                       !- Number of Vertices
  -5, 5, 2.4384,                          !- X,Y,Z Vertex 1 {m}
  -5, 5, 0,                               !- X,Y,Z Vertex 2 {m}
  -2, 5, 0,                               !- X,Y,Z Vertex 3 {m}
  -2, 5, 2.4384;                          !- X,Y,Z Vertex 4 {m}

OS:Surface,
  {c14ae478-4ab5-45c3-8246-a2fafb6181ad}, !- Handle
  Face 59,                                !- Name
  Wall,                                   !- Surface Type
  ,                                       !- Construction Name
  {cacf8864-b18d-4810-8d77-a196d2378811}, !- Space Name
  Surface,                                !- Outside Boundary Condition
  {5da5e317-15e4-4ca8-bdbf-73eb698b120d}, !- Outside Boundary Condition Object
  NoSun,                                  !- Sun Exposure
  NoWind,                                 !- Wind Exposure
  ,                                       !- View Factor to Ground
  ,                                       !- Number of Vertices
  -5, 5, 2.4384,                          !- X,Y,Z Vertex 1 {m}
  -5, 11, 2.4384,                         !- X,Y,Z Vertex 2 {m}
  -5, 11, 0,                              !- X,Y,Z Vertex 3 {m}
  -5, 5, 0;                               !- X,Y,Z Vertex 4 {m}

OS:SubSurface,
  {3e7ddec4-66f6-4ddd-bbb6-8e696ddacc29}, !- Handle
  Face 62,                                !- Name
  Door,                                   !- Sub Surface Type
  ,                                       !- Construction Name
  {c14ae478-4ab5-45c3-8246-a2fafb6181ad}, !- Surface Name
  {43da6d9b-03c7-4fed-8182-d0733227ce23}, !- Outside Boundary Condition Object
  ,                                       !- View Factor to Ground
  ,                                       !- Frame and Divider Name
  ,                                       !- Multiplier
  ,                                       !- Number of Vertices
  -5, 6.5, 2.033016,                      !- X,Y,Z Vertex 1 {m}
  -5, 6.5, 0,                             !- X,Y,Z Vertex 2 {m}
  -5, 5.5, 0,                             !- X,Y,Z Vertex 3 {m}
  -5, 5.5, 2.033016;                      !- X,Y,Z Vertex 4 {m}

OS:SubSurface,
  {69c8b642-ac69-4367-8524-a0aaab9d0ca1}, !- Handle
  Face 60,                                !- Name
  Door,                                   !- Sub Surface Type
  ,                                       !- Construction Name
  {c14ae478-4ab5-45c3-8246-a2fafb6181ad}, !- Surface Name
  {0b51f160-f755-49ba-bf43-22181283c59c}, !- Outside Boundary Condition Object
  ,                                       !- View Factor to Ground
  ,                                       !- Frame and Divider Name
  ,                                       !- Multiplier
  ,                                       !- Number of Vertices
  -5, 10.5, 2.033016,                     !- X,Y,Z Vertex 1 {m}
  -5, 10.5, 0,                            !- X,Y,Z Vertex 2 {m}
  -5, 9.5, 0,                             !- X,Y,Z Vertex 3 {m}
  -5, 9.5, 2.033016;                      !- X,Y,Z Vertex 4 {m}

OS:SubSurface,
  {6d0b93e7-70a8-48f5-b7f2-a4a7afc685f5}, !- Handle
  Face 61,                                !- Name
  Door,                                   !- Sub Surface Type
  ,                                       !- Construction Name
  {c14ae478-4ab5-45c3-8246-a2fafb6181ad}, !- Surface Name
  {68c40ed6-f11d-46e4-ae48-6cd4fbb1f215}, !- Outside Boundary Condition Object
  ,                                       !- View Factor to Ground
  ,                                       !- Frame and Divider Name
  ,                                       !- Multiplier
  ,                                       !- Number of Vertices
  -5, 8.5, 2.033016,                      !- X,Y,Z Vertex 1 {m}
  -5, 8.5, 0,                             !- X,Y,Z Vertex 2 {m}
  -5, 7.5, 0,                             !- X,Y,Z Vertex 3 {m}
  -5, 7.5, 2.033016;                      !- X,Y,Z Vertex 4 {m}

OS:Surface,
  {c190c764-05b8-4c4b-bcc4-a705850a6ac8}, !- Handle
  Face 235,                               !- Name
  Wall,                                   !- Surface Type
  ,                                       !- Construction Name
  {61e4894f-6526-4fde-a9dd-da2864260e92}, !- Space Name
  Surface,                                !- Outside Boundary Condition
  {de63c056-19b3-43ed-af8f-b83f68fd06b1}, !- Outside Boundary Condition Object
  NoSun,                                  !- Sun Exposure
  NoWind,                                 !- Wind Exposure
  ,                                       !- View Factor to Ground
  ,                                       !- Number of Vertices
  2, 33, 2.4384,                          !- X,Y,Z Vertex 1 {m}
  2, 33, 0,                               !- X,Y,Z Vertex 2 {m}
  2, 26, 0,                               !- X,Y,Z Vertex 3 {m}
  2, 26, 2.4384;                          !- X,Y,Z Vertex 4 {m}

OS:Surface,
  {ccf7fe64-eb51-4df3-bf97-d7c2736e2a58}, !- Handle
  Face 233,                               !- Name
  Wall,                                   !- Surface Type
  ,                                       !- Construction Name
  {61e4894f-6526-4fde-a9dd-da2864260e92}, !- Space Name
  Surface,                                !- Outside Boundary Condition
  {5d26bf53-34d3-4f57-91c3-943b40cc7526}, !- Outside Boundary Condition Object
  NoSun,                                  !- Sun Exposure
  NoWind,                                 !- Wind Exposure
  ,                                       !- View Factor to Ground
  ,                                       !- Number of Vertices
  2, 17, 2.4384,                          !- X,Y,Z Vertex 1 {m}
  2, 17, 0,                               !- X,Y,Z Vertex 2 {m}
  2, 14, 0,                               !- X,Y,Z Vertex 3 {m}
  2, 14, 2.4384;                          !- X,Y,Z Vertex 4 {m}

OS:Surface,
  {7c03896e-43d6-492d-adec-b012f05fd1c9}, !- Handle
  Face 243,                               !- Name
  Wall,                                   !- Surface Type
  ,                                       !- Construction Name
  {61e4894f-6526-4fde-a9dd-da2864260e92}, !- Space Name
  Surface,                                !- Outside Boundary Condition
  {f9321d45-89b8-4149-b3c2-20c2a7b9504e}, !- Outside Boundary Condition Object
  NoSun,                                  !- Sun Exposure
  NoWind,                                 !- Wind Exposure
  ,                                       !- View Factor to Ground
  ,                                       !- Number of Vertices
  9, 14, 2.4384,                          !- X,Y,Z Vertex 1 {m}
  9, 14, 0,                               !- X,Y,Z Vertex 2 {m}
  9, 19, 0,                               !- X,Y,Z Vertex 3 {m}
  9, 19, 2.4384;                          !- X,Y,Z Vertex 4 {m}

OS:Surface,
  {d41aa298-862c-46a3-8a04-1a756781ac30}, !- Handle
  Face 244,                               !- Name
  Wall,                                   !- Surface Type
  ,                                       !- Construction Name
  {61e4894f-6526-4fde-a9dd-da2864260e92}, !- Space Name
  Surface,                                !- Outside Boundary Condition
  {daab3a74-27a3-47ed-835e-ae3d74715a4c}, !- Outside Boundary Condition Object
  NoSun,                                  !- Sun Exposure
  NoWind,                                 !- Wind Exposure
  ,                                       !- View Factor to Ground
  ,                                       !- Number of Vertices
  9, 14, 2.4384,                          !- X,Y,Z Vertex 1 {m}
  3, 14, 2.4384,                          !- X,Y,Z Vertex 2 {m}
  3, 14, 0,                               !- X,Y,Z Vertex 3 {m}
  9, 14, 0;                               !- X,Y,Z Vertex 4 {m}

OS:SubSurface,
  {fe83b50a-c69c-4d77-9a31-441812d56ef5}, !- Handle
  Face 245,                               !- Name
  Door,                                   !- Sub Surface Type
  ,                                       !- Construction Name
  {d41aa298-862c-46a3-8a04-1a756781ac30}, !- Surface Name
  {b45ca87e-8441-4ccb-914b-89ab515f65a4}, !- Outside Boundary Condition Object
  ,                                       !- View Factor to Ground
  ,                                       !- Frame and Divider Name
  ,                                       !- Multiplier
  ,                                       !- Number of Vertices
  6.2, 14, 2.033016,                      !- X,Y,Z Vertex 1 {m}
  6.2, 14, 0,                             !- X,Y,Z Vertex 2 {m}
  7.8, 14, 0,                             !- X,Y,Z Vertex 3 {m}
  7.8, 14, 2.033016;                      !- X,Y,Z Vertex 4 {m}

OS:Surface,
  {24a84d76-8278-4c9c-97c8-3542ec3ed31a}, !- Handle
  Face 232,                               !- Name
  Wall,                                   !- Surface Type
  ,                                       !- Construction Name
  {61e4894f-6526-4fde-a9dd-da2864260e92}, !- Space Name
  Surface,                                !- Outside Boundary Condition
  {911cf364-b1a4-4e63-a41d-280e235bfc81}, !- Outside Boundary Condition Object
  NoSun,                                  !- Sun Exposure
  NoWind,                                 !- Wind Exposure
  ,                                       !- View Factor to Ground
  ,                                       !- Number of Vertices
  2, 14, 2.4384,                          !- X,Y,Z Vertex 1 {m}
  2, 14, 0,                               !- X,Y,Z Vertex 2 {m}
  3, 14, 0,                               !- X,Y,Z Vertex 3 {m}
  3, 14, 2.4384;                          !- X,Y,Z Vertex 4 {m}

OS:Surface,
  {8a6bde22-1a0c-4dc9-b77b-29c56bde08a6}, !- Handle
  Face 236,                               !- Name
  Wall,                                   !- Surface Type
  ,                                       !- Construction Name
  {61e4894f-6526-4fde-a9dd-da2864260e92}, !- Space Name
  Surface,                                !- Outside Boundary Condition
  {7c276cce-ef95-4463-9856-0b122c6da9ec}, !- Outside Boundary Condition Object
  NoSun,                                  !- Sun Exposure
  NoWind,                                 !- Wind Exposure
  ,                                       !- View Factor to Ground
  ,                                       !- Number of Vertices
  2, 33, 2.4384,                          !- X,Y,Z Vertex 1 {m}
  12, 33, 2.4384,                         !- X,Y,Z Vertex 2 {m}
  12, 33, 0,                              !- X,Y,Z Vertex 3 {m}
  2, 33, 0;                               !- X,Y,Z Vertex 4 {m}

OS:SubSurface,
  {a186568a-3be9-4137-a330-b3af73c8ad8a}, !- Handle
  Face 237,                               !- Name
  Door,                                   !- Sub Surface Type
  ,                                       !- Construction Name
  {8a6bde22-1a0c-4dc9-b77b-29c56bde08a6}, !- Surface Name
  {ceec7d8c-0fdd-4711-952a-239bd2f5b7da}, !- Outside Boundary Condition Object
  ,                                       !- View Factor to Ground
  ,                                       !- Frame and Divider Name
  ,                                       !- Multiplier
  ,                                       !- Number of Vertices
  7.8, 33, 2.033016,                      !- X,Y,Z Vertex 1 {m}
  7.8, 33, 0,                             !- X,Y,Z Vertex 2 {m}
  6.2, 33, 0,                             !- X,Y,Z Vertex 3 {m}
  6.2, 33, 2.033016;                      !- X,Y,Z Vertex 4 {m}

OS:Surface,
  {3853a2c2-95c5-448c-8ab6-ae592e41e970}, !- Handle
  Face 239,                               !- Name
  Wall,                                   !- Surface Type
  ,                                       !- Construction Name
  {61e4894f-6526-4fde-a9dd-da2864260e92}, !- Space Name
  Surface,                                !- Outside Boundary Condition
  {afb2a897-549b-47dc-9bd4-3d62ad425b9c}, !- Outside Boundary Condition Object
  NoSun,                                  !- Sun Exposure
  NoWind,                                 !- Wind Exposure
  ,                                       !- View Factor to Ground
  ,                                       !- Number of Vertices
  12, 24, 2.4384,                         !- X,Y,Z Vertex 1 {m}
  12, 24, 0,                              !- X,Y,Z Vertex 2 {m}
  12, 29, 0,                              !- X,Y,Z Vertex 3 {m}
  12, 29, 2.4384;                         !- X,Y,Z Vertex 4 {m}

OS:Surface,
  {ae4e31c3-b892-4393-9c7a-69a0c3b78f6c}, !- Handle
  Face 240,                               !- Name
  Wall,                                   !- Surface Type
  ,                                       !- Construction Name
  {61e4894f-6526-4fde-a9dd-da2864260e92}, !- Space Name
  Surface,                                !- Outside Boundary Condition
  {8befa9b9-e0fe-4a58-971f-03210c485a97}, !- Outside Boundary Condition Object
  NoSun,                                  !- Sun Exposure
  NoWind,                                 !- Wind Exposure
  ,                                       !- View Factor to Ground
  ,                                       !- Number of Vertices
  12, 19, 2.4384,                         !- X,Y,Z Vertex 1 {m}
  12, 19, 0,                              !- X,Y,Z Vertex 2 {m}
  12, 24, 0,                              !- X,Y,Z Vertex 3 {m}
  12, 24, 2.4384;                         !- X,Y,Z Vertex 4 {m}

OS:Surface,
  {1fd608c7-5df4-451d-9a5e-13e2dd1ff5a2}, !- Handle
  Face 238,                               !- Name
  Wall,                                   !- Surface Type
  ,                                       !- Construction Name
  {61e4894f-6526-4fde-a9dd-da2864260e92}, !- Space Name
  Surface,                                !- Outside Boundary Condition
  {1d608a87-cb6d-4bce-a796-e424bf344257}, !- Outside Boundary Condition Object
  NoSun,                                  !- Sun Exposure
  NoWind,                                 !- Wind Exposure
  ,                                       !- View Factor to Ground
  ,                                       !- Number of Vertices
  12, 29, 2.4384,                         !- X,Y,Z Vertex 1 {m}
  12, 29, 0,                              !- X,Y,Z Vertex 2 {m}
  12, 33, 0,                              !- X,Y,Z Vertex 3 {m}
  12, 33, 2.4384;                         !- X,Y,Z Vertex 4 {m}

OS:Surface,
  {14ce1a83-fd5f-42df-8e3e-685306a0ca07}, !- Handle
  Face 234,                               !- Name
  Wall,                                   !- Surface Type
  ,                                       !- Construction Name
  {61e4894f-6526-4fde-a9dd-da2864260e92}, !- Space Name
  Surface,                                !- Outside Boundary Condition
  {0364293a-f110-451f-addf-1c81fa966b79}, !- Outside Boundary Condition Object
  NoSun,                                  !- Sun Exposure
  NoWind,                                 !- Wind Exposure
  ,                                       !- View Factor to Ground
  ,                                       !- Number of Vertices
  2, 26, 2.4384,                          !- X,Y,Z Vertex 1 {m}
  2, 26, 0,                               !- X,Y,Z Vertex 2 {m}
  2, 17, 0,                               !- X,Y,Z Vertex 3 {m}
  2, 17, 2.4384;                          !- X,Y,Z Vertex 4 {m}

OS:Surface,
  {5e0fbb3f-293e-45b8-aa41-a5a014612258}, !- Handle
  Face 241,                               !- Name
  Wall,                                   !- Surface Type
  ,                                       !- Construction Name
  {61e4894f-6526-4fde-a9dd-da2864260e92}, !- Space Name
  Surface,                                !- Outside Boundary Condition
  {18671f1f-8e02-4f48-9a94-d887ceef421f}, !- Outside Boundary Condition Object
  NoSun,                                  !- Sun Exposure
  NoWind,                                 !- Wind Exposure
  ,                                       !- View Factor to Ground
  ,                                       !- Number of Vertices
  12, 19, 2.4384,                         !- X,Y,Z Vertex 1 {m}
  9, 19, 2.4384,                          !- X,Y,Z Vertex 2 {m}
  9, 19, 0,                               !- X,Y,Z Vertex 3 {m}
  12, 19, 0;                              !- X,Y,Z Vertex 4 {m}

OS:SubSurface,
  {786ae22a-04c7-4df9-be39-261bbbea2dfc}, !- Handle
  Face 242,                               !- Name
  Door,                                   !- Sub Surface Type
  ,                                       !- Construction Name
  {5e0fbb3f-293e-45b8-aa41-a5a014612258}, !- Surface Name
  {fc55ec76-3d31-42d9-920e-5640d1b4377d}, !- Outside Boundary Condition Object
  ,                                       !- View Factor to Ground
  ,                                       !- Frame and Divider Name
  ,                                       !- Multiplier
  ,                                       !- Number of Vertices
  9.5, 19, 2.033016,                      !- X,Y,Z Vertex 1 {m}
  9.5, 19, 0,                             !- X,Y,Z Vertex 2 {m}
  10.5, 19, 0,                            !- X,Y,Z Vertex 3 {m}
  10.5, 19, 2.033016;                     !- X,Y,Z Vertex 4 {m}

OS:Surface,
  {0cf2a76f-b9a6-48f2-9aac-4fd088eb4a03}, !- Handle
  Face 230,                               !- Name
  Floor,                                  !- Surface Type
  ,                                       !- Construction Name
  {61e4894f-6526-4fde-a9dd-da2864260e92}, !- Space Name
  Ground,                                 !- Outside Boundary Condition
  ,                                       !- Outside Boundary Condition Object
  NoSun,                                  !- Sun Exposure
  NoWind,                                 !- Wind Exposure
  ,                                       !- View Factor to Ground
  ,                                       !- Number of Vertices
  3, 14, 0,                               !- X,Y,Z Vertex 1 {m}
  2, 14, 0,                               !- X,Y,Z Vertex 2 {m}
  2, 17, 0,                               !- X,Y,Z Vertex 3 {m}
  2, 26, 0,                               !- X,Y,Z Vertex 4 {m}
  2, 33, 0,                               !- X,Y,Z Vertex 5 {m}
  12, 33, 0,                              !- X,Y,Z Vertex 6 {m}
  12, 29, 0,                              !- X,Y,Z Vertex 7 {m}
  12, 24, 0,                              !- X,Y,Z Vertex 8 {m}
  12, 19, 0,                              !- X,Y,Z Vertex 9 {m}
  9, 19, 0,                               !- X,Y,Z Vertex 10 {m}
  9, 14, 0;                               !- X,Y,Z Vertex 11 {m}

OS:Surface,
  {cbd34515-a149-4ce3-951e-b8964e893f93}, !- Handle
  Face 231,                               !- Name
  RoofCeiling,                            !- Surface Type
  ,                                       !- Construction Name
  {61e4894f-6526-4fde-a9dd-da2864260e92}, !- Space Name
  Outdoors,                               !- Outside Boundary Condition
  ,                                       !- Outside Boundary Condition Object
  SunExposed,                             !- Sun Exposure
  WindExposed,                            !- Wind Exposure
  ,                                       !- View Factor to Ground
  ,                                       !- Number of Vertices
  9, 14, 2.4384,                          !- X,Y,Z Vertex 1 {m}
  9, 19, 2.4384,                          !- X,Y,Z Vertex 2 {m}
  12, 19, 2.4384,                         !- X,Y,Z Vertex 3 {m}
  12, 24, 2.4384,                         !- X,Y,Z Vertex 4 {m}
  12, 29, 2.4384,                         !- X,Y,Z Vertex 5 {m}
  12, 33, 2.4384,                         !- X,Y,Z Vertex 6 {m}
  2, 33, 2.4384,                          !- X,Y,Z Vertex 7 {m}
  2, 26, 2.4384,                          !- X,Y,Z Vertex 8 {m}
  2, 17, 2.4384,                          !- X,Y,Z Vertex 9 {m}
  2, 14, 2.4384,                          !- X,Y,Z Vertex 10 {m}
  3, 14, 2.4384;                          !- X,Y,Z Vertex 11 {m}

OS:Surface,
  {bf61299a-5772-4e9e-8dd7-68c01855be27}, !- Handle
  Face 196,                               !- Name
  RoofCeiling,                            !- Surface Type
  ,                                       !- Construction Name
  {a1a32cf4-5c1f-46cd-89e5-6d865e10cc5e}, !- Space Name
  Outdoors,                               !- Outside Boundary Condition
  ,                                       !- Outside Boundary Condition Object
  SunExposed,                             !- Sun Exposure
  WindExposed,                            !- Wind Exposure
  ,                                       !- View Factor to Ground
  ,                                       !- Number of Vertices
  12, 19, 2.4384,                         !- X,Y,Z Vertex 1 {m}
  12, 14, 2.4384,                         !- X,Y,Z Vertex 2 {m}
  19, 14, 2.4384,                         !- X,Y,Z Vertex 3 {m}
  19, 19, 2.4384;                         !- X,Y,Z Vertex 4 {m}

OS:Surface,
  {5b30e2ce-4088-48c3-9eaa-3ea75b2bff9c}, !- Handle
  Face 195,                               !- Name
  Floor,                                  !- Surface Type
  ,                                       !- Construction Name
  {a1a32cf4-5c1f-46cd-89e5-6d865e10cc5e}, !- Space Name
  Ground,                                 !- Outside Boundary Condition
  ,                                       !- Outside Boundary Condition Object
  NoSun,                                  !- Sun Exposure
  NoWind,                                 !- Wind Exposure
  ,                                       !- View Factor to Ground
  ,                                       !- Number of Vertices
  19, 19, 0,                              !- X,Y,Z Vertex 1 {m}
  19, 14, 0,                              !- X,Y,Z Vertex 2 {m}
  12, 14, 0,                              !- X,Y,Z Vertex 3 {m}
  12, 19, 0;                              !- X,Y,Z Vertex 4 {m}

OS:Surface,
  {0cf82be5-861c-4636-90af-95acaa93584d}, !- Handle
  Face 197,                               !- Name
  Wall,                                   !- Surface Type
  ,                                       !- Construction Name
  {a1a32cf4-5c1f-46cd-89e5-6d865e10cc5e}, !- Space Name
  Surface,                                !- Outside Boundary Condition
  {36ff7e40-85f8-47e6-b526-fb7e0fd8484f}, !- Outside Boundary Condition Object
  NoSun,                                  !- Sun Exposure
  NoWind,                                 !- Wind Exposure
  ,                                       !- View Factor to Ground
  ,                                       !- Number of Vertices
  19, 19, 2.4384,                         !- X,Y,Z Vertex 1 {m}
  19, 14, 2.4384,                         !- X,Y,Z Vertex 2 {m}
  19, 14, 0,                              !- X,Y,Z Vertex 3 {m}
  19, 19, 0;                              !- X,Y,Z Vertex 4 {m}

OS:SubSurface,
  {43b9b7ef-fb8b-4f6d-86fe-1325b4db0d96}, !- Handle
  Face 198,                               !- Name
  Door,                                   !- Sub Surface Type
  ,                                       !- Construction Name
  {0cf82be5-861c-4636-90af-95acaa93584d}, !- Surface Name
  {f0393489-d77c-49c8-b000-28458a335dc5}, !- Outside Boundary Condition Object
  ,                                       !- View Factor to Ground
  ,                                       !- Frame and Divider Name
  ,                                       !- Multiplier
  ,                                       !- Number of Vertices
  19, 14.5, 2.033016,                     !- X,Y,Z Vertex 1 {m}
  19, 14.5, 0,                            !- X,Y,Z Vertex 2 {m}
  19, 15.5, 0,                            !- X,Y,Z Vertex 3 {m}
  19, 15.5, 2.033016;                     !- X,Y,Z Vertex 4 {m}

OS:Surface,
  {b46b3175-e979-4d3b-ba27-6ba6e38a06e0}, !- Handle
  Face 199,                               !- Name
  Wall,                                   !- Surface Type
  ,                                       !- Construction Name
  {a1a32cf4-5c1f-46cd-89e5-6d865e10cc5e}, !- Space Name
  Surface,                                !- Outside Boundary Condition
  {f3cbc563-a880-4eea-be96-bf458ac5097b}, !- Outside Boundary Condition Object
  NoSun,                                  !- Sun Exposure
  NoWind,                                 !- Wind Exposure
  ,                                       !- View Factor to Ground
  ,                                       !- Number of Vertices
  12, 14, 2.4384,                         !- X,Y,Z Vertex 1 {m}
  12, 14, 0,                              !- X,Y,Z Vertex 2 {m}
  19, 14, 0,                              !- X,Y,Z Vertex 3 {m}
  19, 14, 2.4384;                         !- X,Y,Z Vertex 4 {m}

OS:Surface,
  {c871a148-5930-4492-8f30-81698462cb1c}, !- Handle
  Face 200,                               !- Name
  Wall,                                   !- Surface Type
  ,                                       !- Construction Name
  {a1a32cf4-5c1f-46cd-89e5-6d865e10cc5e}, !- Space Name
  Surface,                                !- Outside Boundary Condition
  {0efc71bc-2ae7-4e82-b4d4-e15f7562ccbd}, !- Outside Boundary Condition Object
  NoSun,                                  !- Sun Exposure
  NoWind,                                 !- Wind Exposure
  ,                                       !- View Factor to Ground
  ,                                       !- Number of Vertices
  12, 19, 2.4384,                         !- X,Y,Z Vertex 1 {m}
  12, 19, 0,                              !- X,Y,Z Vertex 2 {m}
  12, 14, 0,                              !- X,Y,Z Vertex 3 {m}
  12, 14, 2.4384;                         !- X,Y,Z Vertex 4 {m}

OS:Surface,
  {e3660f11-40af-4d31-aeb3-494866ed3692}, !- Handle
  Face 201,                               !- Name
  Wall,                                   !- Surface Type
  ,                                       !- Construction Name
  {a1a32cf4-5c1f-46cd-89e5-6d865e10cc5e}, !- Space Name
  Surface,                                !- Outside Boundary Condition
  {816aabc3-91c6-4098-ab60-6917a524071f}, !- Outside Boundary Condition Object
  NoSun,                                  !- Sun Exposure
  NoWind,                                 !- Wind Exposure
  ,                                       !- View Factor to Ground
  ,                                       !- Number of Vertices
  19, 19, 2.4384,                         !- X,Y,Z Vertex 1 {m}
  19, 19, 0,                              !- X,Y,Z Vertex 2 {m}
  12, 19, 0,                              !- X,Y,Z Vertex 3 {m}
  12, 19, 2.4384;                         !- X,Y,Z Vertex 4 {m}

OS:Surface,
  {c6ac4d38-2ad3-48c1-bbfe-27fcc112f05c}, !- Handle
  Face 173,                               !- Name
  Wall,                                   !- Surface Type
  ,                                       !- Construction Name
  {35af7b1f-8827-4831-9432-853f6aee7adb}, !- Space Name
  Surface,                                !- Outside Boundary Condition
  {af4fc609-fe70-43a2-a2cd-813adddb1024}, !- Outside Boundary Condition Object
  NoSun,                                  !- Sun Exposure
  NoWind,                                 !- Wind Exposure
  ,                                       !- View Factor to Ground
  ,                                       !- Number of Vertices
  28, 21, 2.4384,                         !- X,Y,Z Vertex 1 {m}
  28, 21, 0,                              !- X,Y,Z Vertex 2 {m}
  28, 17, 0,                              !- X,Y,Z Vertex 3 {m}
  28, 17, 2.4384;                         !- X,Y,Z Vertex 4 {m}

OS:Surface,
  {70a640be-946e-4d1e-887f-9f14a92e3592}, !- Handle
  Face 177,                               !- Name
  Wall,                                   !- Surface Type
  ,                                       !- Construction Name
  {35af7b1f-8827-4831-9432-853f6aee7adb}, !- Space Name
  Surface,                                !- Outside Boundary Condition
  {e6ca4928-ae40-49d2-8c13-449672b601e9}, !- Outside Boundary Condition Object
  NoSun,                                  !- Sun Exposure
  NoWind,                                 !- Wind Exposure
  ,                                       !- View Factor to Ground
  ,                                       !- Number of Vertices
  30, 17, 2.4384,                         !- X,Y,Z Vertex 1 {m}
  30, 17, 0,                              !- X,Y,Z Vertex 2 {m}
  30, 19, 0,                              !- X,Y,Z Vertex 3 {m}
  30, 19, 2.4384;                         !- X,Y,Z Vertex 4 {m}

OS:Surface,
  {802fb473-7b1e-4a95-bd44-94d737f42358}, !- Handle
  Face 171,                               !- Name
  Floor,                                  !- Surface Type
  ,                                       !- Construction Name
  {35af7b1f-8827-4831-9432-853f6aee7adb}, !- Space Name
  Ground,                                 !- Outside Boundary Condition
  ,                                       !- Outside Boundary Condition Object
  NoSun,                                  !- Sun Exposure
  NoWind,                                 !- Wind Exposure
  ,                                       !- View Factor to Ground
  ,                                       !- Number of Vertices
  28, 17, 0,                              !- X,Y,Z Vertex 1 {m}
  28, 21, 0,                              !- X,Y,Z Vertex 2 {m}
  30, 21, 0,                              !- X,Y,Z Vertex 3 {m}
  30, 19, 0,                              !- X,Y,Z Vertex 4 {m}
  30, 17, 0;                              !- X,Y,Z Vertex 5 {m}

OS:Surface,
  {d96bcf3d-1e33-4054-bc49-ad2619e9d1a1}, !- Handle
  Face 174,                               !- Name
  Wall,                                   !- Surface Type
  ,                                       !- Construction Name
  {35af7b1f-8827-4831-9432-853f6aee7adb}, !- Space Name
  Surface,                                !- Outside Boundary Condition
  {139140fa-0d54-4f88-b2ae-b78ee367e14d}, !- Outside Boundary Condition Object
  NoSun,                                  !- Sun Exposure
  NoWind,                                 !- Wind Exposure
  ,                                       !- View Factor to Ground
  ,                                       !- Number of Vertices
  28, 21, 2.4384,                         !- X,Y,Z Vertex 1 {m}
  30, 21, 2.4384,                         !- X,Y,Z Vertex 2 {m}
  30, 21, 0,                              !- X,Y,Z Vertex 3 {m}
  28, 21, 0;                              !- X,Y,Z Vertex 4 {m}

OS:SubSurface,
  {48c90b61-0ddc-4279-80cb-49e74cf3bf2d}, !- Handle
  Face 175,                               !- Name
  Door,                                   !- Sub Surface Type
  ,                                       !- Construction Name
  {d96bcf3d-1e33-4054-bc49-ad2619e9d1a1}, !- Surface Name
  {5e104048-6842-4273-94fa-ef44a9cd102f}, !- Outside Boundary Condition Object
  ,                                       !- View Factor to Ground
  ,                                       !- Frame and Divider Name
  ,                                       !- Multiplier
  ,                                       !- Number of Vertices
  29.5, 21, 2.033016,                     !- X,Y,Z Vertex 1 {m}
  29.5, 21, 0,                            !- X,Y,Z Vertex 2 {m}
  28.5, 21, 0,                            !- X,Y,Z Vertex 3 {m}
  28.5, 21, 2.033016;                     !- X,Y,Z Vertex 4 {m}

OS:Surface,
  {0a7600b5-100e-4ebe-8e1a-9db68828b20c}, !- Handle
  Face 178,                               !- Name
  Wall,                                   !- Surface Type
  ,                                       !- Construction Name
  {35af7b1f-8827-4831-9432-853f6aee7adb}, !- Space Name
  Surface,                                !- Outside Boundary Condition
  {a31608aa-3464-4e2f-bc44-9c3910ad598a}, !- Outside Boundary Condition Object
  NoSun,                                  !- Sun Exposure
  NoWind,                                 !- Wind Exposure
  ,                                       !- View Factor to Ground
  ,                                       !- Number of Vertices
  28, 17, 2.4384,                         !- X,Y,Z Vertex 1 {m}
  28, 17, 0,                              !- X,Y,Z Vertex 2 {m}
  30, 17, 0,                              !- X,Y,Z Vertex 3 {m}
  30, 17, 2.4384;                         !- X,Y,Z Vertex 4 {m}

OS:Surface,
  {2f192d62-4a12-4b83-802f-df05fa135c5f}, !- Handle
  Face 176,                               !- Name
  Wall,                                   !- Surface Type
  ,                                       !- Construction Name
  {35af7b1f-8827-4831-9432-853f6aee7adb}, !- Space Name
  Surface,                                !- Outside Boundary Condition
  {61cdc4d4-a0f3-431e-a1a0-2603a4cdea5b}, !- Outside Boundary Condition Object
  NoSun,                                  !- Sun Exposure
  NoWind,                                 !- Wind Exposure
  ,                                       !- View Factor to Ground
  ,                                       !- Number of Vertices
  30, 19, 2.4384,                         !- X,Y,Z Vertex 1 {m}
  30, 19, 0,                              !- X,Y,Z Vertex 2 {m}
  30, 21, 0,                              !- X,Y,Z Vertex 3 {m}
  30, 21, 2.4384;                         !- X,Y,Z Vertex 4 {m}

OS:Surface,
  {947535f7-9a55-42de-8715-2c47b09c2216}, !- Handle
  Face 172,                               !- Name
  RoofCeiling,                            !- Surface Type
  ,                                       !- Construction Name
  {35af7b1f-8827-4831-9432-853f6aee7adb}, !- Space Name
  Outdoors,                               !- Outside Boundary Condition
  ,                                       !- Outside Boundary Condition Object
  SunExposed,                             !- Sun Exposure
  WindExposed,                            !- Wind Exposure
  ,                                       !- View Factor to Ground
  ,                                       !- Number of Vertices
  30, 17, 2.4384,                         !- X,Y,Z Vertex 1 {m}
  30, 19, 2.4384,                         !- X,Y,Z Vertex 2 {m}
  30, 21, 2.4384,                         !- X,Y,Z Vertex 3 {m}
  28, 21, 2.4384,                         !- X,Y,Z Vertex 4 {m}
  28, 17, 2.4384;                         !- X,Y,Z Vertex 5 {m}

OS:Surface,
  {08474383-7307-4694-bea4-96481cc5bdef}, !- Handle
  Face 378,                               !- Name
  Floor,                                  !- Surface Type
  ,                                       !- Construction Name
  {0d5592fd-7c92-4e3b-bd4a-e00e00e8ffd0}, !- Space Name
  Ground,                                 !- Outside Boundary Condition
  ,                                       !- Outside Boundary Condition Object
  NoSun,                                  !- Sun Exposure
  NoWind,                                 !- Wind Exposure
  ,                                       !- View Factor to Ground
  ,                                       !- Number of Vertices
  -28, 29, 0,                             !- X,Y,Z Vertex 1 {m}
  -28, 33, 0,                             !- X,Y,Z Vertex 2 {m}
  -22, 33, 0,                             !- X,Y,Z Vertex 3 {m}
  -22, 29, 0;                             !- X,Y,Z Vertex 4 {m}

OS:Surface,
  {0ff66906-4a45-48e3-b073-2c816b3d8480}, !- Handle
  Face 379,                               !- Name
  RoofCeiling,                            !- Surface Type
  ,                                       !- Construction Name
  {0d5592fd-7c92-4e3b-bd4a-e00e00e8ffd0}, !- Space Name
  Outdoors,                               !- Outside Boundary Condition
  ,                                       !- Outside Boundary Condition Object
  SunExposed,                             !- Sun Exposure
  WindExposed,                            !- Wind Exposure
  ,                                       !- View Factor to Ground
  ,                                       !- Number of Vertices
  -22, 29, 2.4384,                        !- X,Y,Z Vertex 1 {m}
  -22, 33, 2.4384,                        !- X,Y,Z Vertex 2 {m}
  -28, 33, 2.4384,                        !- X,Y,Z Vertex 3 {m}
  -28, 29, 2.4384;                        !- X,Y,Z Vertex 4 {m}

OS:Surface,
  {a904c8a9-779f-42a0-b2da-052fabe85566}, !- Handle
  Face 380,                               !- Name
  Wall,                                   !- Surface Type
  ,                                       !- Construction Name
  {0d5592fd-7c92-4e3b-bd4a-e00e00e8ffd0}, !- Space Name
  Surface,                                !- Outside Boundary Condition
  {260fe33a-7b44-4627-8c3a-44dab54adda4}, !- Outside Boundary Condition Object
  NoSun,                                  !- Sun Exposure
  NoWind,                                 !- Wind Exposure
  ,                                       !- View Factor to Ground
  ,                                       !- Number of Vertices
  -28, 29, 2.4384,                        !- X,Y,Z Vertex 1 {m}
  -28, 33, 2.4384,                        !- X,Y,Z Vertex 2 {m}
  -28, 33, 0,                             !- X,Y,Z Vertex 3 {m}
  -28, 29, 0;                             !- X,Y,Z Vertex 4 {m}

OS:SubSurface,
  {6c41ccd5-68c7-46e0-ac8b-dc6f3bd98929}, !- Handle
  Face 381,                               !- Name
  Door,                                   !- Sub Surface Type
  ,                                       !- Construction Name
  {a904c8a9-779f-42a0-b2da-052fabe85566}, !- Surface Name
  {ec3de426-de80-4ac6-9532-073c924b8113}, !- Outside Boundary Condition Object
  ,                                       !- View Factor to Ground
  ,                                       !- Frame and Divider Name
  ,                                       !- Multiplier
  ,                                       !- Number of Vertices
  -28, 30.5, 2.033016,                    !- X,Y,Z Vertex 1 {m}
  -28, 30.5, 0,                           !- X,Y,Z Vertex 2 {m}
  -28, 29.5, 0,                           !- X,Y,Z Vertex 3 {m}
  -28, 29.5, 2.033016;                    !- X,Y,Z Vertex 4 {m}

OS:Surface,
  {c140904d-7f57-40b0-bac7-3d811df98d58}, !- Handle
  Face 382,                               !- Name
  Wall,                                   !- Surface Type
  ,                                       !- Construction Name
  {0d5592fd-7c92-4e3b-bd4a-e00e00e8ffd0}, !- Space Name
  Surface,                                !- Outside Boundary Condition
  {75e1a4e2-5ef5-4837-aa8a-daf38a8cd1ea}, !- Outside Boundary Condition Object
  NoSun,                                  !- Sun Exposure
  NoWind,                                 !- Wind Exposure
  ,                                       !- View Factor to Ground
  ,                                       !- Number of Vertices
  -22, 33, 2.4384,                        !- X,Y,Z Vertex 1 {m}
  -22, 33, 0,                             !- X,Y,Z Vertex 2 {m}
  -28, 33, 0,                             !- X,Y,Z Vertex 3 {m}
  -28, 33, 2.4384;                        !- X,Y,Z Vertex 4 {m}

OS:Surface,
  {6f4f4e35-5db9-484f-8d95-9049683f1701}, !- Handle
  Face 385,                               !- Name
  Wall,                                   !- Surface Type
  ,                                       !- Construction Name
  {0d5592fd-7c92-4e3b-bd4a-e00e00e8ffd0}, !- Space Name
  Surface,                                !- Outside Boundary Condition
  {b6fe3af8-367d-4e7a-a8dd-8aec3026dc3f}, !- Outside Boundary Condition Object
  NoSun,                                  !- Sun Exposure
  NoWind,                                 !- Wind Exposure
  ,                                       !- View Factor to Ground
  ,                                       !- Number of Vertices
  -28, 29, 2.4384,                        !- X,Y,Z Vertex 1 {m}
  -28, 29, 0,                             !- X,Y,Z Vertex 2 {m}
  -22, 29, 0,                             !- X,Y,Z Vertex 3 {m}
  -22, 29, 2.4384;                        !- X,Y,Z Vertex 4 {m}

OS:Surface,
  {854fe928-8fa9-4e5b-9895-d777db8ac092}, !- Handle
  Face 383,                               !- Name
  Wall,                                   !- Surface Type
  ,                                       !- Construction Name
  {0d5592fd-7c92-4e3b-bd4a-e00e00e8ffd0}, !- Space Name
  Surface,                                !- Outside Boundary Condition
  {3607d7f7-e154-45b4-b66e-e14e258cb6c5}, !- Outside Boundary Condition Object
  NoSun,                                  !- Sun Exposure
  NoWind,                                 !- Wind Exposure
  ,                                       !- View Factor to Ground
  ,                                       !- Number of Vertices
  -22, 33, 2.4384,                        !- X,Y,Z Vertex 1 {m}
  -22, 29, 2.4384,                        !- X,Y,Z Vertex 2 {m}
  -22, 29, 0,                             !- X,Y,Z Vertex 3 {m}
  -22, 33, 0;                             !- X,Y,Z Vertex 4 {m}

OS:SubSurface,
  {cc197dc7-291b-4b01-b69d-2417b37bc07a}, !- Handle
  Face 384,                               !- Name
  Door,                                   !- Sub Surface Type
  ,                                       !- Construction Name
  {854fe928-8fa9-4e5b-9895-d777db8ac092}, !- Surface Name
  {b4aa29ec-0a32-4ff7-8e27-8b6e8fa2f6ca}, !- Outside Boundary Condition Object
  ,                                       !- View Factor to Ground
  ,                                       !- Frame and Divider Name
  ,                                       !- Multiplier
  ,                                       !- Number of Vertices
  -22, 29.5, 2.033016,                    !- X,Y,Z Vertex 1 {m}
  -22, 29.5, 0,                           !- X,Y,Z Vertex 2 {m}
  -22, 30.5, 0,                           !- X,Y,Z Vertex 3 {m}
  -22, 30.5, 2.033016;                    !- X,Y,Z Vertex 4 {m}

OS:Surface,
  {8634d57e-5d34-41b5-b8fc-1fd6e0ce5511}, !- Handle
  Face 396,                               !- Name
  Wall,                                   !- Surface Type
  ,                                       !- Construction Name
  {6f59c4c1-33df-405b-b3e4-c289a3d19e8c}, !- Space Name
  Surface,                                !- Outside Boundary Condition
  {8a1fb1d4-f564-4d0f-af95-e9d59a8e1565}, !- Outside Boundary Condition Object
  NoSun,                                  !- Sun Exposure
  NoWind,                                 !- Wind Exposure
  ,                                       !- View Factor to Ground
  ,                                       !- Number of Vertices
  -35, 11, 2.4384,                        !- X,Y,Z Vertex 1 {m}
  -35, 13, 2.4384,                        !- X,Y,Z Vertex 2 {m}
  -35, 13, 0,                             !- X,Y,Z Vertex 3 {m}
  -35, 11, 0;                             !- X,Y,Z Vertex 4 {m}

OS:SubSurface,
  {73a1d748-b618-40ef-9f08-1c4fbe9abc23}, !- Handle
  Face 397,                               !- Name
  Door,                                   !- Sub Surface Type
  ,                                       !- Construction Name
  {8634d57e-5d34-41b5-b8fc-1fd6e0ce5511}, !- Surface Name
  {e5348f5d-f18e-47e8-afeb-8ccda5fb6f30}, !- Outside Boundary Condition Object
  ,                                       !- View Factor to Ground
  ,                                       !- Frame and Divider Name
  ,                                       !- Multiplier
  ,                                       !- Number of Vertices
  -35, 12.5, 2.033016,                    !- X,Y,Z Vertex 1 {m}
  -35, 12.5, 0,                           !- X,Y,Z Vertex 2 {m}
  -35, 11.5, 0,                           !- X,Y,Z Vertex 3 {m}
  -35, 11.5, 2.033016;                    !- X,Y,Z Vertex 4 {m}

OS:Surface,
  {5f88707f-9137-45c3-b937-64d4e210e323}, !- Handle
  Face 394,                               !- Name
  Floor,                                  !- Surface Type
  ,                                       !- Construction Name
  {6f59c4c1-33df-405b-b3e4-c289a3d19e8c}, !- Space Name
  Ground,                                 !- Outside Boundary Condition
  ,                                       !- Outside Boundary Condition Object
  NoSun,                                  !- Sun Exposure
  NoWind,                                 !- Wind Exposure
  ,                                       !- View Factor to Ground
  ,                                       !- Number of Vertices
  -35, 11, 0,                             !- X,Y,Z Vertex 1 {m}
  -35, 13, 0,                             !- X,Y,Z Vertex 2 {m}
  -35, 14, 0,                             !- X,Y,Z Vertex 3 {m}
  -29, 14, 0,                             !- X,Y,Z Vertex 4 {m}
  -29, 11, 0;                             !- X,Y,Z Vertex 5 {m}

OS:Surface,
  {eef19434-2033-4529-b2c3-2d8d552e235b}, !- Handle
  Face 399,                               !- Name
  Wall,                                   !- Surface Type
  ,                                       !- Construction Name
  {6f59c4c1-33df-405b-b3e4-c289a3d19e8c}, !- Space Name
  Surface,                                !- Outside Boundary Condition
  {1fa7d229-fb6c-41eb-af16-59139bec861d}, !- Outside Boundary Condition Object
  NoSun,                                  !- Sun Exposure
  NoWind,                                 !- Wind Exposure
  ,                                       !- View Factor to Ground
  ,                                       !- Number of Vertices
  -29, 14, 2.4384,                        !- X,Y,Z Vertex 1 {m}
  -29, 14, 0,                             !- X,Y,Z Vertex 2 {m}
  -35, 14, 0,                             !- X,Y,Z Vertex 3 {m}
  -35, 14, 2.4384;                        !- X,Y,Z Vertex 4 {m}

OS:Surface,
  {d97528e4-3f08-485a-8d0b-5e839d92a725}, !- Handle
  Face 395,                               !- Name
  RoofCeiling,                            !- Surface Type
  ,                                       !- Construction Name
  {6f59c4c1-33df-405b-b3e4-c289a3d19e8c}, !- Space Name
  Outdoors,                               !- Outside Boundary Condition
  ,                                       !- Outside Boundary Condition Object
  SunExposed,                             !- Sun Exposure
  WindExposed,                            !- Wind Exposure
  ,                                       !- View Factor to Ground
  ,                                       !- Number of Vertices
  -29, 11, 2.4384,                        !- X,Y,Z Vertex 1 {m}
  -29, 14, 2.4384,                        !- X,Y,Z Vertex 2 {m}
  -35, 14, 2.4384,                        !- X,Y,Z Vertex 3 {m}
  -35, 13, 2.4384,                        !- X,Y,Z Vertex 4 {m}
  -35, 11, 2.4384;                        !- X,Y,Z Vertex 5 {m}

OS:Surface,
  {3571453f-1875-443a-81c0-311eba66a1db}, !- Handle
  Face 402,                               !- Name
  Wall,                                   !- Surface Type
  ,                                       !- Construction Name
  {6f59c4c1-33df-405b-b3e4-c289a3d19e8c}, !- Space Name
  Surface,                                !- Outside Boundary Condition
  {cace94a1-83e6-4fa5-9b55-ef911983a834}, !- Outside Boundary Condition Object
  NoSun,                                  !- Sun Exposure
  NoWind,                                 !- Wind Exposure
  ,                                       !- View Factor to Ground
  ,                                       !- Number of Vertices
  -35, 11, 2.4384,                        !- X,Y,Z Vertex 1 {m}
  -35, 11, 0,                             !- X,Y,Z Vertex 2 {m}
  -29, 11, 0,                             !- X,Y,Z Vertex 3 {m}
  -29, 11, 2.4384;                        !- X,Y,Z Vertex 4 {m}

OS:Surface,
  {aa9fe80f-d7ab-42c7-b55c-98161f13caba}, !- Handle
  Face 400,                               !- Name
  Wall,                                   !- Surface Type
  ,                                       !- Construction Name
  {6f59c4c1-33df-405b-b3e4-c289a3d19e8c}, !- Space Name
  Surface,                                !- Outside Boundary Condition
  {28e7412b-7b38-446c-a1b8-80a0673061ae}, !- Outside Boundary Condition Object
  NoSun,                                  !- Sun Exposure
  NoWind,                                 !- Wind Exposure
  ,                                       !- View Factor to Ground
  ,                                       !- Number of Vertices
  -29, 14, 2.4384,                        !- X,Y,Z Vertex 1 {m}
  -29, 11, 2.4384,                        !- X,Y,Z Vertex 2 {m}
  -29, 11, 0,                             !- X,Y,Z Vertex 3 {m}
  -29, 14, 0;                             !- X,Y,Z Vertex 4 {m}

OS:SubSurface,
  {9782ad18-2f23-455d-8815-603025cc3276}, !- Handle
  Face 401,                               !- Name
  Door,                                   !- Sub Surface Type
  ,                                       !- Construction Name
  {aa9fe80f-d7ab-42c7-b55c-98161f13caba}, !- Surface Name
  {a3476eaf-0d45-467e-ab1e-0a9203211c0a}, !- Outside Boundary Condition Object
  ,                                       !- View Factor to Ground
  ,                                       !- Frame and Divider Name
  ,                                       !- Multiplier
  ,                                       !- Number of Vertices
  -29, 12.5, 2.033016,                    !- X,Y,Z Vertex 1 {m}
  -29, 12.5, 0,                           !- X,Y,Z Vertex 2 {m}
  -29, 13.5, 0,                           !- X,Y,Z Vertex 3 {m}
  -29, 13.5, 2.033016;                    !- X,Y,Z Vertex 4 {m}

OS:Surface,
  {586e1bd7-4773-4352-98cc-a33b8a619834}, !- Handle
  Face 398,                               !- Name
  Wall,                                   !- Surface Type
  ,                                       !- Construction Name
  {6f59c4c1-33df-405b-b3e4-c289a3d19e8c}, !- Space Name
  Surface,                                !- Outside Boundary Condition
  {74324437-b16c-4039-ae54-aa14570adf8a}, !- Outside Boundary Condition Object
  NoSun,                                  !- Sun Exposure
  NoWind,                                 !- Wind Exposure
  ,                                       !- View Factor to Ground
  ,                                       !- Number of Vertices
  -35, 14, 2.4384,                        !- X,Y,Z Vertex 1 {m}
  -35, 14, 0,                             !- X,Y,Z Vertex 2 {m}
  -35, 13, 0,                             !- X,Y,Z Vertex 3 {m}
  -35, 13, 2.4384;                        !- X,Y,Z Vertex 4 {m}

OS:Surface,
  {bb2096cc-4054-40d9-b5b3-8f33055417af}, !- Handle
  Face 321,                               !- Name
  Wall,                                   !- Surface Type
  ,                                       !- Construction Name
  {d90c038d-bd16-4aa0-bbe9-723b1b719d66}, !- Space Name
  Surface,                                !- Outside Boundary Condition
  {7bf48bf7-14b3-4500-b22d-416b88a4965c}, !- Outside Boundary Condition Object
  NoSun,                                  !- Sun Exposure
  NoWind,                                 !- Wind Exposure
  ,                                       !- View Factor to Ground
  ,                                       !- Number of Vertices
  -10, 26, 2.4384,                        !- X,Y,Z Vertex 1 {m}
  -10, 26, 0,                             !- X,Y,Z Vertex 2 {m}
  -10, 30, 0,                             !- X,Y,Z Vertex 3 {m}
  -10, 30, 2.4384;                        !- X,Y,Z Vertex 4 {m}

OS:Surface,
  {dd3d398d-2fe7-42d3-8c61-2b295c57a095}, !- Handle
  Face 311,                               !- Name
  Floor,                                  !- Surface Type
  ,                                       !- Construction Name
  {d90c038d-bd16-4aa0-bbe9-723b1b719d66}, !- Space Name
  Ground,                                 !- Outside Boundary Condition
  ,                                       !- Outside Boundary Condition Object
  NoSun,                                  !- Sun Exposure
  NoWind,                                 !- Wind Exposure
  ,                                       !- View Factor to Ground
  ,                                       !- Number of Vertices
  -19, 14, 0,                             !- X,Y,Z Vertex 1 {m}
  -20, 14, 0,                             !- X,Y,Z Vertex 2 {m}
  -20, 29, 0,                             !- X,Y,Z Vertex 3 {m}
  -17, 29, 0,                             !- X,Y,Z Vertex 4 {m}
  -17, 33, 0,                             !- X,Y,Z Vertex 5 {m}
  -10, 33, 0,                             !- X,Y,Z Vertex 6 {m}
  -10, 30, 0,                             !- X,Y,Z Vertex 7 {m}
  -10, 26, 0,                             !- X,Y,Z Vertex 8 {m}
  -10, 14, 0;                             !- X,Y,Z Vertex 9 {m}

OS:Surface,
  {549bf6d4-345a-4470-a34c-048e661d4636}, !- Handle
  Face 312,                               !- Name
  RoofCeiling,                            !- Surface Type
  ,                                       !- Construction Name
  {d90c038d-bd16-4aa0-bbe9-723b1b719d66}, !- Space Name
  Outdoors,                               !- Outside Boundary Condition
  ,                                       !- Outside Boundary Condition Object
  SunExposed,                             !- Sun Exposure
  WindExposed,                            !- Wind Exposure
  ,                                       !- View Factor to Ground
  ,                                       !- Number of Vertices
  -10, 14, 2.4384,                        !- X,Y,Z Vertex 1 {m}
  -10, 26, 2.4384,                        !- X,Y,Z Vertex 2 {m}
  -10, 30, 2.4384,                        !- X,Y,Z Vertex 3 {m}
  -10, 33, 2.4384,                        !- X,Y,Z Vertex 4 {m}
  -17, 33, 2.4384,                        !- X,Y,Z Vertex 5 {m}
  -17, 29, 2.4384,                        !- X,Y,Z Vertex 6 {m}
  -20, 29, 2.4384,                        !- X,Y,Z Vertex 7 {m}
  -20, 14, 2.4384,                        !- X,Y,Z Vertex 8 {m}
  -19, 14, 2.4384;                        !- X,Y,Z Vertex 9 {m}

OS:Surface,
  {68bfd4b4-1850-488a-b3ad-d9c262a2e4c0}, !- Handle
  Face 313,                               !- Name
  Wall,                                   !- Surface Type
  ,                                       !- Construction Name
  {d90c038d-bd16-4aa0-bbe9-723b1b719d66}, !- Space Name
  Surface,                                !- Outside Boundary Condition
  {5de11f45-af99-424d-bc6b-fcd41676ab13}, !- Outside Boundary Condition Object
  NoSun,                                  !- Sun Exposure
  NoWind,                                 !- Wind Exposure
  ,                                       !- View Factor to Ground
  ,                                       !- Number of Vertices
  -20, 14, 2.4384,                        !- X,Y,Z Vertex 1 {m}
  -20, 14, 0,                             !- X,Y,Z Vertex 2 {m}
  -19, 14, 0,                             !- X,Y,Z Vertex 3 {m}
  -19, 14, 2.4384;                        !- X,Y,Z Vertex 4 {m}

OS:Surface,
  {8fac1952-e491-4d32-9f10-9949c615e299}, !- Handle
  Face 315,                               !- Name
  Wall,                                   !- Surface Type
  ,                                       !- Construction Name
  {d90c038d-bd16-4aa0-bbe9-723b1b719d66}, !- Space Name
  Surface,                                !- Outside Boundary Condition
  {e0a6ad39-086b-4058-bda1-5283a0cb4cdd}, !- Outside Boundary Condition Object
  NoSun,                                  !- Sun Exposure
  NoWind,                                 !- Wind Exposure
  ,                                       !- View Factor to Ground
  ,                                       !- Number of Vertices
  -20, 29, 2.4384,                        !- X,Y,Z Vertex 1 {m}
  -17, 29, 2.4384,                        !- X,Y,Z Vertex 2 {m}
  -17, 29, 0,                             !- X,Y,Z Vertex 3 {m}
  -20, 29, 0;                             !- X,Y,Z Vertex 4 {m}

OS:SubSurface,
  {4b83a75f-7a81-4c3e-a2f3-19cef517c9f7}, !- Handle
  Face 316,                               !- Name
  Door,                                   !- Sub Surface Type
  ,                                       !- Construction Name
  {8fac1952-e491-4d32-9f10-9949c615e299}, !- Surface Name
  {7bd67893-f17f-49e6-8e48-d569542586fd}, !- Outside Boundary Condition Object
  ,                                       !- View Factor to Ground
  ,                                       !- Frame and Divider Name
  ,                                       !- Multiplier
  ,                                       !- Number of Vertices
  -17.5, 29, 2.033016,                    !- X,Y,Z Vertex 1 {m}
  -17.5, 29, 0,                           !- X,Y,Z Vertex 2 {m}
  -18.5, 29, 0,                           !- X,Y,Z Vertex 3 {m}
  -18.5, 29, 2.033016;                    !- X,Y,Z Vertex 4 {m}

OS:Surface,
  {7a799fba-d8a3-4cfe-abdd-26981d20e13a}, !- Handle
  Face 320,                               !- Name
  Wall,                                   !- Surface Type
  ,                                       !- Construction Name
  {d90c038d-bd16-4aa0-bbe9-723b1b719d66}, !- Space Name
  Surface,                                !- Outside Boundary Condition
  {5fbd9e73-015e-4483-a6a7-b63f3458c747}, !- Outside Boundary Condition Object
  NoSun,                                  !- Sun Exposure
  NoWind,                                 !- Wind Exposure
  ,                                       !- View Factor to Ground
  ,                                       !- Number of Vertices
  -10, 30, 2.4384,                        !- X,Y,Z Vertex 1 {m}
  -10, 30, 0,                             !- X,Y,Z Vertex 2 {m}
  -10, 33, 0,                             !- X,Y,Z Vertex 3 {m}
  -10, 33, 2.4384;                        !- X,Y,Z Vertex 4 {m}

OS:Surface,
  {b0737c4e-f271-4c3b-b08a-5ce9c3dd7d26}, !- Handle
  Face 322,                               !- Name
  Wall,                                   !- Surface Type
  ,                                       !- Construction Name
  {d90c038d-bd16-4aa0-bbe9-723b1b719d66}, !- Space Name
  Surface,                                !- Outside Boundary Condition
  {18e3acd0-0183-4221-91ee-aacad758f670}, !- Outside Boundary Condition Object
  NoSun,                                  !- Sun Exposure
  NoWind,                                 !- Wind Exposure
  ,                                       !- View Factor to Ground
  ,                                       !- Number of Vertices
  -10, 14, 2.4384,                        !- X,Y,Z Vertex 1 {m}
  -10, 14, 0,                             !- X,Y,Z Vertex 2 {m}
  -10, 26, 0,                             !- X,Y,Z Vertex 3 {m}
  -10, 26, 2.4384;                        !- X,Y,Z Vertex 4 {m}

OS:Surface,
  {173d0c87-a6b6-46b7-af03-695a7287ea8b}, !- Handle
  Face 318,                               !- Name
  Wall,                                   !- Surface Type
  ,                                       !- Construction Name
  {d90c038d-bd16-4aa0-bbe9-723b1b719d66}, !- Space Name
  Surface,                                !- Outside Boundary Condition
  {455f2bf9-9726-471e-ace2-ceab1f8f0a84}, !- Outside Boundary Condition Object
  NoSun,                                  !- Sun Exposure
  NoWind,                                 !- Wind Exposure
  ,                                       !- View Factor to Ground
  ,                                       !- Number of Vertices
  -17, 33, 2.4384,                        !- X,Y,Z Vertex 1 {m}
  -10, 33, 2.4384,                        !- X,Y,Z Vertex 2 {m}
  -10, 33, 0,                             !- X,Y,Z Vertex 3 {m}
  -17, 33, 0;                             !- X,Y,Z Vertex 4 {m}

OS:SubSurface,
  {e00dfe73-7d2c-476d-88d2-7f24f177483e}, !- Handle
  Face 319,                               !- Name
  Door,                                   !- Sub Surface Type
  ,                                       !- Construction Name
  {173d0c87-a6b6-46b7-af03-695a7287ea8b}, !- Surface Name
  {d32b22c4-1d33-4a52-b99f-1813ab0de4e0}, !- Outside Boundary Condition Object
  ,                                       !- View Factor to Ground
  ,                                       !- Frame and Divider Name
  ,                                       !- Multiplier
  ,                                       !- Number of Vertices
  -14.2, 33, 2.033016,                    !- X,Y,Z Vertex 1 {m}
  -14.2, 33, 0,                           !- X,Y,Z Vertex 2 {m}
  -15.8, 33, 0,                           !- X,Y,Z Vertex 3 {m}
  -15.8, 33, 2.033016;                    !- X,Y,Z Vertex 4 {m}

OS:Surface,
  {85437499-2863-4427-a664-ded7d7ccd4b0}, !- Handle
  Face 314,                               !- Name
  Wall,                                   !- Surface Type
  ,                                       !- Construction Name
  {d90c038d-bd16-4aa0-bbe9-723b1b719d66}, !- Space Name
  Surface,                                !- Outside Boundary Condition
  {8b0e0012-83f0-4ea8-9225-9593e662cd18}, !- Outside Boundary Condition Object
  NoSun,                                  !- Sun Exposure
  NoWind,                                 !- Wind Exposure
  ,                                       !- View Factor to Ground
  ,                                       !- Number of Vertices
  -20, 29, 2.4384,                        !- X,Y,Z Vertex 1 {m}
  -20, 29, 0,                             !- X,Y,Z Vertex 2 {m}
  -20, 14, 0,                             !- X,Y,Z Vertex 3 {m}
  -20, 14, 2.4384;                        !- X,Y,Z Vertex 4 {m}

OS:Surface,
  {ec62ce40-ca3b-4175-bc08-3094a71669c8}, !- Handle
  Face 317,                               !- Name
  Wall,                                   !- Surface Type
  ,                                       !- Construction Name
  {d90c038d-bd16-4aa0-bbe9-723b1b719d66}, !- Space Name
  Surface,                                !- Outside Boundary Condition
  {0f9e9ef1-7675-4feb-bf50-b1cdbd56b803}, !- Outside Boundary Condition Object
  NoSun,                                  !- Sun Exposure
  NoWind,                                 !- Wind Exposure
  ,                                       !- View Factor to Ground
  ,                                       !- Number of Vertices
  -17, 33, 2.4384,                        !- X,Y,Z Vertex 1 {m}
  -17, 33, 0,                             !- X,Y,Z Vertex 2 {m}
  -17, 29, 0,                             !- X,Y,Z Vertex 3 {m}
  -17, 29, 2.4384;                        !- X,Y,Z Vertex 4 {m}

OS:Surface,
  {59c7518b-e98a-429f-995f-94d801d18744}, !- Handle
  Face 323,                               !- Name
  Wall,                                   !- Surface Type
  ,                                       !- Construction Name
  {d90c038d-bd16-4aa0-bbe9-723b1b719d66}, !- Space Name
  Surface,                                !- Outside Boundary Condition
  {d9e7b5ed-8eb3-4e8d-932b-113c6dcaefb0}, !- Outside Boundary Condition Object
  NoSun,                                  !- Sun Exposure
  NoWind,                                 !- Wind Exposure
  ,                                       !- View Factor to Ground
  ,                                       !- Number of Vertices
  -10, 14, 2.4384,                        !- X,Y,Z Vertex 1 {m}
  -19, 14, 2.4384,                        !- X,Y,Z Vertex 2 {m}
  -19, 14, 0,                             !- X,Y,Z Vertex 3 {m}
  -10, 14, 0;                             !- X,Y,Z Vertex 4 {m}

OS:SubSurface,
  {f2355476-6eac-44b0-b9d9-a2caa4cf250b}, !- Handle
  Face 324,                               !- Name
  Door,                                   !- Sub Surface Type
  ,                                       !- Construction Name
  {59c7518b-e98a-429f-995f-94d801d18744}, !- Surface Name
  {e38ee231-04cb-4635-8def-ac97c4e332d8}, !- Outside Boundary Condition Object
  ,                                       !- View Factor to Ground
  ,                                       !- Frame and Divider Name
  ,                                       !- Multiplier
  ,                                       !- Number of Vertices
  -15.8, 14, 2.033016,                    !- X,Y,Z Vertex 1 {m}
  -15.8, 14, 0,                           !- X,Y,Z Vertex 2 {m}
  -14.2, 14, 0,                           !- X,Y,Z Vertex 3 {m}
  -14.2, 14, 2.033016;                    !- X,Y,Z Vertex 4 {m}

OS:Surface,
  {8beea9e2-7631-4c5d-afeb-f348a6d274af}, !- Handle
  Face 547,                               !- Name
  Wall,                                   !- Surface Type
  ,                                       !- Construction Name
  {9b1fbc8a-5148-4e55-8b17-ebd4ebba9f7b}, !- Space Name
  Surface,                                !- Outside Boundary Condition
  {8f49c021-55fc-4b17-8ba2-d0ab6cb7fa7d}, !- Outside Boundary Condition Object
  NoSun,                                  !- Sun Exposure
  NoWind,                                 !- Wind Exposure
  ,                                       !- View Factor to Ground
  ,                                       !- Number of Vertices
  -32, 1, 2.4384,                         !- X,Y,Z Vertex 1 {m}
  -32, 1, 0,                              !- X,Y,Z Vertex 2 {m}
  -32, 6, 0,                              !- X,Y,Z Vertex 3 {m}
  -32, 6, 2.4384;                         !- X,Y,Z Vertex 4 {m}

OS:Surface,
  {f37396aa-f6b2-4405-ba64-559aba854d44}, !- Handle
  Face 542,                               !- Name
  Wall,                                   !- Surface Type
  ,                                       !- Construction Name
  {9b1fbc8a-5148-4e55-8b17-ebd4ebba9f7b}, !- Space Name
  Surface,                                !- Outside Boundary Condition
  {99477077-2d11-4892-abab-9346c08fe885}, !- Outside Boundary Condition Object
  NoSun,                                  !- Sun Exposure
  NoWind,                                 !- Wind Exposure
  ,                                       !- View Factor to Ground
  ,                                       !- Number of Vertices
  -38, -4, 2.4384,                        !- X,Y,Z Vertex 1 {m}
  -38, 6, 2.4384,                         !- X,Y,Z Vertex 2 {m}
  -38, 6, 0,                              !- X,Y,Z Vertex 3 {m}
  -38, -4, 0;                             !- X,Y,Z Vertex 4 {m}

OS:SubSurface,
  {a819ee2b-999e-4534-bbf6-0686cb7198ee}, !- Handle
  Face 543,                               !- Name
  Door,                                   !- Sub Surface Type
  ,                                       !- Construction Name
  {f37396aa-f6b2-4405-ba64-559aba854d44}, !- Surface Name
  {f6a4ef14-f283-4c26-bfb3-c367c8b6e3ac}, !- Outside Boundary Condition Object
  ,                                       !- View Factor to Ground
  ,                                       !- Frame and Divider Name
  ,                                       !- Multiplier
  ,                                       !- Number of Vertices
  -38, 0.5, 2.033016,                     !- X,Y,Z Vertex 1 {m}
  -38, 0.5, 0,                            !- X,Y,Z Vertex 2 {m}
  -38, -0.5, 0,                           !- X,Y,Z Vertex 3 {m}
  -38, -0.5, 2.033016;                    !- X,Y,Z Vertex 4 {m}

OS:SubSurface,
  {18302c19-366f-4d68-8e9b-95fcac099d1e}, !- Handle
  Face 544,                               !- Name
  Door,                                   !- Sub Surface Type
  ,                                       !- Construction Name
  {f37396aa-f6b2-4405-ba64-559aba854d44}, !- Surface Name
  {94fd46a7-1db8-4d03-a38c-abcad9d9f3a5}, !- Outside Boundary Condition Object
  ,                                       !- View Factor to Ground
  ,                                       !- Frame and Divider Name
  ,                                       !- Multiplier
  ,                                       !- Number of Vertices
  -38, 2.5, 2.033016,                     !- X,Y,Z Vertex 1 {m}
  -38, 2.5, 0,                            !- X,Y,Z Vertex 2 {m}
  -38, 1.5, 0,                            !- X,Y,Z Vertex 3 {m}
  -38, 1.5, 2.033016;                     !- X,Y,Z Vertex 4 {m}

OS:Surface,
  {0ccb2288-7585-453e-9fcf-0c6b65f19bbc}, !- Handle
  Face 545,                               !- Name
  Wall,                                   !- Surface Type
  ,                                       !- Construction Name
  {9b1fbc8a-5148-4e55-8b17-ebd4ebba9f7b}, !- Space Name
  Surface,                                !- Outside Boundary Condition
  {97e59934-8b74-4e3c-ab16-492f6c1b221f}, !- Outside Boundary Condition Object
  NoSun,                                  !- Sun Exposure
  NoWind,                                 !- Wind Exposure
  ,                                       !- View Factor to Ground
  ,                                       !- Number of Vertices
  -36, 6, 2.4384,                         !- X,Y,Z Vertex 1 {m}
  -36, 6, 0,                              !- X,Y,Z Vertex 2 {m}
  -38, 6, 0,                              !- X,Y,Z Vertex 3 {m}
  -38, 6, 2.4384;                         !- X,Y,Z Vertex 4 {m}

OS:Surface,
  {1b9057f5-68e8-4a5d-94b4-7a58f9a80c45}, !- Handle
  Face 541,                               !- Name
  RoofCeiling,                            !- Surface Type
  ,                                       !- Construction Name
  {9b1fbc8a-5148-4e55-8b17-ebd4ebba9f7b}, !- Space Name
  Outdoors,                               !- Outside Boundary Condition
  ,                                       !- Outside Boundary Condition Object
  SunExposed,                             !- Sun Exposure
  WindExposed,                            !- Wind Exposure
  ,                                       !- View Factor to Ground
  ,                                       !- Number of Vertices
  -32, -4, 2.4384,                        !- X,Y,Z Vertex 1 {m}
  -32, 1, 2.4384,                         !- X,Y,Z Vertex 2 {m}
  -32, 6, 2.4384,                         !- X,Y,Z Vertex 3 {m}
  -36, 6, 2.4384,                         !- X,Y,Z Vertex 4 {m}
  -38, 6, 2.4384,                         !- X,Y,Z Vertex 5 {m}
  -38, -4, 2.4384;                        !- X,Y,Z Vertex 6 {m}

OS:Surface,
  {e36b52b4-3a13-4280-8fbf-3c37c8357bf3}, !- Handle
  Face 549,                               !- Name
  Wall,                                   !- Surface Type
  ,                                       !- Construction Name
  {9b1fbc8a-5148-4e55-8b17-ebd4ebba9f7b}, !- Space Name
  Surface,                                !- Outside Boundary Condition
  {152d828d-06a9-4c95-9e6b-196eb6e1b837}, !- Outside Boundary Condition Object
  NoSun,                                  !- Sun Exposure
  NoWind,                                 !- Wind Exposure
  ,                                       !- View Factor to Ground
  ,                                       !- Number of Vertices
  -38, -4, 2.4384,                        !- X,Y,Z Vertex 1 {m}
  -38, -4, 0,                             !- X,Y,Z Vertex 2 {m}
  -32, -4, 0,                             !- X,Y,Z Vertex 3 {m}
  -32, -4, 2.4384;                        !- X,Y,Z Vertex 4 {m}

OS:Surface,
  {cd6df3c3-de1d-4d85-b4f7-fef22be55946}, !- Handle
  Face 540,                               !- Name
  Floor,                                  !- Surface Type
  ,                                       !- Construction Name
  {9b1fbc8a-5148-4e55-8b17-ebd4ebba9f7b}, !- Space Name
  Ground,                                 !- Outside Boundary Condition
  ,                                       !- Outside Boundary Condition Object
  NoSun,                                  !- Sun Exposure
  NoWind,                                 !- Wind Exposure
  ,                                       !- View Factor to Ground
  ,                                       !- Number of Vertices
  -38, -4, 0,                             !- X,Y,Z Vertex 1 {m}
  -38, 6, 0,                              !- X,Y,Z Vertex 2 {m}
  -36, 6, 0,                              !- X,Y,Z Vertex 3 {m}
  -32, 6, 0,                              !- X,Y,Z Vertex 4 {m}
  -32, 1, 0,                              !- X,Y,Z Vertex 5 {m}
  -32, -4, 0;                             !- X,Y,Z Vertex 6 {m}

OS:Surface,
  {0c8ff96a-2594-485a-94c6-6e8a148fbe42}, !- Handle
  Face 546,                               !- Name
  Wall,                                   !- Surface Type
  ,                                       !- Construction Name
  {9b1fbc8a-5148-4e55-8b17-ebd4ebba9f7b}, !- Space Name
  Surface,                                !- Outside Boundary Condition
  {c9b334e0-47b8-4cd7-92c6-4fbd04c11bf8}, !- Outside Boundary Condition Object
  NoSun,                                  !- Sun Exposure
  NoWind,                                 !- Wind Exposure
  ,                                       !- View Factor to Ground
  ,                                       !- Number of Vertices
  -32, 6, 2.4384,                         !- X,Y,Z Vertex 1 {m}
  -32, 6, 0,                              !- X,Y,Z Vertex 2 {m}
  -36, 6, 0,                              !- X,Y,Z Vertex 3 {m}
  -36, 6, 2.4384;                         !- X,Y,Z Vertex 4 {m}

OS:Surface,
  {4d79b613-3ac1-41a1-a93a-cdd208a8873a}, !- Handle
  Face 548,                               !- Name
  Wall,                                   !- Surface Type
  ,                                       !- Construction Name
  {9b1fbc8a-5148-4e55-8b17-ebd4ebba9f7b}, !- Space Name
  Surface,                                !- Outside Boundary Condition
  {e02a31a8-ee5f-4221-8534-d6b125e9d033}, !- Outside Boundary Condition Object
  NoSun,                                  !- Sun Exposure
  NoWind,                                 !- Wind Exposure
  ,                                       !- View Factor to Ground
  ,                                       !- Number of Vertices
  -32, -4, 2.4384,                        !- X,Y,Z Vertex 1 {m}
  -32, -4, 0,                             !- X,Y,Z Vertex 2 {m}
  -32, 1, 0,                              !- X,Y,Z Vertex 3 {m}
  -32, 1, 2.4384;                         !- X,Y,Z Vertex 4 {m}

OS:Surface,
  {1eac14a2-cc55-4455-a60d-504f0f592fac}, !- Handle
  Face 186,                               !- Name
  RoofCeiling,                            !- Surface Type
  ,                                       !- Construction Name
  {1d38622d-dd94-45f0-9dab-f5f0213e4866}, !- Space Name
  Outdoors,                               !- Outside Boundary Condition
  ,                                       !- Outside Boundary Condition Object
  SunExposed,                             !- Sun Exposure
  WindExposed,                            !- Wind Exposure
  ,                                       !- View Factor to Ground
  ,                                       !- Number of Vertices
  30, 21, 2.4384,                         !- X,Y,Z Vertex 1 {m}
  30, 33, 2.4384,                         !- X,Y,Z Vertex 2 {m}
  21, 33, 2.4384,                         !- X,Y,Z Vertex 3 {m}
  21, 21, 2.4384,                         !- X,Y,Z Vertex 4 {m}
  28, 21, 2.4384;                         !- X,Y,Z Vertex 5 {m}

OS:Surface,
  {04e56572-db44-4b54-b6df-baa341d63ecf}, !- Handle
  Face 188,                               !- Name
  Wall,                                   !- Surface Type
  ,                                       !- Construction Name
  {1d38622d-dd94-45f0-9dab-f5f0213e4866}, !- Space Name
  Surface,                                !- Outside Boundary Condition
  {a3faf383-1a38-4bc0-a734-1cc103ae3dc1}, !- Outside Boundary Condition Object
  NoSun,                                  !- Sun Exposure
  NoWind,                                 !- Wind Exposure
  ,                                       !- View Factor to Ground
  ,                                       !- Number of Vertices
  21, 21, 2.4384,                         !- X,Y,Z Vertex 1 {m}
  21, 33, 2.4384,                         !- X,Y,Z Vertex 2 {m}
  21, 33, 0,                              !- X,Y,Z Vertex 3 {m}
  21, 21, 0;                              !- X,Y,Z Vertex 4 {m}

OS:SubSurface,
  {9ec61d9a-a960-47b0-a6b0-54d7dd569edf}, !- Handle
  Face 189,                               !- Name
  Door,                                   !- Sub Surface Type
  ,                                       !- Construction Name
  {04e56572-db44-4b54-b6df-baa341d63ecf}, !- Surface Name
  {b0da76cf-5624-432a-94a7-dad2a93e554d}, !- Outside Boundary Condition Object
  ,                                       !- View Factor to Ground
  ,                                       !- Frame and Divider Name
  ,                                       !- Multiplier
  ,                                       !- Number of Vertices
  21, 23.8, 2.033016,                     !- X,Y,Z Vertex 1 {m}
  21, 23.8, 0,                            !- X,Y,Z Vertex 2 {m}
  21, 22.2, 0,                            !- X,Y,Z Vertex 3 {m}
  21, 22.2, 2.033016;                     !- X,Y,Z Vertex 4 {m}

OS:SubSurface,
  {189763a9-e991-4c97-93ce-e08e290bc9a4}, !- Handle
  Face 190,                               !- Name
  Door,                                   !- Sub Surface Type
  ,                                       !- Construction Name
  {04e56572-db44-4b54-b6df-baa341d63ecf}, !- Surface Name
  {2fc19593-e369-40d5-8d46-ebd2c6ec0bbe}, !- Outside Boundary Condition Object
  ,                                       !- View Factor to Ground
  ,                                       !- Frame and Divider Name
  ,                                       !- Multiplier
  ,                                       !- Number of Vertices
  21, 29.8, 2.033016,                     !- X,Y,Z Vertex 1 {m}
  21, 29.8, 0,                            !- X,Y,Z Vertex 2 {m}
  21, 28.2, 0,                            !- X,Y,Z Vertex 3 {m}
  21, 28.2, 2.033016;                     !- X,Y,Z Vertex 4 {m}

OS:Surface,
  {5bcd8450-eb4b-4d99-a652-d05959fb3775}, !- Handle
  Face 192,                               !- Name
  Wall,                                   !- Surface Type
  ,                                       !- Construction Name
  {1d38622d-dd94-45f0-9dab-f5f0213e4866}, !- Space Name
  Surface,                                !- Outside Boundary Condition
  {557a14d8-8d00-43af-8902-30f45ac148d2}, !- Outside Boundary Condition Object
  NoSun,                                  !- Sun Exposure
  NoWind,                                 !- Wind Exposure
  ,                                       !- View Factor to Ground
  ,                                       !- Number of Vertices
  30, 21, 2.4384,                         !- X,Y,Z Vertex 1 {m}
  30, 21, 0,                              !- X,Y,Z Vertex 2 {m}
  30, 33, 0,                              !- X,Y,Z Vertex 3 {m}
  30, 33, 2.4384;                         !- X,Y,Z Vertex 4 {m}

OS:Surface,
  {c5c00560-0638-4905-965d-691b69985e86}, !- Handle
  Face 187,                               !- Name
  Wall,                                   !- Surface Type
  ,                                       !- Construction Name
  {1d38622d-dd94-45f0-9dab-f5f0213e4866}, !- Space Name
  Surface,                                !- Outside Boundary Condition
  {64414de8-e5c9-409a-9a73-d8487f85c3f0}, !- Outside Boundary Condition Object
  NoSun,                                  !- Sun Exposure
  NoWind,                                 !- Wind Exposure
  ,                                       !- View Factor to Ground
  ,                                       !- Number of Vertices
  21, 21, 2.4384,                         !- X,Y,Z Vertex 1 {m}
  21, 21, 0,                              !- X,Y,Z Vertex 2 {m}
  28, 21, 0,                              !- X,Y,Z Vertex 3 {m}
  28, 21, 2.4384;                         !- X,Y,Z Vertex 4 {m}

OS:Surface,
  {139140fa-0d54-4f88-b2ae-b78ee367e14d}, !- Handle
  Face 193,                               !- Name
  Wall,                                   !- Surface Type
  ,                                       !- Construction Name
  {1d38622d-dd94-45f0-9dab-f5f0213e4866}, !- Space Name
  Surface,                                !- Outside Boundary Condition
  {d96bcf3d-1e33-4054-bc49-ad2619e9d1a1}, !- Outside Boundary Condition Object
  NoSun,                                  !- Sun Exposure
  NoWind,                                 !- Wind Exposure
  ,                                       !- View Factor to Ground
  ,                                       !- Number of Vertices
  30, 21, 2.4384,                         !- X,Y,Z Vertex 1 {m}
  28, 21, 2.4384,                         !- X,Y,Z Vertex 2 {m}
  28, 21, 0,                              !- X,Y,Z Vertex 3 {m}
  30, 21, 0;                              !- X,Y,Z Vertex 4 {m}

OS:SubSurface,
  {5e104048-6842-4273-94fa-ef44a9cd102f}, !- Handle
  Face 194,                               !- Name
  Door,                                   !- Sub Surface Type
  ,                                       !- Construction Name
  {139140fa-0d54-4f88-b2ae-b78ee367e14d}, !- Surface Name
  {48c90b61-0ddc-4279-80cb-49e74cf3bf2d}, !- Outside Boundary Condition Object
  ,                                       !- View Factor to Ground
  ,                                       !- Frame and Divider Name
  ,                                       !- Multiplier
  ,                                       !- Number of Vertices
  28.5, 21, 2.033016,                     !- X,Y,Z Vertex 1 {m}
  28.5, 21, 0,                            !- X,Y,Z Vertex 2 {m}
  29.5, 21, 0,                            !- X,Y,Z Vertex 3 {m}
  29.5, 21, 2.033016;                     !- X,Y,Z Vertex 4 {m}

OS:Surface,
  {0f9e0eea-09af-49ce-b8b3-50b212d6d888}, !- Handle
  Face 191,                               !- Name
  Wall,                                   !- Surface Type
  ,                                       !- Construction Name
  {1d38622d-dd94-45f0-9dab-f5f0213e4866}, !- Space Name
  Surface,                                !- Outside Boundary Condition
  {16a9d91d-879b-4669-aa47-366304c5391f}, !- Outside Boundary Condition Object
  NoSun,                                  !- Sun Exposure
  NoWind,                                 !- Wind Exposure
  ,                                       !- View Factor to Ground
  ,                                       !- Number of Vertices
  30, 33, 2.4384,                         !- X,Y,Z Vertex 1 {m}
  30, 33, 0,                              !- X,Y,Z Vertex 2 {m}
  21, 33, 0,                              !- X,Y,Z Vertex 3 {m}
  21, 33, 2.4384;                         !- X,Y,Z Vertex 4 {m}

OS:Surface,
  {08f149da-e58f-4ac7-a797-101b918cb206}, !- Handle
  Face 185,                               !- Name
  Floor,                                  !- Surface Type
  ,                                       !- Construction Name
  {1d38622d-dd94-45f0-9dab-f5f0213e4866}, !- Space Name
  Ground,                                 !- Outside Boundary Condition
  ,                                       !- Outside Boundary Condition Object
  NoSun,                                  !- Sun Exposure
  NoWind,                                 !- Wind Exposure
  ,                                       !- View Factor to Ground
  ,                                       !- Number of Vertices
  28, 21, 0,                              !- X,Y,Z Vertex 1 {m}
  21, 21, 0,                              !- X,Y,Z Vertex 2 {m}
  21, 33, 0,                              !- X,Y,Z Vertex 3 {m}
  30, 33, 0,                              !- X,Y,Z Vertex 4 {m}
  30, 21, 0;                              !- X,Y,Z Vertex 5 {m}

OS:Surface,
  {6371911e-6dee-4307-8491-aefd72c2fc3c}, !- Handle
  Face 120,                               !- Name
  Floor,                                  !- Surface Type
  ,                                       !- Construction Name
  {afb6d358-8f51-4f70-8997-16918f41707c}, !- Space Name
  Ground,                                 !- Outside Boundary Condition
  ,                                       !- Outside Boundary Condition Object
  NoSun,                                  !- Sun Exposure
  NoWind,                                 !- Wind Exposure
  ,                                       !- View Factor to Ground
  ,                                       !- Number of Vertices
  21, -2, 0,                              !- X,Y,Z Vertex 1 {m}
  21, 0, 0,                               !- X,Y,Z Vertex 2 {m}
  21, 5, 0,                               !- X,Y,Z Vertex 3 {m}
  33, 5, 0,                               !- X,Y,Z Vertex 4 {m}
  33, -2, 0;                              !- X,Y,Z Vertex 5 {m}

OS:Surface,
  {a7ef51a0-edd4-485d-b3aa-7a5ee6d5dc06}, !- Handle
  Face 123,                               !- Name
  Wall,                                   !- Surface Type
  ,                                       !- Construction Name
  {afb6d358-8f51-4f70-8997-16918f41707c}, !- Space Name
  Surface,                                !- Outside Boundary Condition
  {b8e013e3-c8cf-4dc0-ad82-1e2764963da5}, !- Outside Boundary Condition Object
  NoSun,                                  !- Sun Exposure
  NoWind,                                 !- Wind Exposure
  ,                                       !- View Factor to Ground
  ,                                       !- Number of Vertices
  21, 5, 2.4384,                          !- X,Y,Z Vertex 1 {m}
  21, 5, 0,                               !- X,Y,Z Vertex 2 {m}
  21, 0, 0,                               !- X,Y,Z Vertex 3 {m}
  21, 0, 2.4384;                          !- X,Y,Z Vertex 4 {m}

OS:Surface,
  {b6c6f8b9-658e-4235-a023-2621c66b8abb}, !- Handle
  Face 122,                               !- Name
  Wall,                                   !- Surface Type
  ,                                       !- Construction Name
  {afb6d358-8f51-4f70-8997-16918f41707c}, !- Space Name
  Surface,                                !- Outside Boundary Condition
  {32262d6e-b2c9-4375-a52f-26ae489b5f6b}, !- Outside Boundary Condition Object
  NoSun,                                  !- Sun Exposure
  NoWind,                                 !- Wind Exposure
  ,                                       !- View Factor to Ground
  ,                                       !- Number of Vertices
  21, 0, 2.4384,                          !- X,Y,Z Vertex 1 {m}
  21, 0, 0,                               !- X,Y,Z Vertex 2 {m}
  21, -2, 0,                              !- X,Y,Z Vertex 3 {m}
  21, -2, 2.4384;                         !- X,Y,Z Vertex 4 {m}

OS:Surface,
  {cc57960e-0e68-4d8f-80f4-c0df17eee1fd}, !- Handle
  Face 126,                               !- Name
  Wall,                                   !- Surface Type
  ,                                       !- Construction Name
  {afb6d358-8f51-4f70-8997-16918f41707c}, !- Space Name
  Surface,                                !- Outside Boundary Condition
  {d30b50f1-533c-4094-9f8a-c3bfa7775d56}, !- Outside Boundary Condition Object
  NoSun,                                  !- Sun Exposure
  NoWind,                                 !- Wind Exposure
  ,                                       !- View Factor to Ground
  ,                                       !- Number of Vertices
  33, 5, 2.4384,                          !- X,Y,Z Vertex 1 {m}
  33, -2, 2.4384,                         !- X,Y,Z Vertex 2 {m}
  33, -2, 0,                              !- X,Y,Z Vertex 3 {m}
  33, 5, 0;                               !- X,Y,Z Vertex 4 {m}

OS:SubSurface,
  {72245b0b-6cec-4839-8d7a-a0b09ef2e4ac}, !- Handle
  Face 127,                               !- Name
  Door,                                   !- Sub Surface Type
  ,                                       !- Construction Name
  {cc57960e-0e68-4d8f-80f4-c0df17eee1fd}, !- Surface Name
  {d943f884-b1e7-4bc8-9a9b-d92e7cf66246}, !- Outside Boundary Condition Object
  ,                                       !- View Factor to Ground
  ,                                       !- Frame and Divider Name
  ,                                       !- Multiplier
  ,                                       !- Number of Vertices
  33, 3.5, 2.033016,                      !- X,Y,Z Vertex 1 {m}
  33, 3.5, 0,                             !- X,Y,Z Vertex 2 {m}
  33, 4.5, 0,                             !- X,Y,Z Vertex 3 {m}
  33, 4.5, 2.033016;                      !- X,Y,Z Vertex 4 {m}

OS:Surface,
  {f7a41681-5c81-492d-8da1-7e53f88a999f}, !- Handle
  Face 124,                               !- Name
  Wall,                                   !- Surface Type
  ,                                       !- Construction Name
  {afb6d358-8f51-4f70-8997-16918f41707c}, !- Space Name
  Surface,                                !- Outside Boundary Condition
  {2d446605-f3e4-4dd7-96b3-6af692c4dd12}, !- Outside Boundary Condition Object
  NoSun,                                  !- Sun Exposure
  NoWind,                                 !- Wind Exposure
  ,                                       !- View Factor to Ground
  ,                                       !- Number of Vertices
  21, 5, 2.4384,                          !- X,Y,Z Vertex 1 {m}
  33, 5, 2.4384,                          !- X,Y,Z Vertex 2 {m}
  33, 5, 0,                               !- X,Y,Z Vertex 3 {m}
  21, 5, 0;                               !- X,Y,Z Vertex 4 {m}

OS:SubSurface,
  {f6aefb82-6bf8-438d-af16-4ebbae5dcaa3}, !- Handle
  Face 125,                               !- Name
  Door,                                   !- Sub Surface Type
  ,                                       !- Construction Name
  {f7a41681-5c81-492d-8da1-7e53f88a999f}, !- Surface Name
  {e6a0755d-0650-495e-9444-b98b6b1d80d3}, !- Outside Boundary Condition Object
  ,                                       !- View Factor to Ground
  ,                                       !- Frame and Divider Name
  ,                                       !- Multiplier
  ,                                       !- Number of Vertices
  26.5, 5, 2.033016,                      !- X,Y,Z Vertex 1 {m}
  26.5, 5, 0,                             !- X,Y,Z Vertex 2 {m}
  25.5, 5, 0,                             !- X,Y,Z Vertex 3 {m}
  25.5, 5, 2.033016;                      !- X,Y,Z Vertex 4 {m}

OS:Surface,
  {68a8870d-8aa7-4b7a-83e0-44087a09d1e8}, !- Handle
  Face 121,                               !- Name
  RoofCeiling,                            !- Surface Type
  ,                                       !- Construction Name
  {afb6d358-8f51-4f70-8997-16918f41707c}, !- Space Name
  Outdoors,                               !- Outside Boundary Condition
  ,                                       !- Outside Boundary Condition Object
  SunExposed,                             !- Sun Exposure
  WindExposed,                            !- Wind Exposure
  ,                                       !- View Factor to Ground
  ,                                       !- Number of Vertices
  33, -2, 2.4384,                         !- X,Y,Z Vertex 1 {m}
  33, 5, 2.4384,                          !- X,Y,Z Vertex 2 {m}
  21, 5, 2.4384,                          !- X,Y,Z Vertex 3 {m}
  21, 0, 2.4384,                          !- X,Y,Z Vertex 4 {m}
  21, -2, 2.4384;                         !- X,Y,Z Vertex 5 {m}

OS:Surface,
  {eb393745-c71c-4e85-9121-a0009e735d00}, !- Handle
  Face 128,                               !- Name
  Wall,                                   !- Surface Type
  ,                                       !- Construction Name
  {afb6d358-8f51-4f70-8997-16918f41707c}, !- Space Name
  Surface,                                !- Outside Boundary Condition
  {0186eedf-b718-41d8-a69d-4e9a40dac073}, !- Outside Boundary Condition Object
  NoSun,                                  !- Sun Exposure
  NoWind,                                 !- Wind Exposure
  ,                                       !- View Factor to Ground
  ,                                       !- Number of Vertices
  21, -2, 2.4384,                         !- X,Y,Z Vertex 1 {m}
  21, -2, 0,                              !- X,Y,Z Vertex 2 {m}
  33, -2, 0,                              !- X,Y,Z Vertex 3 {m}
  33, -2, 2.4384;                         !- X,Y,Z Vertex 4 {m}

OS:Surface,
  {9c3e0cbf-a849-4022-a7e9-951d0c2360a6}, !- Handle
  Face 413,                               !- Name
  RoofCeiling,                            !- Surface Type
  ,                                       !- Construction Name
  {8b71237f-eb9b-4cda-b605-81662796fd67}, !- Space Name
  Outdoors,                               !- Outside Boundary Condition
  ,                                       !- Outside Boundary Condition Object
  SunExposed,                             !- Sun Exposure
  WindExposed,                            !- Wind Exposure
  ,                                       !- View Factor to Ground
  ,                                       !- Number of Vertices
  -22, -4, 2.4384,                        !- X,Y,Z Vertex 1 {m}
  -22, -11, 2.4384,                       !- X,Y,Z Vertex 2 {m}
  -19, -11, 2.4384,                       !- X,Y,Z Vertex 3 {m}
  -17, -11, 2.4384,                       !- X,Y,Z Vertex 4 {m}
  3, -11, 2.4384,                         !- X,Y,Z Vertex 5 {m}
  3, -7, 2.4384,                          !- X,Y,Z Vertex 6 {m}
  3, -4, 2.4384;                          !- X,Y,Z Vertex 7 {m}

OS:Surface,
  {6e0233e4-30bf-48ca-b6b3-1d0902f1a289}, !- Handle
  Face 424,                               !- Name
  Wall,                                   !- Surface Type
  ,                                       !- Construction Name
  {8b71237f-eb9b-4cda-b605-81662796fd67}, !- Space Name
  Surface,                                !- Outside Boundary Condition
  {5bfc5fa8-2e02-4d7d-b634-618eb7739dbb}, !- Outside Boundary Condition Object
  NoSun,                                  !- Sun Exposure
  NoWind,                                 !- Wind Exposure
  ,                                       !- View Factor to Ground
  ,                                       !- Number of Vertices
  3, -4, 2.4384,                          !- X,Y,Z Vertex 1 {m}
  3, -4, 0,                               !- X,Y,Z Vertex 2 {m}
  -22, -4, 0,                             !- X,Y,Z Vertex 3 {m}
  -22, -4, 2.4384;                        !- X,Y,Z Vertex 4 {m}

OS:Surface,
  {17e17df0-79c3-4069-a7c8-b12ce76dbd35}, !- Handle
  Face 420,                               !- Name
  Wall,                                   !- Surface Type
  ,                                       !- Construction Name
  {8b71237f-eb9b-4cda-b605-81662796fd67}, !- Space Name
  Surface,                                !- Outside Boundary Condition
  {a42acc8d-2084-469e-a281-2c28d03838c5}, !- Outside Boundary Condition Object
  NoSun,                                  !- Sun Exposure
  NoWind,                                 !- Wind Exposure
  ,                                       !- View Factor to Ground
  ,                                       !- Number of Vertices
  -17, -11, 2.4384,                       !- X,Y,Z Vertex 1 {m}
  -19, -11, 2.4384,                       !- X,Y,Z Vertex 2 {m}
  -19, -11, 0,                            !- X,Y,Z Vertex 3 {m}
  -17, -11, 0;                            !- X,Y,Z Vertex 4 {m}

OS:SubSurface,
  {78381677-c149-4069-a2a2-c568e40d9c9d}, !- Handle
  Face 421,                               !- Name
  Door,                                   !- Sub Surface Type
  ,                                       !- Construction Name
  {17e17df0-79c3-4069-a7c8-b12ce76dbd35}, !- Surface Name
  {c692890e-9a45-4136-aa44-f025ab926e77}, !- Outside Boundary Condition Object
  ,                                       !- View Factor to Ground
  ,                                       !- Frame and Divider Name
  ,                                       !- Multiplier
  ,                                       !- Number of Vertices
  -18.5, -11, 2.033016,                   !- X,Y,Z Vertex 1 {m}
  -18.5, -11, 0,                          !- X,Y,Z Vertex 2 {m}
  -17.5, -11, 0,                          !- X,Y,Z Vertex 3 {m}
  -17.5, -11, 2.033016;                   !- X,Y,Z Vertex 4 {m}

OS:Surface,
  {ea339555-bf0d-410e-bc70-abf7555a67fc}, !- Handle
  Face 415,                               !- Name
  Wall,                                   !- Surface Type
  ,                                       !- Construction Name
  {8b71237f-eb9b-4cda-b605-81662796fd67}, !- Space Name
  Surface,                                !- Outside Boundary Condition
  {1f8de961-2313-442a-aa8e-060b504fa09e}, !- Outside Boundary Condition Object
  NoSun,                                  !- Sun Exposure
  NoWind,                                 !- Wind Exposure
  ,                                       !- View Factor to Ground
  ,                                       !- Number of Vertices
  3, -11, 2.4384,                         !- X,Y,Z Vertex 1 {m}
  3, -11, 0,                              !- X,Y,Z Vertex 2 {m}
  3, -7, 0,                               !- X,Y,Z Vertex 3 {m}
  3, -7, 2.4384;                          !- X,Y,Z Vertex 4 {m}

OS:Surface,
  {5053c58a-088f-4e28-8733-5be32001321c}, !- Handle
  Face 416,                               !- Name
  Wall,                                   !- Surface Type
  ,                                       !- Construction Name
  {8b71237f-eb9b-4cda-b605-81662796fd67}, !- Space Name
  Surface,                                !- Outside Boundary Condition
  {70399cfb-6792-47f2-8d81-696410536e99}, !- Outside Boundary Condition Object
  NoSun,                                  !- Sun Exposure
  NoWind,                                 !- Wind Exposure
  ,                                       !- View Factor to Ground
  ,                                       !- Number of Vertices
  3, -11, 2.4384,                         !- X,Y,Z Vertex 1 {m}
  -17, -11, 2.4384,                       !- X,Y,Z Vertex 2 {m}
  -17, -11, 0,                            !- X,Y,Z Vertex 3 {m}
  3, -11, 0;                              !- X,Y,Z Vertex 4 {m}

OS:SubSurface,
  {b33eead8-b505-4315-9757-ff995cf5697d}, !- Handle
  Face 417,                               !- Name
  Door,                                   !- Sub Surface Type
  ,                                       !- Construction Name
  {5053c58a-088f-4e28-8733-5be32001321c}, !- Surface Name
  {a5d8feea-51bc-448b-bcf4-7ac45178289c}, !- Outside Boundary Condition Object
  ,                                       !- View Factor to Ground
  ,                                       !- Frame and Divider Name
  ,                                       !- Multiplier
  ,                                       !- Number of Vertices
  -15.5, -11, 2.033016,                   !- X,Y,Z Vertex 1 {m}
  -15.5, -11, 0,                          !- X,Y,Z Vertex 2 {m}
  -14.5, -11, 0,                          !- X,Y,Z Vertex 3 {m}
  -14.5, -11, 2.033016;                   !- X,Y,Z Vertex 4 {m}

OS:SubSurface,
  {6ec4360e-041e-40e3-8983-bfa1316cbf62}, !- Handle
  Face 418,                               !- Name
  Door,                                   !- Sub Surface Type
  ,                                       !- Construction Name
  {5053c58a-088f-4e28-8733-5be32001321c}, !- Surface Name
  {7313daa9-a4d1-452f-a492-1067f56777a6}, !- Outside Boundary Condition Object
  ,                                       !- View Factor to Ground
  ,                                       !- Frame and Divider Name
  ,                                       !- Multiplier
  ,                                       !- Number of Vertices
  -8.5, -11, 2.033016,                    !- X,Y,Z Vertex 1 {m}
  -8.5, -11, 0,                           !- X,Y,Z Vertex 2 {m}
  -7.5, -11, 0,                           !- X,Y,Z Vertex 3 {m}
  -7.5, -11, 2.033016;                    !- X,Y,Z Vertex 4 {m}

OS:SubSurface,
  {5cbfd473-a8a0-43da-b102-ca86d94f7f5b}, !- Handle
  Face 419,                               !- Name
  Door,                                   !- Sub Surface Type
  ,                                       !- Construction Name
  {5053c58a-088f-4e28-8733-5be32001321c}, !- Surface Name
  {1be26976-8931-43b2-a2ac-bf61c743a1d3}, !- Outside Boundary Condition Object
  ,                                       !- View Factor to Ground
  ,                                       !- Frame and Divider Name
  ,                                       !- Multiplier
  ,                                       !- Number of Vertices
  -2.5, -11, 2.033016,                    !- X,Y,Z Vertex 1 {m}
  -2.5, -11, 0,                           !- X,Y,Z Vertex 2 {m}
  -1.5, -11, 0,                           !- X,Y,Z Vertex 3 {m}
  -1.5, -11, 2.033016;                    !- X,Y,Z Vertex 4 {m}

OS:Surface,
  {1e2ff31f-9b62-48d6-af36-37fff1338412}, !- Handle
  Face 422,                               !- Name
  Wall,                                   !- Surface Type
  ,                                       !- Construction Name
  {8b71237f-eb9b-4cda-b605-81662796fd67}, !- Space Name
  Surface,                                !- Outside Boundary Condition
  {2cfe1378-f512-42ab-8fc9-b101368f32b7}, !- Outside Boundary Condition Object
  NoSun,                                  !- Sun Exposure
  NoWind,                                 !- Wind Exposure
  ,                                       !- View Factor to Ground
  ,                                       !- Number of Vertices
  -22, -11, 2.4384,                       !- X,Y,Z Vertex 1 {m}
  -22, -11, 0,                            !- X,Y,Z Vertex 2 {m}
  -19, -11, 0,                            !- X,Y,Z Vertex 3 {m}
  -19, -11, 2.4384;                       !- X,Y,Z Vertex 4 {m}

OS:Surface,
  {3d2f2b27-1cd0-43c4-a1b9-23bf66e57300}, !- Handle
  Face 412,                               !- Name
  Floor,                                  !- Surface Type
  ,                                       !- Construction Name
  {8b71237f-eb9b-4cda-b605-81662796fd67}, !- Space Name
  Ground,                                 !- Outside Boundary Condition
  ,                                       !- Outside Boundary Condition Object
  NoSun,                                  !- Sun Exposure
  NoWind,                                 !- Wind Exposure
  ,                                       !- View Factor to Ground
  ,                                       !- Number of Vertices
  3, -4, 0,                               !- X,Y,Z Vertex 1 {m}
  3, -7, 0,                               !- X,Y,Z Vertex 2 {m}
  3, -11, 0,                              !- X,Y,Z Vertex 3 {m}
  -17, -11, 0,                            !- X,Y,Z Vertex 4 {m}
  -19, -11, 0,                            !- X,Y,Z Vertex 5 {m}
  -22, -11, 0,                            !- X,Y,Z Vertex 6 {m}
  -22, -4, 0;                             !- X,Y,Z Vertex 7 {m}

OS:Surface,
  {6c073867-dc14-4a16-b6b8-4b248e4985d2}, !- Handle
  Face 414,                               !- Name
  Wall,                                   !- Surface Type
  ,                                       !- Construction Name
  {8b71237f-eb9b-4cda-b605-81662796fd67}, !- Space Name
  Surface,                                !- Outside Boundary Condition
  {be1ea43a-157d-4ba2-a42f-2c6ee363b106}, !- Outside Boundary Condition Object
  NoSun,                                  !- Sun Exposure
  NoWind,                                 !- Wind Exposure
  ,                                       !- View Factor to Ground
  ,                                       !- Number of Vertices
  3, -7, 2.4384,                          !- X,Y,Z Vertex 1 {m}
  3, -7, 0,                               !- X,Y,Z Vertex 2 {m}
  3, -4, 0,                               !- X,Y,Z Vertex 3 {m}
  3, -4, 2.4384;                          !- X,Y,Z Vertex 4 {m}

OS:Surface,
  {e133bc6c-e535-4234-998c-fe097960f47e}, !- Handle
  Face 423,                               !- Name
  Wall,                                   !- Surface Type
  ,                                       !- Construction Name
  {8b71237f-eb9b-4cda-b605-81662796fd67}, !- Space Name
  Surface,                                !- Outside Boundary Condition
  {8b948c34-d36d-40ca-8a6c-9f2e06b08bda}, !- Outside Boundary Condition Object
  NoSun,                                  !- Sun Exposure
  NoWind,                                 !- Wind Exposure
  ,                                       !- View Factor to Ground
  ,                                       !- Number of Vertices
  -22, -4, 2.4384,                        !- X,Y,Z Vertex 1 {m}
  -22, -4, 0,                             !- X,Y,Z Vertex 2 {m}
  -22, -11, 0,                            !- X,Y,Z Vertex 3 {m}
  -22, -11, 2.4384;                       !- X,Y,Z Vertex 4 {m}

OS:Surface,
  {92d0a844-990e-4b1f-b4f2-a000095ee843}, !- Handle
  Face 551,                               !- Name
  RoofCeiling,                            !- Surface Type
  ,                                       !- Construction Name
  {fa7497d3-3152-4cf6-be18-42ddcab04b56}, !- Space Name
  Outdoors,                               !- Outside Boundary Condition
  ,                                       !- Outside Boundary Condition Object
  SunExposed,                             !- Sun Exposure
  WindExposed,                            !- Wind Exposure
  ,                                       !- View Factor to Ground
  ,                                       !- Number of Vertices
  -32, -14, 2.4384,                       !- X,Y,Z Vertex 1 {m}
  -32, -9, 2.4384,                        !- X,Y,Z Vertex 2 {m}
  -32, -4, 2.4384,                        !- X,Y,Z Vertex 3 {m}
  -38, -4, 2.4384,                        !- X,Y,Z Vertex 4 {m}
  -38, -14, 2.4384;                       !- X,Y,Z Vertex 5 {m}

OS:Surface,
  {f266c4f4-8bdd-4be5-9816-f1482860f15b}, !- Handle
  Face 552,                               !- Name
  Wall,                                   !- Surface Type
  ,                                       !- Construction Name
  {fa7497d3-3152-4cf6-be18-42ddcab04b56}, !- Space Name
  Surface,                                !- Outside Boundary Condition
  {fa661e2b-e213-4261-8395-86aed349d429}, !- Outside Boundary Condition Object
  NoSun,                                  !- Sun Exposure
  NoWind,                                 !- Wind Exposure
  ,                                       !- View Factor to Ground
  ,                                       !- Number of Vertices
  -38, -14, 2.4384,                       !- X,Y,Z Vertex 1 {m}
  -38, -4, 2.4384,                        !- X,Y,Z Vertex 2 {m}
  -38, -4, 0,                             !- X,Y,Z Vertex 3 {m}
  -38, -14, 0;                            !- X,Y,Z Vertex 4 {m}

OS:SubSurface,
  {a4330187-2def-4915-b529-ffa0cdd4b3a7}, !- Handle
  Face 553,                               !- Name
  Door,                                   !- Sub Surface Type
  ,                                       !- Construction Name
  {f266c4f4-8bdd-4be5-9816-f1482860f15b}, !- Surface Name
  {ac123570-79c7-4ffd-88ba-c16daad35617}, !- Outside Boundary Condition Object
  ,                                       !- View Factor to Ground
  ,                                       !- Frame and Divider Name
  ,                                       !- Multiplier
  ,                                       !- Number of Vertices
  -38, -4.5, 2.033016,                    !- X,Y,Z Vertex 1 {m}
  -38, -4.5, 0,                           !- X,Y,Z Vertex 2 {m}
  -38, -5.5, 0,                           !- X,Y,Z Vertex 3 {m}
  -38, -5.5, 2.033016;                    !- X,Y,Z Vertex 4 {m}

OS:Surface,
  {0351dd3c-4a5b-48c6-821f-7b5b53427605}, !- Handle
  Face 550,                               !- Name
  Floor,                                  !- Surface Type
  ,                                       !- Construction Name
  {fa7497d3-3152-4cf6-be18-42ddcab04b56}, !- Space Name
  Ground,                                 !- Outside Boundary Condition
  ,                                       !- Outside Boundary Condition Object
  NoSun,                                  !- Sun Exposure
  NoWind,                                 !- Wind Exposure
  ,                                       !- View Factor to Ground
  ,                                       !- Number of Vertices
  -38, -14, 0,                            !- X,Y,Z Vertex 1 {m}
  -38, -4, 0,                             !- X,Y,Z Vertex 2 {m}
  -32, -4, 0,                             !- X,Y,Z Vertex 3 {m}
  -32, -9, 0,                             !- X,Y,Z Vertex 4 {m}
  -32, -14, 0;                            !- X,Y,Z Vertex 5 {m}

OS:Surface,
  {152d828d-06a9-4c95-9e6b-196eb6e1b837}, !- Handle
  Face 554,                               !- Name
  Wall,                                   !- Surface Type
  ,                                       !- Construction Name
  {fa7497d3-3152-4cf6-be18-42ddcab04b56}, !- Space Name
  Surface,                                !- Outside Boundary Condition
  {e36b52b4-3a13-4280-8fbf-3c37c8357bf3}, !- Outside Boundary Condition Object
  NoSun,                                  !- Sun Exposure
  NoWind,                                 !- Wind Exposure
  ,                                       !- View Factor to Ground
  ,                                       !- Number of Vertices
  -32, -4, 2.4384,                        !- X,Y,Z Vertex 1 {m}
  -32, -4, 0,                             !- X,Y,Z Vertex 2 {m}
  -38, -4, 0,                             !- X,Y,Z Vertex 3 {m}
  -38, -4, 2.4384;                        !- X,Y,Z Vertex 4 {m}

OS:Surface,
  {9a5c7cc1-1f78-435b-a74c-13bf8b539205}, !- Handle
  Face 555,                               !- Name
  Wall,                                   !- Surface Type
  ,                                       !- Construction Name
  {fa7497d3-3152-4cf6-be18-42ddcab04b56}, !- Space Name
  Surface,                                !- Outside Boundary Condition
  {3583d897-9d28-4606-8cd9-df589b0698e0}, !- Outside Boundary Condition Object
  NoSun,                                  !- Sun Exposure
  NoWind,                                 !- Wind Exposure
  ,                                       !- View Factor to Ground
  ,                                       !- Number of Vertices
  -32, -9, 2.4384,                        !- X,Y,Z Vertex 1 {m}
  -32, -9, 0,                             !- X,Y,Z Vertex 2 {m}
  -32, -4, 0,                             !- X,Y,Z Vertex 3 {m}
  -32, -4, 2.4384;                        !- X,Y,Z Vertex 4 {m}

OS:Surface,
  {b5b387b4-0bda-4f1b-a67b-c4bf0cf5f905}, !- Handle
  Face 556,                               !- Name
  Wall,                                   !- Surface Type
  ,                                       !- Construction Name
  {fa7497d3-3152-4cf6-be18-42ddcab04b56}, !- Space Name
  Surface,                                !- Outside Boundary Condition
  {1b0e2236-c532-4b85-8c5a-1ddea90da7b3}, !- Outside Boundary Condition Object
  NoSun,                                  !- Sun Exposure
  NoWind,                                 !- Wind Exposure
  ,                                       !- View Factor to Ground
  ,                                       !- Number of Vertices
  -32, -14, 2.4384,                       !- X,Y,Z Vertex 1 {m}
  -32, -14, 0,                            !- X,Y,Z Vertex 2 {m}
  -32, -9, 0,                             !- X,Y,Z Vertex 3 {m}
  -32, -9, 2.4384;                        !- X,Y,Z Vertex 4 {m}

OS:Surface,
  {972982e7-a87f-4d37-8fd5-2f57d0f6cc61}, !- Handle
  Face 557,                               !- Name
  Wall,                                   !- Surface Type
  ,                                       !- Construction Name
  {fa7497d3-3152-4cf6-be18-42ddcab04b56}, !- Space Name
  Surface,                                !- Outside Boundary Condition
  {e6c3061c-92cf-43e4-972c-4316d5b71217}, !- Outside Boundary Condition Object
  NoSun,                                  !- Sun Exposure
  NoWind,                                 !- Wind Exposure
  ,                                       !- View Factor to Ground
  ,                                       !- Number of Vertices
  -38, -14, 2.4384,                       !- X,Y,Z Vertex 1 {m}
  -38, -14, 0,                            !- X,Y,Z Vertex 2 {m}
  -32, -14, 0,                            !- X,Y,Z Vertex 3 {m}
  -32, -14, 2.4384;                       !- X,Y,Z Vertex 4 {m}

OS:Surface,
  {50704ff6-1b5a-49ef-a2c1-ca72fc83ac1d}, !- Handle
  Face 181,                               !- Name
  Wall,                                   !- Surface Type
  ,                                       !- Construction Name
  {b5dca00f-bc26-4f0a-b933-2fa9f560fdc4}, !- Space Name
  Surface,                                !- Outside Boundary Condition
  {b52fba51-7ccd-4716-9141-e36186d65827}, !- Outside Boundary Condition Object
  NoSun,                                  !- Sun Exposure
  NoWind,                                 !- Wind Exposure
  ,                                       !- View Factor to Ground
  ,                                       !- Number of Vertices
  21, 21, 2.4384,                         !- X,Y,Z Vertex 1 {m}
  21, 21, 0,                              !- X,Y,Z Vertex 2 {m}
  21, 17, 0,                              !- X,Y,Z Vertex 3 {m}
  21, 17, 2.4384;                         !- X,Y,Z Vertex 4 {m}

OS:Surface,
  {64414de8-e5c9-409a-9a73-d8487f85c3f0}, !- Handle
  Face 182,                               !- Name
  Wall,                                   !- Surface Type
  ,                                       !- Construction Name
  {b5dca00f-bc26-4f0a-b933-2fa9f560fdc4}, !- Space Name
  Surface,                                !- Outside Boundary Condition
  {c5c00560-0638-4905-965d-691b69985e86}, !- Outside Boundary Condition Object
  NoSun,                                  !- Sun Exposure
  NoWind,                                 !- Wind Exposure
  ,                                       !- View Factor to Ground
  ,                                       !- Number of Vertices
  28, 21, 2.4384,                         !- X,Y,Z Vertex 1 {m}
  28, 21, 0,                              !- X,Y,Z Vertex 2 {m}
  21, 21, 0,                              !- X,Y,Z Vertex 3 {m}
  21, 21, 2.4384;                         !- X,Y,Z Vertex 4 {m}

OS:Surface,
  {c48de685-5920-4e8f-ac72-c3548a08262b}, !- Handle
  Face 180,                               !- Name
  RoofCeiling,                            !- Surface Type
  ,                                       !- Construction Name
  {b5dca00f-bc26-4f0a-b933-2fa9f560fdc4}, !- Space Name
  Outdoors,                               !- Outside Boundary Condition
  ,                                       !- Outside Boundary Condition Object
  SunExposed,                             !- Sun Exposure
  WindExposed,                            !- Wind Exposure
  ,                                       !- View Factor to Ground
  ,                                       !- Number of Vertices
  28, 17, 2.4384,                         !- X,Y,Z Vertex 1 {m}
  28, 21, 2.4384,                         !- X,Y,Z Vertex 2 {m}
  21, 21, 2.4384,                         !- X,Y,Z Vertex 3 {m}
  21, 17, 2.4384;                         !- X,Y,Z Vertex 4 {m}

OS:Surface,
  {66ec88d4-9b6b-4a58-8a4a-86824d85f160}, !- Handle
  Face 184,                               !- Name
  Wall,                                   !- Surface Type
  ,                                       !- Construction Name
  {b5dca00f-bc26-4f0a-b933-2fa9f560fdc4}, !- Space Name
  Surface,                                !- Outside Boundary Condition
  {0e5991fa-2dbf-424c-8e8a-297efbab2da8}, !- Outside Boundary Condition Object
  NoSun,                                  !- Sun Exposure
  NoWind,                                 !- Wind Exposure
  ,                                       !- View Factor to Ground
  ,                                       !- Number of Vertices
  21, 17, 2.4384,                         !- X,Y,Z Vertex 1 {m}
  21, 17, 0,                              !- X,Y,Z Vertex 2 {m}
  28, 17, 0,                              !- X,Y,Z Vertex 3 {m}
  28, 17, 2.4384;                         !- X,Y,Z Vertex 4 {m}

OS:Surface,
  {53f24ed2-3295-43b9-b17c-d75c0d67232c}, !- Handle
  Face 179,                               !- Name
  Floor,                                  !- Surface Type
  ,                                       !- Construction Name
  {b5dca00f-bc26-4f0a-b933-2fa9f560fdc4}, !- Space Name
  Ground,                                 !- Outside Boundary Condition
  ,                                       !- Outside Boundary Condition Object
  NoSun,                                  !- Sun Exposure
  NoWind,                                 !- Wind Exposure
  ,                                       !- View Factor to Ground
  ,                                       !- Number of Vertices
  21, 17, 0,                              !- X,Y,Z Vertex 1 {m}
  21, 21, 0,                              !- X,Y,Z Vertex 2 {m}
  28, 21, 0,                              !- X,Y,Z Vertex 3 {m}
  28, 17, 0;                              !- X,Y,Z Vertex 4 {m}

OS:Surface,
  {af4fc609-fe70-43a2-a2cd-813adddb1024}, !- Handle
  Face 183,                               !- Name
  Wall,                                   !- Surface Type
  ,                                       !- Construction Name
  {b5dca00f-bc26-4f0a-b933-2fa9f560fdc4}, !- Space Name
  Surface,                                !- Outside Boundary Condition
  {c6ac4d38-2ad3-48c1-bbfe-27fcc112f05c}, !- Outside Boundary Condition Object
  NoSun,                                  !- Sun Exposure
  NoWind,                                 !- Wind Exposure
  ,                                       !- View Factor to Ground
  ,                                       !- Number of Vertices
  28, 17, 2.4384,                         !- X,Y,Z Vertex 1 {m}
  28, 17, 0,                              !- X,Y,Z Vertex 2 {m}
  28, 21, 0,                              !- X,Y,Z Vertex 3 {m}
  28, 21, 2.4384;                         !- X,Y,Z Vertex 4 {m}

OS:Surface,
  {49566d30-b3a5-4980-9e6f-509cb4da93fc}, !- Handle
  Face 69,                                !- Name
  Wall,                                   !- Surface Type
  ,                                       !- Construction Name
  {dfc40459-c728-49e2-95c2-4c913a79ca61}, !- Space Name
  Surface,                                !- Outside Boundary Condition
  {9a3310c4-2ca5-40b1-9a2c-9b895efc6599}, !- Outside Boundary Condition Object
  NoSun,                                  !- Sun Exposure
  NoWind,                                 !- Wind Exposure
  ,                                       !- View Factor to Ground
  ,                                       !- Number of Vertices
  -7, 0, 2.4384,                          !- X,Y,Z Vertex 1 {m}
  -7, 0, 0,                               !- X,Y,Z Vertex 2 {m}
  -7, 5, 0,                               !- X,Y,Z Vertex 3 {m}
  -7, 5, 2.4384;                          !- X,Y,Z Vertex 4 {m}

OS:Surface,
  {ba44ec16-1116-4066-b451-3dfe500be578}, !- Handle
  Face 66,                                !- Name
  Floor,                                  !- Surface Type
  ,                                       !- Construction Name
  {dfc40459-c728-49e2-95c2-4c913a79ca61}, !- Space Name
  Ground,                                 !- Outside Boundary Condition
  ,                                       !- Outside Boundary Condition Object
  NoSun,                                  !- Sun Exposure
  NoWind,                                 !- Wind Exposure
  ,                                       !- View Factor to Ground
  ,                                       !- Number of Vertices
  -7, 11, 0,                              !- X,Y,Z Vertex 1 {m}
  -7, 5, 0,                               !- X,Y,Z Vertex 2 {m}
  -7, 0, 0,                               !- X,Y,Z Vertex 3 {m}
  -10, 0, 0,                              !- X,Y,Z Vertex 4 {m}
  -10, 7, 0,                              !- X,Y,Z Vertex 5 {m}
  -10, 11, 0;                             !- X,Y,Z Vertex 6 {m}

OS:Surface,
  {7503a0b4-9de6-4539-9ccf-662a6dac6e8b}, !- Handle
  Face 67,                                !- Name
  RoofCeiling,                            !- Surface Type
  ,                                       !- Construction Name
  {dfc40459-c728-49e2-95c2-4c913a79ca61}, !- Space Name
  Outdoors,                               !- Outside Boundary Condition
  ,                                       !- Outside Boundary Condition Object
  SunExposed,                             !- Sun Exposure
  WindExposed,                            !- Wind Exposure
  ,                                       !- View Factor to Ground
  ,                                       !- Number of Vertices
  -10, 11, 2.4384,                        !- X,Y,Z Vertex 1 {m}
  -10, 7, 2.4384,                         !- X,Y,Z Vertex 2 {m}
  -10, 0, 2.4384,                         !- X,Y,Z Vertex 3 {m}
  -7, 0, 2.4384,                          !- X,Y,Z Vertex 4 {m}
  -7, 5, 2.4384,                          !- X,Y,Z Vertex 5 {m}
  -7, 11, 2.4384;                         !- X,Y,Z Vertex 6 {m}

OS:Surface,
  {0b4408fb-39ee-449c-884b-4d77c67e2ca3}, !- Handle
  Face 70,                                !- Name
  Wall,                                   !- Surface Type
  ,                                       !- Construction Name
  {dfc40459-c728-49e2-95c2-4c913a79ca61}, !- Space Name
  Surface,                                !- Outside Boundary Condition
  {95c0e335-4e74-4bff-8e3c-4bbdb74db4f2}, !- Outside Boundary Condition Object
  NoSun,                                  !- Sun Exposure
  NoWind,                                 !- Wind Exposure
  ,                                       !- View Factor to Ground
  ,                                       !- Number of Vertices
  -10, 0, 2.4384,                         !- X,Y,Z Vertex 1 {m}
  -10, 0, 0,                              !- X,Y,Z Vertex 2 {m}
  -7, 0, 0,                               !- X,Y,Z Vertex 3 {m}
  -7, 0, 2.4384;                          !- X,Y,Z Vertex 4 {m}

OS:Surface,
  {c549ad5d-58be-4f06-8d5d-93a23e0cf0c5}, !- Handle
  Face 68,                                !- Name
  Wall,                                   !- Surface Type
  ,                                       !- Construction Name
  {dfc40459-c728-49e2-95c2-4c913a79ca61}, !- Space Name
  Surface,                                !- Outside Boundary Condition
  {c145d4b8-a49b-4076-8d4a-d9635790bbfc}, !- Outside Boundary Condition Object
  NoSun,                                  !- Sun Exposure
  NoWind,                                 !- Wind Exposure
  ,                                       !- View Factor to Ground
  ,                                       !- Number of Vertices
  -7, 5, 2.4384,                          !- X,Y,Z Vertex 1 {m}
  -7, 5, 0,                               !- X,Y,Z Vertex 2 {m}
  -7, 11, 0,                              !- X,Y,Z Vertex 3 {m}
  -7, 11, 2.4384;                         !- X,Y,Z Vertex 4 {m}

OS:Surface,
  {380228b3-34cd-455c-8fa0-945e8cda7b43}, !- Handle
  Face 71,                                !- Name
  Wall,                                   !- Surface Type
  ,                                       !- Construction Name
  {dfc40459-c728-49e2-95c2-4c913a79ca61}, !- Space Name
  Surface,                                !- Outside Boundary Condition
  {72e2f1b3-dd67-4b35-a80d-38a517aa9771}, !- Outside Boundary Condition Object
  NoSun,                                  !- Sun Exposure
  NoWind,                                 !- Wind Exposure
  ,                                       !- View Factor to Ground
  ,                                       !- Number of Vertices
  -10, 0, 2.4384,                         !- X,Y,Z Vertex 1 {m}
  -10, 7, 2.4384,                         !- X,Y,Z Vertex 2 {m}
  -10, 7, 0,                              !- X,Y,Z Vertex 3 {m}
  -10, 0, 0;                              !- X,Y,Z Vertex 4 {m}

OS:SubSurface,
  {6e0c1b4a-4320-465a-ae9c-9c1f2f29d3a4}, !- Handle
  Face 72,                                !- Name
  Door,                                   !- Sub Surface Type
  ,                                       !- Construction Name
  {380228b3-34cd-455c-8fa0-945e8cda7b43}, !- Surface Name
  {9e579191-3eb7-420d-98f8-cc396532f9a3}, !- Outside Boundary Condition Object
  ,                                       !- View Factor to Ground
  ,                                       !- Frame and Divider Name
  ,                                       !- Multiplier
  ,                                       !- Number of Vertices
  -10, 5.5, 2.033016,                     !- X,Y,Z Vertex 1 {m}
  -10, 5.5, 0,                            !- X,Y,Z Vertex 2 {m}
  -10, 4.5, 0,                            !- X,Y,Z Vertex 3 {m}
  -10, 4.5, 2.033016;                     !- X,Y,Z Vertex 4 {m}

OS:Surface,
  {c8e00382-1bf8-4c0f-99ab-d00692f7ddeb}, !- Handle
  Face 73,                                !- Name
  Wall,                                   !- Surface Type
  ,                                       !- Construction Name
  {dfc40459-c728-49e2-95c2-4c913a79ca61}, !- Space Name
  Surface,                                !- Outside Boundary Condition
  {7805ded2-e35e-4344-93a4-539a4aaf1e7e}, !- Outside Boundary Condition Object
  NoSun,                                  !- Sun Exposure
  NoWind,                                 !- Wind Exposure
  ,                                       !- View Factor to Ground
  ,                                       !- Number of Vertices
  -10, 11, 2.4384,                        !- X,Y,Z Vertex 1 {m}
  -10, 11, 0,                             !- X,Y,Z Vertex 2 {m}
  -10, 7, 0,                              !- X,Y,Z Vertex 3 {m}
  -10, 7, 2.4384;                         !- X,Y,Z Vertex 4 {m}

OS:Surface,
  {1982ca05-2633-4dd1-8d7f-44d661fb7ad6}, !- Handle
  Face 74,                                !- Name
  Wall,                                   !- Surface Type
  ,                                       !- Construction Name
  {dfc40459-c728-49e2-95c2-4c913a79ca61}, !- Space Name
  Surface,                                !- Outside Boundary Condition
  {cfbb0779-6bdf-4aa4-8688-8c1105f504c5}, !- Outside Boundary Condition Object
  NoSun,                                  !- Sun Exposure
  NoWind,                                 !- Wind Exposure
  ,                                       !- View Factor to Ground
  ,                                       !- Number of Vertices
  -10, 11, 2.4384,                        !- X,Y,Z Vertex 1 {m}
  -7, 11, 2.4384,                         !- X,Y,Z Vertex 2 {m}
  -7, 11, 0,                              !- X,Y,Z Vertex 3 {m}
  -10, 11, 0;                             !- X,Y,Z Vertex 4 {m}

OS:SubSurface,
  {cefb9c3b-ead8-4870-a5d9-d0190ac15329}, !- Handle
  Face 75,                                !- Name
  Door,                                   !- Sub Surface Type
  ,                                       !- Construction Name
  {1982ca05-2633-4dd1-8d7f-44d661fb7ad6}, !- Surface Name
  {53144fa7-412f-4d1d-9ed2-89ca57a04660}, !- Outside Boundary Condition Object
  ,                                       !- View Factor to Ground
  ,                                       !- Frame and Divider Name
  ,                                       !- Multiplier
  ,                                       !- Number of Vertices
  -7.5, 11, 2.033016,                     !- X,Y,Z Vertex 1 {m}
  -7.5, 11, 0,                            !- X,Y,Z Vertex 2 {m}
  -8.5, 11, 0,                            !- X,Y,Z Vertex 3 {m}
  -8.5, 11, 2.033016;                     !- X,Y,Z Vertex 4 {m}

OS:Surface,
  {e0a6ad39-086b-4058-bda1-5283a0cb4cdd}, !- Handle
  Face 330,                               !- Name
  Wall,                                   !- Surface Type
  ,                                       !- Construction Name
  {abde659f-c56e-406f-802e-11a1b1d14275}, !- Space Name
  Surface,                                !- Outside Boundary Condition
  {8fac1952-e491-4d32-9f10-9949c615e299}, !- Outside Boundary Condition Object
  NoSun,                                  !- Sun Exposure
  NoWind,                                 !- Wind Exposure
  ,                                       !- View Factor to Ground
  ,                                       !- Number of Vertices
  -17, 29, 2.4384,                        !- X,Y,Z Vertex 1 {m}
  -20, 29, 2.4384,                        !- X,Y,Z Vertex 2 {m}
  -20, 29, 0,                             !- X,Y,Z Vertex 3 {m}
  -17, 29, 0;                             !- X,Y,Z Vertex 4 {m}

OS:SubSurface,
  {7bd67893-f17f-49e6-8e48-d569542586fd}, !- Handle
  Face 331,                               !- Name
  Door,                                   !- Sub Surface Type
  ,                                       !- Construction Name
  {e0a6ad39-086b-4058-bda1-5283a0cb4cdd}, !- Surface Name
  {4b83a75f-7a81-4c3e-a2f3-19cef517c9f7}, !- Outside Boundary Condition Object
  ,                                       !- View Factor to Ground
  ,                                       !- Frame and Divider Name
  ,                                       !- Multiplier
  ,                                       !- Number of Vertices
  -18.5, 29, 2.033016,                    !- X,Y,Z Vertex 1 {m}
  -18.5, 29, 0,                           !- X,Y,Z Vertex 2 {m}
  -17.5, 29, 0,                           !- X,Y,Z Vertex 3 {m}
  -17.5, 29, 2.033016;                    !- X,Y,Z Vertex 4 {m}

OS:Surface,
  {f09ad099-8675-422c-8226-ede70528b71d}, !- Handle
  Face 326,                               !- Name
  RoofCeiling,                            !- Surface Type
  ,                                       !- Construction Name
  {abde659f-c56e-406f-802e-11a1b1d14275}, !- Space Name
  Outdoors,                               !- Outside Boundary Condition
  ,                                       !- Outside Boundary Condition Object
  SunExposed,                             !- Sun Exposure
  WindExposed,                            !- Wind Exposure
  ,                                       !- View Factor to Ground
  ,                                       !- Number of Vertices
  -17, 29, 2.4384,                        !- X,Y,Z Vertex 1 {m}
  -17, 33, 2.4384,                        !- X,Y,Z Vertex 2 {m}
  -20, 33, 2.4384,                        !- X,Y,Z Vertex 3 {m}
  -20, 29, 2.4384;                        !- X,Y,Z Vertex 4 {m}

OS:Surface,
  {51561abf-3a9f-429a-a541-3515b5ea15ad}, !- Handle
  Face 328,                               !- Name
  Wall,                                   !- Surface Type
  ,                                       !- Construction Name
  {abde659f-c56e-406f-802e-11a1b1d14275}, !- Space Name
  Surface,                                !- Outside Boundary Condition
  {a57e5dfb-1ec2-4817-9ed9-1eb2b571d9b2}, !- Outside Boundary Condition Object
  NoSun,                                  !- Sun Exposure
  NoWind,                                 !- Wind Exposure
  ,                                       !- View Factor to Ground
  ,                                       !- Number of Vertices
  -17, 33, 2.4384,                        !- X,Y,Z Vertex 1 {m}
  -17, 33, 0,                             !- X,Y,Z Vertex 2 {m}
  -20, 33, 0,                             !- X,Y,Z Vertex 3 {m}
  -20, 33, 2.4384;                        !- X,Y,Z Vertex 4 {m}

OS:Surface,
  {05aa7ccd-0dbf-4a5d-8ccd-c4a604630a45}, !- Handle
  Face 327,                               !- Name
  Wall,                                   !- Surface Type
  ,                                       !- Construction Name
  {abde659f-c56e-406f-802e-11a1b1d14275}, !- Space Name
  Surface,                                !- Outside Boundary Condition
  {c5145cc5-5339-4257-8e2b-428582f7232a}, !- Outside Boundary Condition Object
  NoSun,                                  !- Sun Exposure
  NoWind,                                 !- Wind Exposure
  ,                                       !- View Factor to Ground
  ,                                       !- Number of Vertices
  -20, 33, 2.4384,                        !- X,Y,Z Vertex 1 {m}
  -20, 33, 0,                             !- X,Y,Z Vertex 2 {m}
  -20, 29, 0,                             !- X,Y,Z Vertex 3 {m}
  -20, 29, 2.4384;                        !- X,Y,Z Vertex 4 {m}

OS:Surface,
  {0f9e9ef1-7675-4feb-bf50-b1cdbd56b803}, !- Handle
  Face 329,                               !- Name
  Wall,                                   !- Surface Type
  ,                                       !- Construction Name
  {abde659f-c56e-406f-802e-11a1b1d14275}, !- Space Name
  Surface,                                !- Outside Boundary Condition
  {ec62ce40-ca3b-4175-bc08-3094a71669c8}, !- Outside Boundary Condition Object
  NoSun,                                  !- Sun Exposure
  NoWind,                                 !- Wind Exposure
  ,                                       !- View Factor to Ground
  ,                                       !- Number of Vertices
  -17, 29, 2.4384,                        !- X,Y,Z Vertex 1 {m}
  -17, 29, 0,                             !- X,Y,Z Vertex 2 {m}
  -17, 33, 0,                             !- X,Y,Z Vertex 3 {m}
  -17, 33, 2.4384;                        !- X,Y,Z Vertex 4 {m}

OS:Surface,
  {4c949503-4ee8-4e9d-aa2c-95a011daeb0b}, !- Handle
  Face 325,                               !- Name
  Floor,                                  !- Surface Type
  ,                                       !- Construction Name
  {abde659f-c56e-406f-802e-11a1b1d14275}, !- Space Name
  Ground,                                 !- Outside Boundary Condition
  ,                                       !- Outside Boundary Condition Object
  NoSun,                                  !- Sun Exposure
  NoWind,                                 !- Wind Exposure
  ,                                       !- View Factor to Ground
  ,                                       !- Number of Vertices
  -20, 29, 0,                             !- X,Y,Z Vertex 1 {m}
  -20, 33, 0,                             !- X,Y,Z Vertex 2 {m}
  -17, 33, 0,                             !- X,Y,Z Vertex 3 {m}
  -17, 29, 0;                             !- X,Y,Z Vertex 4 {m}

OS:Surface,
  {2da21b31-8650-49a8-97df-aaecea3a0511}, !- Handle
  Face 425,                               !- Name
  Floor,                                  !- Surface Type
  ,                                       !- Construction Name
  {08180ebc-e0f4-4aa1-9132-45108bdc7dee}, !- Space Name
  Ground,                                 !- Outside Boundary Condition
  ,                                       !- Outside Boundary Condition Object
  NoSun,                                  !- Sun Exposure
  NoWind,                                 !- Wind Exposure
  ,                                       !- View Factor to Ground
  ,                                       !- Number of Vertices
  -22, -14, 0,                            !- X,Y,Z Vertex 1 {m}
  -22, -11, 0,                            !- X,Y,Z Vertex 2 {m}
  -19, -11, 0,                            !- X,Y,Z Vertex 3 {m}
  -19, -14, 0;                            !- X,Y,Z Vertex 4 {m}

OS:Surface,
  {59807db0-f966-4326-b355-2f15c0098c4d}, !- Handle
  Face 427,                               !- Name
  Wall,                                   !- Surface Type
  ,                                       !- Construction Name
  {08180ebc-e0f4-4aa1-9132-45108bdc7dee}, !- Space Name
  Surface,                                !- Outside Boundary Condition
  {fd160413-2e20-4ffb-9537-0fd9e4f4d862}, !- Outside Boundary Condition Object
  NoSun,                                  !- Sun Exposure
  NoWind,                                 !- Wind Exposure
  ,                                       !- View Factor to Ground
  ,                                       !- Number of Vertices
  -22, -11, 2.4384,                       !- X,Y,Z Vertex 1 {m}
  -22, -11, 0,                            !- X,Y,Z Vertex 2 {m}
  -22, -14, 0,                            !- X,Y,Z Vertex 3 {m}
  -22, -14, 2.4384;                       !- X,Y,Z Vertex 4 {m}

OS:Surface,
  {2cfe1378-f512-42ab-8fc9-b101368f32b7}, !- Handle
  Face 428,                               !- Name
  Wall,                                   !- Surface Type
  ,                                       !- Construction Name
  {08180ebc-e0f4-4aa1-9132-45108bdc7dee}, !- Space Name
  Surface,                                !- Outside Boundary Condition
  {1e2ff31f-9b62-48d6-af36-37fff1338412}, !- Outside Boundary Condition Object
  NoSun,                                  !- Sun Exposure
  NoWind,                                 !- Wind Exposure
  ,                                       !- View Factor to Ground
  ,                                       !- Number of Vertices
  -19, -11, 2.4384,                       !- X,Y,Z Vertex 1 {m}
  -19, -11, 0,                            !- X,Y,Z Vertex 2 {m}
  -22, -11, 0,                            !- X,Y,Z Vertex 3 {m}
  -22, -11, 2.4384;                       !- X,Y,Z Vertex 4 {m}

OS:Surface,
  {648b20b8-166f-47cd-985b-38fd22eb8671}, !- Handle
  Face 429,                               !- Name
  Wall,                                   !- Surface Type
  ,                                       !- Construction Name
  {08180ebc-e0f4-4aa1-9132-45108bdc7dee}, !- Space Name
  Surface,                                !- Outside Boundary Condition
  {e4f518d4-fded-4be6-af7c-729da42bf028}, !- Outside Boundary Condition Object
  NoSun,                                  !- Sun Exposure
  NoWind,                                 !- Wind Exposure
  ,                                       !- View Factor to Ground
  ,                                       !- Number of Vertices
  -19, -11, 2.4384,                       !- X,Y,Z Vertex 1 {m}
  -19, -14, 2.4384,                       !- X,Y,Z Vertex 2 {m}
  -19, -14, 0,                            !- X,Y,Z Vertex 3 {m}
  -19, -11, 0;                            !- X,Y,Z Vertex 4 {m}

OS:SubSurface,
  {26529e2d-a52a-4cb7-bec8-c748d7143400}, !- Handle
  Face 430,                               !- Name
  Door,                                   !- Sub Surface Type
  ,                                       !- Construction Name
  {648b20b8-166f-47cd-985b-38fd22eb8671}, !- Surface Name
  {a521d16f-d7fa-4da5-a93f-8ef56ca88096}, !- Outside Boundary Condition Object
  ,                                       !- View Factor to Ground
  ,                                       !- Frame and Divider Name
  ,                                       !- Multiplier
  ,                                       !- Number of Vertices
  -19, -13.5, 2.033016,                   !- X,Y,Z Vertex 1 {m}
  -19, -13.5, 0,                          !- X,Y,Z Vertex 2 {m}
  -19, -12.5, 0,                          !- X,Y,Z Vertex 3 {m}
  -19, -12.5, 2.033016;                   !- X,Y,Z Vertex 4 {m}

OS:Surface,
  {e1659af1-7df4-4651-b7c1-69afd14cc230}, !- Handle
  Face 431,                               !- Name
  Wall,                                   !- Surface Type
  ,                                       !- Construction Name
  {08180ebc-e0f4-4aa1-9132-45108bdc7dee}, !- Space Name
  Surface,                                !- Outside Boundary Condition
  {f3bf4ad2-a70c-427c-b5b8-5e8bd6d0f9aa}, !- Outside Boundary Condition Object
  NoSun,                                  !- Sun Exposure
  NoWind,                                 !- Wind Exposure
  ,                                       !- View Factor to Ground
  ,                                       !- Number of Vertices
  -22, -14, 2.4384,                       !- X,Y,Z Vertex 1 {m}
  -22, -14, 0,                            !- X,Y,Z Vertex 2 {m}
  -19, -14, 0,                            !- X,Y,Z Vertex 3 {m}
  -19, -14, 2.4384;                       !- X,Y,Z Vertex 4 {m}

OS:Surface,
  {fda0c79e-917c-4410-8011-a5f3066294e3}, !- Handle
  Face 426,                               !- Name
  RoofCeiling,                            !- Surface Type
  ,                                       !- Construction Name
  {08180ebc-e0f4-4aa1-9132-45108bdc7dee}, !- Space Name
  Outdoors,                               !- Outside Boundary Condition
  ,                                       !- Outside Boundary Condition Object
  SunExposed,                             !- Sun Exposure
  WindExposed,                            !- Wind Exposure
  ,                                       !- View Factor to Ground
  ,                                       !- Number of Vertices
  -19, -14, 2.4384,                       !- X,Y,Z Vertex 1 {m}
  -19, -11, 2.4384,                       !- X,Y,Z Vertex 2 {m}
  -22, -11, 2.4384,                       !- X,Y,Z Vertex 3 {m}
  -22, -14, 2.4384;                       !- X,Y,Z Vertex 4 {m}

OS:Surface,
  {baa3a236-8685-45b4-800f-b7d2ff0b7d08}, !- Handle
  Face 440,                               !- Name
  Floor,                                  !- Surface Type
  ,                                       !- Construction Name
  {67836768-2441-4c9c-945c-ff8738883f76}, !- Space Name
  Ground,                                 !- Outside Boundary Condition
  ,                                       !- Outside Boundary Condition Object
  NoSun,                                  !- Sun Exposure
  NoWind,                                 !- Wind Exposure
  ,                                       !- View Factor to Ground
  ,                                       !- Number of Vertices
  10, -7, 0,                              !- X,Y,Z Vertex 1 {m}
  10, -11, 0,                             !- X,Y,Z Vertex 2 {m}
  3, -11, 0,                              !- X,Y,Z Vertex 3 {m}
  3, -7, 0;                               !- X,Y,Z Vertex 4 {m}

OS:Surface,
  {939fcec5-cef5-4a23-bec0-ef0c687be4ea}, !- Handle
  Face 441,                               !- Name
  RoofCeiling,                            !- Surface Type
  ,                                       !- Construction Name
  {67836768-2441-4c9c-945c-ff8738883f76}, !- Space Name
  Outdoors,                               !- Outside Boundary Condition
  ,                                       !- Outside Boundary Condition Object
  SunExposed,                             !- Sun Exposure
  WindExposed,                            !- Wind Exposure
  ,                                       !- View Factor to Ground
  ,                                       !- Number of Vertices
  3, -7, 2.4384,                          !- X,Y,Z Vertex 1 {m}
  3, -11, 2.4384,                         !- X,Y,Z Vertex 2 {m}
  10, -11, 2.4384,                        !- X,Y,Z Vertex 3 {m}
  10, -7, 2.4384;                         !- X,Y,Z Vertex 4 {m}

OS:Surface,
  {e16d8396-f198-478b-87b0-31f22770d024}, !- Handle
  Face 442,                               !- Name
  Wall,                                   !- Surface Type
  ,                                       !- Construction Name
  {67836768-2441-4c9c-945c-ff8738883f76}, !- Space Name
  Surface,                                !- Outside Boundary Condition
  {81031cbf-9ca0-44c4-b550-6149a8202c49}, !- Outside Boundary Condition Object
  NoSun,                                  !- Sun Exposure
  NoWind,                                 !- Wind Exposure
  ,                                       !- View Factor to Ground
  ,                                       !- Number of Vertices
  10, -11, 2.4384,                        !- X,Y,Z Vertex 1 {m}
  10, -11, 0,                             !- X,Y,Z Vertex 2 {m}
  10, -7, 0,                              !- X,Y,Z Vertex 3 {m}
  10, -7, 2.4384;                         !- X,Y,Z Vertex 4 {m}

OS:Surface,
  {c411be79-567b-4f71-b735-a356b703f455}, !- Handle
  Face 443,                               !- Name
  Wall,                                   !- Surface Type
  ,                                       !- Construction Name
  {67836768-2441-4c9c-945c-ff8738883f76}, !- Space Name
  Surface,                                !- Outside Boundary Condition
  {30d0f998-805c-4d7e-800f-d2d03da4a1cb}, !- Outside Boundary Condition Object
  NoSun,                                  !- Sun Exposure
  NoWind,                                 !- Wind Exposure
  ,                                       !- View Factor to Ground
  ,                                       !- Number of Vertices
  10, -11, 2.4384,                        !- X,Y,Z Vertex 1 {m}
  3, -11, 2.4384,                         !- X,Y,Z Vertex 2 {m}
  3, -11, 0,                              !- X,Y,Z Vertex 3 {m}
  10, -11, 0;                             !- X,Y,Z Vertex 4 {m}

OS:SubSurface,
  {ff2dc1e0-4ce8-4a99-b2c2-10edc5a23d14}, !- Handle
  Face 444,                               !- Name
  Door,                                   !- Sub Surface Type
  ,                                       !- Construction Name
  {c411be79-567b-4f71-b735-a356b703f455}, !- Surface Name
  {bac4c1aa-f1a2-4578-a34f-57e8574920d6}, !- Outside Boundary Condition Object
  ,                                       !- View Factor to Ground
  ,                                       !- Frame and Divider Name
  ,                                       !- Multiplier
  ,                                       !- Number of Vertices
  8.5, -11, 2.033016,                     !- X,Y,Z Vertex 1 {m}
  8.5, -11, 0,                            !- X,Y,Z Vertex 2 {m}
  9.5, -11, 0,                            !- X,Y,Z Vertex 3 {m}
  9.5, -11, 2.033016;                     !- X,Y,Z Vertex 4 {m}

OS:Surface,
  {1f8de961-2313-442a-aa8e-060b504fa09e}, !- Handle
  Face 445,                               !- Name
  Wall,                                   !- Surface Type
  ,                                       !- Construction Name
  {67836768-2441-4c9c-945c-ff8738883f76}, !- Space Name
  Surface,                                !- Outside Boundary Condition
  {ea339555-bf0d-410e-bc70-abf7555a67fc}, !- Outside Boundary Condition Object
  NoSun,                                  !- Sun Exposure
  NoWind,                                 !- Wind Exposure
  ,                                       !- View Factor to Ground
  ,                                       !- Number of Vertices
  3, -7, 2.4384,                          !- X,Y,Z Vertex 1 {m}
  3, -7, 0,                               !- X,Y,Z Vertex 2 {m}
  3, -11, 0,                              !- X,Y,Z Vertex 3 {m}
  3, -11, 2.4384;                         !- X,Y,Z Vertex 4 {m}

OS:Surface,
  {051084fb-561a-4385-94ba-5c770bcb8260}, !- Handle
  Face 446,                               !- Name
  Wall,                                   !- Surface Type
  ,                                       !- Construction Name
  {67836768-2441-4c9c-945c-ff8738883f76}, !- Space Name
  Surface,                                !- Outside Boundary Condition
  {cc748673-2a49-46c6-9183-0888f1bfc32b}, !- Outside Boundary Condition Object
  NoSun,                                  !- Sun Exposure
  NoWind,                                 !- Wind Exposure
  ,                                       !- View Factor to Ground
  ,                                       !- Number of Vertices
  10, -7, 2.4384,                         !- X,Y,Z Vertex 1 {m}
  10, -7, 0,                              !- X,Y,Z Vertex 2 {m}
  3, -7, 0,                               !- X,Y,Z Vertex 3 {m}
  3, -7, 2.4384;                          !- X,Y,Z Vertex 4 {m}

OS:Surface,
  {6bb04c44-1df7-4675-8d8a-3609a06aec9f}, !- Handle
  Face 294,                               !- Name
  Floor,                                  !- Surface Type
  ,                                       !- Construction Name
  {f4ed4486-3a11-43b5-bba1-08485da2476a}, !- Space Name
  Ground,                                 !- Outside Boundary Condition
  ,                                       !- Outside Boundary Condition Object
  NoSun,                                  !- Sun Exposure
  NoWind,                                 !- Wind Exposure
  ,                                       !- View Factor to Ground
  ,                                       !- Number of Vertices
  -4, 30, 0,                              !- X,Y,Z Vertex 1 {m}
  -4, 26, 0,                              !- X,Y,Z Vertex 2 {m}
  -10, 26, 0,                             !- X,Y,Z Vertex 3 {m}
  -10, 30, 0,                             !- X,Y,Z Vertex 4 {m}
  -6, 30, 0;                              !- X,Y,Z Vertex 5 {m}

OS:Surface,
  {d00e816e-516f-439f-b4f5-6619587aa3c8}, !- Handle
  Face 297,                               !- Name
  Wall,                                   !- Surface Type
  ,                                       !- Construction Name
  {f4ed4486-3a11-43b5-bba1-08485da2476a}, !- Space Name
  Surface,                                !- Outside Boundary Condition
  {54b52b79-e649-4372-98bd-832ca0849d68}, !- Outside Boundary Condition Object
  NoSun,                                  !- Sun Exposure
  NoWind,                                 !- Wind Exposure
  ,                                       !- View Factor to Ground
  ,                                       !- Number of Vertices
  -10, 26, 2.4384,                        !- X,Y,Z Vertex 1 {m}
  -10, 26, 0,                             !- X,Y,Z Vertex 2 {m}
  -4, 26, 0,                              !- X,Y,Z Vertex 3 {m}
  -4, 26, 2.4384;                         !- X,Y,Z Vertex 4 {m}

OS:Surface,
  {0bd6558a-b3be-4884-8fa9-9e98130b9fd6}, !- Handle
  Face 300,                               !- Name
  Wall,                                   !- Surface Type
  ,                                       !- Construction Name
  {f4ed4486-3a11-43b5-bba1-08485da2476a}, !- Space Name
  Surface,                                !- Outside Boundary Condition
  {ee8c419b-2bc2-4e66-b7ac-3e53ab417c65}, !- Outside Boundary Condition Object
  NoSun,                                  !- Sun Exposure
  NoWind,                                 !- Wind Exposure
  ,                                       !- View Factor to Ground
  ,                                       !- Number of Vertices
  -6, 30, 2.4384,                         !- X,Y,Z Vertex 1 {m}
  -4, 30, 2.4384,                         !- X,Y,Z Vertex 2 {m}
  -4, 30, 0,                              !- X,Y,Z Vertex 3 {m}
  -6, 30, 0;                              !- X,Y,Z Vertex 4 {m}

OS:SubSurface,
  {2decd1eb-01b8-46be-8746-f64f721a5526}, !- Handle
  Face 301,                               !- Name
  Door,                                   !- Sub Surface Type
  ,                                       !- Construction Name
  {0bd6558a-b3be-4884-8fa9-9e98130b9fd6}, !- Surface Name
  {bab8ec0d-755d-41d7-9bb4-1b1127687d81}, !- Outside Boundary Condition Object
  ,                                       !- View Factor to Ground
  ,                                       !- Frame and Divider Name
  ,                                       !- Multiplier
  ,                                       !- Number of Vertices
  -4.5, 30, 2.033016,                     !- X,Y,Z Vertex 1 {m}
  -4.5, 30, 0,                            !- X,Y,Z Vertex 2 {m}
  -5.5, 30, 0,                            !- X,Y,Z Vertex 3 {m}
  -5.5, 30, 2.033016;                     !- X,Y,Z Vertex 4 {m}

OS:Surface,
  {8cda3470-ef37-415d-8d62-d517c8490e87}, !- Handle
  Face 295,                               !- Name
  RoofCeiling,                            !- Surface Type
  ,                                       !- Construction Name
  {f4ed4486-3a11-43b5-bba1-08485da2476a}, !- Space Name
  Outdoors,                               !- Outside Boundary Condition
  ,                                       !- Outside Boundary Condition Object
  SunExposed,                             !- Sun Exposure
  WindExposed,                            !- Wind Exposure
  ,                                       !- View Factor to Ground
  ,                                       !- Number of Vertices
  -6, 30, 2.4384,                         !- X,Y,Z Vertex 1 {m}
  -10, 30, 2.4384,                        !- X,Y,Z Vertex 2 {m}
  -10, 26, 2.4384,                        !- X,Y,Z Vertex 3 {m}
  -4, 26, 2.4384,                         !- X,Y,Z Vertex 4 {m}
  -4, 30, 2.4384;                         !- X,Y,Z Vertex 5 {m}

OS:Surface,
  {7bf48bf7-14b3-4500-b22d-416b88a4965c}, !- Handle
  Face 298,                               !- Name
  Wall,                                   !- Surface Type
  ,                                       !- Construction Name
  {f4ed4486-3a11-43b5-bba1-08485da2476a}, !- Space Name
  Surface,                                !- Outside Boundary Condition
  {bb2096cc-4054-40d9-b5b3-8f33055417af}, !- Outside Boundary Condition Object
  NoSun,                                  !- Sun Exposure
  NoWind,                                 !- Wind Exposure
  ,                                       !- View Factor to Ground
  ,                                       !- Number of Vertices
  -10, 30, 2.4384,                        !- X,Y,Z Vertex 1 {m}
  -10, 30, 0,                             !- X,Y,Z Vertex 2 {m}
  -10, 26, 0,                             !- X,Y,Z Vertex 3 {m}
  -10, 26, 2.4384;                        !- X,Y,Z Vertex 4 {m}

OS:Surface,
  {23a37963-a75e-4acd-92a6-65a52ef0bab3}, !- Handle
  Face 299,                               !- Name
  Wall,                                   !- Surface Type
  ,                                       !- Construction Name
  {f4ed4486-3a11-43b5-bba1-08485da2476a}, !- Space Name
  Surface,                                !- Outside Boundary Condition
  {eef5ca46-4b4c-4d2d-9683-ebb21ba0a15c}, !- Outside Boundary Condition Object
  NoSun,                                  !- Sun Exposure
  NoWind,                                 !- Wind Exposure
  ,                                       !- View Factor to Ground
  ,                                       !- Number of Vertices
  -6, 30, 2.4384,                         !- X,Y,Z Vertex 1 {m}
  -6, 30, 0,                              !- X,Y,Z Vertex 2 {m}
  -10, 30, 0,                             !- X,Y,Z Vertex 3 {m}
  -10, 30, 2.4384;                        !- X,Y,Z Vertex 4 {m}

OS:Surface,
  {96c69aa2-7e6e-48fc-849e-ba11d3442366}, !- Handle
  Face 296,                               !- Name
  Wall,                                   !- Surface Type
  ,                                       !- Construction Name
  {f4ed4486-3a11-43b5-bba1-08485da2476a}, !- Space Name
  Surface,                                !- Outside Boundary Condition
  {1f4677fc-c826-49f4-aa07-a8673a2da4eb}, !- Outside Boundary Condition Object
  NoSun,                                  !- Sun Exposure
  NoWind,                                 !- Wind Exposure
  ,                                       !- View Factor to Ground
  ,                                       !- Number of Vertices
  -4, 26, 2.4384,                         !- X,Y,Z Vertex 1 {m}
  -4, 26, 0,                              !- X,Y,Z Vertex 2 {m}
  -4, 30, 0,                              !- X,Y,Z Vertex 3 {m}
  -4, 30, 2.4384;                         !- X,Y,Z Vertex 4 {m}

OS:Surface,
  {eea81f33-8cf7-4284-9626-fe368cbc2fd0}, !- Handle
  Face 150,                               !- Name
  Wall,                                   !- Surface Type
  ,                                       !- Construction Name
  {1e6b2642-6431-4833-ac25-ef28703a9ff4}, !- Space Name
  Surface,                                !- Outside Boundary Condition
  {871c54d1-bf89-47af-8702-166a1f24c15b}, !- Outside Boundary Condition Object
  NoSun,                                  !- Sun Exposure
  NoWind,                                 !- Wind Exposure
  ,                                       !- View Factor to Ground
  ,                                       !- Number of Vertices
  30, 14, 2.4384,                         !- X,Y,Z Vertex 1 {m}
  30, 14, 0,                              !- X,Y,Z Vertex 2 {m}
  30, 17, 0,                              !- X,Y,Z Vertex 3 {m}
  30, 17, 2.4384;                         !- X,Y,Z Vertex 4 {m}

OS:Surface,
  {ea050c08-addc-4acd-ba56-a258b7a75335}, !- Handle
  Face 145,                               !- Name
  RoofCeiling,                            !- Surface Type
  ,                                       !- Construction Name
  {1e6b2642-6431-4833-ac25-ef28703a9ff4}, !- Space Name
  Outdoors,                               !- Outside Boundary Condition
  ,                                       !- Outside Boundary Condition Object
  SunExposed,                             !- Sun Exposure
  WindExposed,                            !- Wind Exposure
  ,                                       !- View Factor to Ground
  ,                                       !- Number of Vertices
  30, 14, 2.4384,                         !- X,Y,Z Vertex 1 {m}
  30, 17, 2.4384,                         !- X,Y,Z Vertex 2 {m}
  28, 17, 2.4384,                         !- X,Y,Z Vertex 3 {m}
  21, 17, 2.4384,                         !- X,Y,Z Vertex 4 {m}
  21, 14, 2.4384;                         !- X,Y,Z Vertex 5 {m}

OS:Surface,
  {dbbf13b6-8b6d-4a6e-94d5-90878cffaa67}, !- Handle
  Face 146,                               !- Name
  Wall,                                   !- Surface Type
  ,                                       !- Construction Name
  {1e6b2642-6431-4833-ac25-ef28703a9ff4}, !- Space Name
  Surface,                                !- Outside Boundary Condition
  {c2e9070c-32f5-4f60-bf09-e8cec11f7f3d}, !- Outside Boundary Condition Object
  NoSun,                                  !- Sun Exposure
  NoWind,                                 !- Wind Exposure
  ,                                       !- View Factor to Ground
  ,                                       !- Number of Vertices
  21, 14, 2.4384,                         !- X,Y,Z Vertex 1 {m}
  21, 17, 2.4384,                         !- X,Y,Z Vertex 2 {m}
  21, 17, 0,                              !- X,Y,Z Vertex 3 {m}
  21, 14, 0;                              !- X,Y,Z Vertex 4 {m}

OS:SubSurface,
  {38265f81-7bc7-4e44-bd93-d99d38d102d3}, !- Handle
  Face 147,                               !- Name
  Door,                                   !- Sub Surface Type
  ,                                       !- Construction Name
  {dbbf13b6-8b6d-4a6e-94d5-90878cffaa67}, !- Surface Name
  {3c7b613b-80c2-4ebf-9bcd-942f1f154226}, !- Outside Boundary Condition Object
  ,                                       !- View Factor to Ground
  ,                                       !- Frame and Divider Name
  ,                                       !- Multiplier
  ,                                       !- Number of Vertices
  21, 15.5, 2.033016,                     !- X,Y,Z Vertex 1 {m}
  21, 15.5, 0,                            !- X,Y,Z Vertex 2 {m}
  21, 14.5, 0,                            !- X,Y,Z Vertex 3 {m}
  21, 14.5, 2.033016;                     !- X,Y,Z Vertex 4 {m}

OS:Surface,
  {a31608aa-3464-4e2f-bc44-9c3910ad598a}, !- Handle
  Face 149,                               !- Name
  Wall,                                   !- Surface Type
  ,                                       !- Construction Name
  {1e6b2642-6431-4833-ac25-ef28703a9ff4}, !- Space Name
  Surface,                                !- Outside Boundary Condition
  {0a7600b5-100e-4ebe-8e1a-9db68828b20c}, !- Outside Boundary Condition Object
  NoSun,                                  !- Sun Exposure
  NoWind,                                 !- Wind Exposure
  ,                                       !- View Factor to Ground
  ,                                       !- Number of Vertices
  30, 17, 2.4384,                         !- X,Y,Z Vertex 1 {m}
  30, 17, 0,                              !- X,Y,Z Vertex 2 {m}
  28, 17, 0,                              !- X,Y,Z Vertex 3 {m}
  28, 17, 2.4384;                         !- X,Y,Z Vertex 4 {m}

OS:Surface,
  {9060b9fc-04cc-4207-8c73-ed28c0a91bb4}, !- Handle
  Face 151,                               !- Name
  Wall,                                   !- Surface Type
  ,                                       !- Construction Name
  {1e6b2642-6431-4833-ac25-ef28703a9ff4}, !- Space Name
  Surface,                                !- Outside Boundary Condition
  {23a55d40-7a33-499f-84b3-3119f0a53094}, !- Outside Boundary Condition Object
  NoSun,                                  !- Sun Exposure
  NoWind,                                 !- Wind Exposure
  ,                                       !- View Factor to Ground
  ,                                       !- Number of Vertices
  21, 14, 2.4384,                         !- X,Y,Z Vertex 1 {m}
  21, 14, 0,                              !- X,Y,Z Vertex 2 {m}
  30, 14, 0,                              !- X,Y,Z Vertex 3 {m}
  30, 14, 2.4384;                         !- X,Y,Z Vertex 4 {m}

OS:Surface,
  {ba73a2a5-e36c-4db6-9568-42951be308ec}, !- Handle
  Face 144,                               !- Name
  Floor,                                  !- Surface Type
  ,                                       !- Construction Name
  {1e6b2642-6431-4833-ac25-ef28703a9ff4}, !- Space Name
  Ground,                                 !- Outside Boundary Condition
  ,                                       !- Outside Boundary Condition Object
  NoSun,                                  !- Sun Exposure
  NoWind,                                 !- Wind Exposure
  ,                                       !- View Factor to Ground
  ,                                       !- Number of Vertices
  21, 14, 0,                              !- X,Y,Z Vertex 1 {m}
  21, 17, 0,                              !- X,Y,Z Vertex 2 {m}
  28, 17, 0,                              !- X,Y,Z Vertex 3 {m}
  30, 17, 0,                              !- X,Y,Z Vertex 4 {m}
  30, 14, 0;                              !- X,Y,Z Vertex 5 {m}

OS:Surface,
  {0e5991fa-2dbf-424c-8e8a-297efbab2da8}, !- Handle
  Face 148,                               !- Name
  Wall,                                   !- Surface Type
  ,                                       !- Construction Name
  {1e6b2642-6431-4833-ac25-ef28703a9ff4}, !- Space Name
  Surface,                                !- Outside Boundary Condition
  {66ec88d4-9b6b-4a58-8a4a-86824d85f160}, !- Outside Boundary Condition Object
  NoSun,                                  !- Sun Exposure
  NoWind,                                 !- Wind Exposure
  ,                                       !- View Factor to Ground
  ,                                       !- Number of Vertices
  28, 17, 2.4384,                         !- X,Y,Z Vertex 1 {m}
  28, 17, 0,                              !- X,Y,Z Vertex 2 {m}
  21, 17, 0,                              !- X,Y,Z Vertex 3 {m}
  21, 17, 2.4384;                         !- X,Y,Z Vertex 4 {m}

OS:Surface,
  {64d632a1-de7d-42b7-aea3-4b7c2692230b}, !- Handle
  Face 251,                               !- Name
  Wall,                                   !- Surface Type
  ,                                       !- Construction Name
  {c801af4a-c704-4269-8b61-c0f84bebd283}, !- Space Name
  Surface,                                !- Outside Boundary Condition
  {e6d98a63-451a-47f9-9d25-a4ce6f6683c5}, !- Outside Boundary Condition Object
  NoSun,                                  !- Sun Exposure
  NoWind,                                 !- Wind Exposure
  ,                                       !- View Factor to Ground
  ,                                       !- Number of Vertices
  -4, 17, 2.4384,                         !- X,Y,Z Vertex 1 {m}
  -4, 17, 0,                              !- X,Y,Z Vertex 2 {m}
  -4, 14, 0,                              !- X,Y,Z Vertex 3 {m}
  -4, 14, 2.4384;                         !- X,Y,Z Vertex 4 {m}

OS:Surface,
  {bd0d22c5-fe41-45ae-974f-1a331a23e26f}, !- Handle
  Face 247,                               !- Name
  RoofCeiling,                            !- Surface Type
  ,                                       !- Construction Name
  {c801af4a-c704-4269-8b61-c0f84bebd283}, !- Space Name
  Outdoors,                               !- Outside Boundary Condition
  ,                                       !- Outside Boundary Condition Object
  SunExposed,                             !- Sun Exposure
  WindExposed,                            !- Wind Exposure
  ,                                       !- View Factor to Ground
  ,                                       !- Number of Vertices
  -4, 17, 2.4384,                         !- X,Y,Z Vertex 1 {m}
  -4, 14, 2.4384,                         !- X,Y,Z Vertex 2 {m}
  2, 14, 2.4384,                          !- X,Y,Z Vertex 3 {m}
  2, 17, 2.4384;                          !- X,Y,Z Vertex 4 {m}

OS:Surface,
  {0e320e00-c013-4f74-b558-9068aafa8670}, !- Handle
  Face 249,                               !- Name
  Wall,                                   !- Surface Type
  ,                                       !- Construction Name
  {c801af4a-c704-4269-8b61-c0f84bebd283}, !- Space Name
  Surface,                                !- Outside Boundary Condition
  {c0024b4a-8909-4b91-befb-a87baeb17850}, !- Outside Boundary Condition Object
  NoSun,                                  !- Sun Exposure
  NoWind,                                 !- Wind Exposure
  ,                                       !- View Factor to Ground
  ,                                       !- Number of Vertices
  2, 14, 2.4384,                          !- X,Y,Z Vertex 1 {m}
  -4, 14, 2.4384,                         !- X,Y,Z Vertex 2 {m}
  -4, 14, 0,                              !- X,Y,Z Vertex 3 {m}
  2, 14, 0;                               !- X,Y,Z Vertex 4 {m}

OS:SubSurface,
  {090e80d6-9f68-4d97-8169-2876639d20a5}, !- Handle
  Face 250,                               !- Name
  Door,                                   !- Sub Surface Type
  ,                                       !- Construction Name
  {0e320e00-c013-4f74-b558-9068aafa8670}, !- Surface Name
  {b0018bf2-bc64-45ca-ba23-d8822b47c5ba}, !- Outside Boundary Condition Object
  ,                                       !- View Factor to Ground
  ,                                       !- Frame and Divider Name
  ,                                       !- Multiplier
  ,                                       !- Number of Vertices
  -3.5, 14, 2.033016,                     !- X,Y,Z Vertex 1 {m}
  -3.5, 14, 0,                            !- X,Y,Z Vertex 2 {m}
  -2.5, 14, 0,                            !- X,Y,Z Vertex 3 {m}
  -2.5, 14, 2.033016;                     !- X,Y,Z Vertex 4 {m}

OS:Surface,
  {fe98d9d0-2361-423d-8022-950d934b1c32}, !- Handle
  Face 246,                               !- Name
  Floor,                                  !- Surface Type
  ,                                       !- Construction Name
  {c801af4a-c704-4269-8b61-c0f84bebd283}, !- Space Name
  Ground,                                 !- Outside Boundary Condition
  ,                                       !- Outside Boundary Condition Object
  NoSun,                                  !- Sun Exposure
  NoWind,                                 !- Wind Exposure
  ,                                       !- View Factor to Ground
  ,                                       !- Number of Vertices
  2, 17, 0,                               !- X,Y,Z Vertex 1 {m}
  2, 14, 0,                               !- X,Y,Z Vertex 2 {m}
  -4, 14, 0,                              !- X,Y,Z Vertex 3 {m}
  -4, 17, 0;                              !- X,Y,Z Vertex 4 {m}

OS:Surface,
  {5d26bf53-34d3-4f57-91c3-943b40cc7526}, !- Handle
  Face 248,                               !- Name
  Wall,                                   !- Surface Type
  ,                                       !- Construction Name
  {c801af4a-c704-4269-8b61-c0f84bebd283}, !- Space Name
  Surface,                                !- Outside Boundary Condition
  {ccf7fe64-eb51-4df3-bf97-d7c2736e2a58}, !- Outside Boundary Condition Object
  NoSun,                                  !- Sun Exposure
  NoWind,                                 !- Wind Exposure
  ,                                       !- View Factor to Ground
  ,                                       !- Number of Vertices
  2, 14, 2.4384,                          !- X,Y,Z Vertex 1 {m}
  2, 14, 0,                               !- X,Y,Z Vertex 2 {m}
  2, 17, 0,                               !- X,Y,Z Vertex 3 {m}
  2, 17, 2.4384;                          !- X,Y,Z Vertex 4 {m}

OS:Surface,
  {955cce4b-25d7-4f61-8f2a-266d53cc9e6b}, !- Handle
  Face 252,                               !- Name
  Wall,                                   !- Surface Type
  ,                                       !- Construction Name
  {c801af4a-c704-4269-8b61-c0f84bebd283}, !- Space Name
  Surface,                                !- Outside Boundary Condition
  {a7df8afc-b6b7-4386-a596-af53a1e4f218}, !- Outside Boundary Condition Object
  NoSun,                                  !- Sun Exposure
  NoWind,                                 !- Wind Exposure
  ,                                       !- View Factor to Ground
  ,                                       !- Number of Vertices
  2, 17, 2.4384,                          !- X,Y,Z Vertex 1 {m}
  2, 17, 0,                               !- X,Y,Z Vertex 2 {m}
  -4, 17, 0,                              !- X,Y,Z Vertex 3 {m}
  -4, 17, 2.4384;                         !- X,Y,Z Vertex 4 {m}

OS:Surface,
  {9dc4112d-f7d6-4ffc-834e-840e5b2474eb}, !- Handle
  Face 288,                               !- Name
  Floor,                                  !- Surface Type
  ,                                       !- Construction Name
  {5089ff29-a4f6-487b-baf3-ec84b8c109c8}, !- Space Name
  Ground,                                 !- Outside Boundary Condition
  ,                                       !- Outside Boundary Condition Object
  NoSun,                                  !- Sun Exposure
  NoWind,                                 !- Wind Exposure
  ,                                       !- View Factor to Ground
  ,                                       !- Number of Vertices
  -10, 30, 0,                             !- X,Y,Z Vertex 1 {m}
  -10, 33, 0,                             !- X,Y,Z Vertex 2 {m}
  -6, 33, 0,                              !- X,Y,Z Vertex 3 {m}
  -6, 30, 0;                              !- X,Y,Z Vertex 4 {m}

OS:Surface,
  {dfbc9fbe-5fbb-4965-abf1-7f44019f180f}, !- Handle
  Face 289,                               !- Name
  RoofCeiling,                            !- Surface Type
  ,                                       !- Construction Name
  {5089ff29-a4f6-487b-baf3-ec84b8c109c8}, !- Space Name
  Outdoors,                               !- Outside Boundary Condition
  ,                                       !- Outside Boundary Condition Object
  SunExposed,                             !- Sun Exposure
  WindExposed,                            !- Wind Exposure
  ,                                       !- View Factor to Ground
  ,                                       !- Number of Vertices
  -6, 30, 2.4384,                         !- X,Y,Z Vertex 1 {m}
  -6, 33, 2.4384,                         !- X,Y,Z Vertex 2 {m}
  -10, 33, 2.4384,                        !- X,Y,Z Vertex 3 {m}
  -10, 30, 2.4384;                        !- X,Y,Z Vertex 4 {m}

OS:Surface,
  {5fbd9e73-015e-4483-a6a7-b63f3458c747}, !- Handle
  Face 290,                               !- Name
  Wall,                                   !- Surface Type
  ,                                       !- Construction Name
  {5089ff29-a4f6-487b-baf3-ec84b8c109c8}, !- Space Name
  Surface,                                !- Outside Boundary Condition
  {7a799fba-d8a3-4cfe-abdd-26981d20e13a}, !- Outside Boundary Condition Object
  NoSun,                                  !- Sun Exposure
  NoWind,                                 !- Wind Exposure
  ,                                       !- View Factor to Ground
  ,                                       !- Number of Vertices
  -10, 33, 2.4384,                        !- X,Y,Z Vertex 1 {m}
  -10, 33, 0,                             !- X,Y,Z Vertex 2 {m}
  -10, 30, 0,                             !- X,Y,Z Vertex 3 {m}
  -10, 30, 2.4384;                        !- X,Y,Z Vertex 4 {m}

OS:Surface,
  {29ebdfe5-b56b-4dda-bc20-fb11430d2a12}, !- Handle
  Face 291,                               !- Name
  Wall,                                   !- Surface Type
  ,                                       !- Construction Name
  {5089ff29-a4f6-487b-baf3-ec84b8c109c8}, !- Space Name
  Surface,                                !- Outside Boundary Condition
  {2b5275ea-fe42-4d0e-b5b7-dfdf7f04f859}, !- Outside Boundary Condition Object
  NoSun,                                  !- Sun Exposure
  NoWind,                                 !- Wind Exposure
  ,                                       !- View Factor to Ground
  ,                                       !- Number of Vertices
  -6, 33, 2.4384,                         !- X,Y,Z Vertex 1 {m}
  -6, 33, 0,                              !- X,Y,Z Vertex 2 {m}
  -10, 33, 0,                             !- X,Y,Z Vertex 3 {m}
  -10, 33, 2.4384;                        !- X,Y,Z Vertex 4 {m}

OS:Surface,
  {99758420-516d-4c8e-b51a-90cb0decc689}, !- Handle
  Face 292,                               !- Name
  Wall,                                   !- Surface Type
  ,                                       !- Construction Name
  {5089ff29-a4f6-487b-baf3-ec84b8c109c8}, !- Space Name
  Surface,                                !- Outside Boundary Condition
  {77e89770-987a-4016-91e3-d2db4808b53d}, !- Outside Boundary Condition Object
  NoSun,                                  !- Sun Exposure
  NoWind,                                 !- Wind Exposure
  ,                                       !- View Factor to Ground
  ,                                       !- Number of Vertices
  -6, 30, 2.4384,                         !- X,Y,Z Vertex 1 {m}
  -6, 30, 0,                              !- X,Y,Z Vertex 2 {m}
  -6, 33, 0,                              !- X,Y,Z Vertex 3 {m}
  -6, 33, 2.4384;                         !- X,Y,Z Vertex 4 {m}

OS:Surface,
  {eef5ca46-4b4c-4d2d-9683-ebb21ba0a15c}, !- Handle
  Face 293,                               !- Name
  Wall,                                   !- Surface Type
  ,                                       !- Construction Name
  {5089ff29-a4f6-487b-baf3-ec84b8c109c8}, !- Space Name
  Surface,                                !- Outside Boundary Condition
  {23a37963-a75e-4acd-92a6-65a52ef0bab3}, !- Outside Boundary Condition Object
  NoSun,                                  !- Sun Exposure
  NoWind,                                 !- Wind Exposure
  ,                                       !- View Factor to Ground
  ,                                       !- Number of Vertices
  -10, 30, 2.4384,                        !- X,Y,Z Vertex 1 {m}
  -10, 30, 0,                             !- X,Y,Z Vertex 2 {m}
  -6, 30, 0,                              !- X,Y,Z Vertex 3 {m}
  -6, 30, 2.4384;                         !- X,Y,Z Vertex 4 {m}

OS:Surface,
  {0d724feb-74af-4c96-abe4-b29b27e2cbd4}, !- Handle
  Face 437,                               !- Name
  Wall,                                   !- Surface Type
  ,                                       !- Construction Name
  {346bb6f4-8f49-46e3-a2ff-c4c023aa5208}, !- Space Name
  Surface,                                !- Outside Boundary Condition
  {27be0307-7159-4884-95ef-fa5468df1167}, !- Outside Boundary Condition Object
  NoSun,                                  !- Sun Exposure
  NoWind,                                 !- Wind Exposure
  ,                                       !- View Factor to Ground
  ,                                       !- Number of Vertices
  3, -4, 2.4384,                          !- X,Y,Z Vertex 1 {m}
  10, -4, 2.4384,                         !- X,Y,Z Vertex 2 {m}
  10, -4, 0,                              !- X,Y,Z Vertex 3 {m}
  3, -4, 0;                               !- X,Y,Z Vertex 4 {m}

OS:SubSurface,
  {8d96bb3b-912d-4d3b-a9fb-bf3a15472e8a}, !- Handle
  Face 438,                               !- Name
  Door,                                   !- Sub Surface Type
  ,                                       !- Construction Name
  {0d724feb-74af-4c96-abe4-b29b27e2cbd4}, !- Surface Name
  {3d7d1520-0fb2-4901-8dd6-9e5a6474181d}, !- Outside Boundary Condition Object
  ,                                       !- View Factor to Ground
  ,                                       !- Frame and Divider Name
  ,                                       !- Multiplier
  ,                                       !- Number of Vertices
  8.5, -4, 2.033016,                      !- X,Y,Z Vertex 1 {m}
  8.5, -4, 0,                             !- X,Y,Z Vertex 2 {m}
  7.5, -4, 0,                             !- X,Y,Z Vertex 3 {m}
  7.5, -4, 2.033016;                      !- X,Y,Z Vertex 4 {m}

OS:SubSurface,
  {133a0cc3-487c-4461-87e1-b95b379592a5}, !- Handle
  Face 439,                               !- Name
  Door,                                   !- Sub Surface Type
  ,                                       !- Construction Name
  {0d724feb-74af-4c96-abe4-b29b27e2cbd4}, !- Surface Name
  {0c527ffc-854f-438d-a544-67555b71d9a9}, !- Outside Boundary Condition Object
  ,                                       !- View Factor to Ground
  ,                                       !- Frame and Divider Name
  ,                                       !- Multiplier
  ,                                       !- Number of Vertices
  5.5, -4, 2.033016,                      !- X,Y,Z Vertex 1 {m}
  5.5, -4, 0,                             !- X,Y,Z Vertex 2 {m}
  4.5, -4, 0,                             !- X,Y,Z Vertex 3 {m}
  4.5, -4, 2.033016;                      !- X,Y,Z Vertex 4 {m}

OS:Surface,
  {e68ba84e-9c29-42e5-bbfb-b39b1e70093e}, !- Handle
  Face 434,                               !- Name
  Wall,                                   !- Surface Type
  ,                                       !- Construction Name
  {346bb6f4-8f49-46e3-a2ff-c4c023aa5208}, !- Space Name
  Surface,                                !- Outside Boundary Condition
  {dbef14ab-8662-4ca8-9bcd-a9db27d9b54e}, !- Outside Boundary Condition Object
  NoSun,                                  !- Sun Exposure
  NoWind,                                 !- Wind Exposure
  ,                                       !- View Factor to Ground
  ,                                       !- Number of Vertices
  10, -7, 2.4384,                         !- X,Y,Z Vertex 1 {m}
  10, -7, 0,                              !- X,Y,Z Vertex 2 {m}
  10, -4, 0,                              !- X,Y,Z Vertex 3 {m}
  10, -4, 2.4384;                         !- X,Y,Z Vertex 4 {m}

OS:Surface,
  {be1ea43a-157d-4ba2-a42f-2c6ee363b106}, !- Handle
  Face 436,                               !- Name
  Wall,                                   !- Surface Type
  ,                                       !- Construction Name
  {346bb6f4-8f49-46e3-a2ff-c4c023aa5208}, !- Space Name
  Surface,                                !- Outside Boundary Condition
  {6c073867-dc14-4a16-b6b8-4b248e4985d2}, !- Outside Boundary Condition Object
  NoSun,                                  !- Sun Exposure
  NoWind,                                 !- Wind Exposure
  ,                                       !- View Factor to Ground
  ,                                       !- Number of Vertices
  3, -4, 2.4384,                          !- X,Y,Z Vertex 1 {m}
  3, -4, 0,                               !- X,Y,Z Vertex 2 {m}
  3, -7, 0,                               !- X,Y,Z Vertex 3 {m}
  3, -7, 2.4384;                          !- X,Y,Z Vertex 4 {m}

OS:Surface,
  {a0044b3b-1133-4123-8ebc-c9cbe32c1a95}, !- Handle
  Face 432,                               !- Name
  Floor,                                  !- Surface Type
  ,                                       !- Construction Name
  {346bb6f4-8f49-46e3-a2ff-c4c023aa5208}, !- Space Name
  Ground,                                 !- Outside Boundary Condition
  ,                                       !- Outside Boundary Condition Object
  NoSun,                                  !- Sun Exposure
  NoWind,                                 !- Wind Exposure
  ,                                       !- View Factor to Ground
  ,                                       !- Number of Vertices
  10, -4, 0,                              !- X,Y,Z Vertex 1 {m}
  10, -7, 0,                              !- X,Y,Z Vertex 2 {m}
  3, -7, 0,                               !- X,Y,Z Vertex 3 {m}
  3, -4, 0;                               !- X,Y,Z Vertex 4 {m}

OS:Surface,
  {49b7d25a-605c-41f1-8fd0-edefb690bbb2}, !- Handle
  Face 433,                               !- Name
  RoofCeiling,                            !- Surface Type
  ,                                       !- Construction Name
  {346bb6f4-8f49-46e3-a2ff-c4c023aa5208}, !- Space Name
  Outdoors,                               !- Outside Boundary Condition
  ,                                       !- Outside Boundary Condition Object
  SunExposed,                             !- Sun Exposure
  WindExposed,                            !- Wind Exposure
  ,                                       !- View Factor to Ground
  ,                                       !- Number of Vertices
  3, -4, 2.4384,                          !- X,Y,Z Vertex 1 {m}
  3, -7, 2.4384,                          !- X,Y,Z Vertex 2 {m}
  10, -7, 2.4384,                         !- X,Y,Z Vertex 3 {m}
  10, -4, 2.4384;                         !- X,Y,Z Vertex 4 {m}

OS:Surface,
  {cc748673-2a49-46c6-9183-0888f1bfc32b}, !- Handle
  Face 435,                               !- Name
  Wall,                                   !- Surface Type
  ,                                       !- Construction Name
  {346bb6f4-8f49-46e3-a2ff-c4c023aa5208}, !- Space Name
  Surface,                                !- Outside Boundary Condition
  {051084fb-561a-4385-94ba-5c770bcb8260}, !- Outside Boundary Condition Object
  NoSun,                                  !- Sun Exposure
  NoWind,                                 !- Wind Exposure
  ,                                       !- View Factor to Ground
  ,                                       !- Number of Vertices
  3, -7, 2.4384,                          !- X,Y,Z Vertex 1 {m}
  3, -7, 0,                               !- X,Y,Z Vertex 2 {m}
  10, -7, 0,                              !- X,Y,Z Vertex 3 {m}
  10, -7, 2.4384;                         !- X,Y,Z Vertex 4 {m}

OS:Surface,
  {6b6bd983-21b0-4f5f-8619-0a9cbe559fff}, !- Handle
  Face 1,                                 !- Name
  RoofCeiling,                            !- Surface Type
  ,                                       !- Construction Name
  {0b2e51c4-5549-42e8-970c-df577621affd}, !- Space Name
  Outdoors,                               !- Outside Boundary Condition
  ,                                       !- Outside Boundary Condition Object
  SunExposed,                             !- Sun Exposure
  WindExposed,                            !- Wind Exposure
  ,                                       !- View Factor to Ground
  ,                                       !- Number of Vertices
  9, 0, 2.4384,                           !- X,Y,Z Vertex 1 {m}
  9, 5, 2.4384,                           !- X,Y,Z Vertex 2 {m}
  3, 5, 2.4384,                           !- X,Y,Z Vertex 3 {m}
  0, 5, 2.4384,                           !- X,Y,Z Vertex 4 {m}
  0, 0, 2.4384;                           !- X,Y,Z Vertex 5 {m}

OS:Surface,
  {9882a07c-b894-4cf5-826f-9cca1ee9dd70}, !- Handle
  Face 0,                                 !- Name
  Floor,                                  !- Surface Type
  ,                                       !- Construction Name
  {0b2e51c4-5549-42e8-970c-df577621affd}, !- Space Name
  Ground,                                 !- Outside Boundary Condition
  ,                                       !- Outside Boundary Condition Object
  NoSun,                                  !- Sun Exposure
  NoWind,                                 !- Wind Exposure
  ,                                       !- View Factor to Ground
  ,                                       !- Number of Vertices
  0, 0, 0,                                !- X,Y,Z Vertex 1 {m}
  0, 5, 0,                                !- X,Y,Z Vertex 2 {m}
  3, 5, 0,                                !- X,Y,Z Vertex 3 {m}
  9, 5, 0,                                !- X,Y,Z Vertex 4 {m}
  9, 0, 0;                                !- X,Y,Z Vertex 5 {m}

OS:Surface,
  {9b9c2696-680d-4de7-baa6-ef9bc892863f}, !- Handle
  Face 3,                                 !- Name
  Wall,                                   !- Surface Type
  ,                                       !- Construction Name
  {0b2e51c4-5549-42e8-970c-df577621affd}, !- Space Name
  Surface,                                !- Outside Boundary Condition
  {e102b310-ac08-4316-9b61-bda39b71083e}, !- Outside Boundary Condition Object
  NoSun,                                  !- Sun Exposure
  NoWind,                                 !- Wind Exposure
  ,                                       !- View Factor to Ground
  ,                                       !- Number of Vertices
  3, 5, 2.4384,                           !- X,Y,Z Vertex 1 {m}
  3, 5, 0,                                !- X,Y,Z Vertex 2 {m}
  0, 5, 0,                                !- X,Y,Z Vertex 3 {m}
  0, 5, 2.4384;                           !- X,Y,Z Vertex 4 {m}

OS:Surface,
  {0c69df94-98f1-43ac-ab6d-d82c954e3e32}, !- Handle
  Face 6,                                 !- Name
  Wall,                                   !- Surface Type
  ,                                       !- Construction Name
  {0b2e51c4-5549-42e8-970c-df577621affd}, !- Space Name
  Surface,                                !- Outside Boundary Condition
  {ad6d1d83-bf6a-4039-8039-efe5061d45d4}, !- Outside Boundary Condition Object
  NoSun,                                  !- Sun Exposure
  NoWind,                                 !- Wind Exposure
  ,                                       !- View Factor to Ground
  ,                                       !- Number of Vertices
  9, 0, 2.4384,                           !- X,Y,Z Vertex 1 {m}
  0, 0, 2.4384,                           !- X,Y,Z Vertex 2 {m}
  0, 0, 0,                                !- X,Y,Z Vertex 3 {m}
  9, 0, 0;                                !- X,Y,Z Vertex 4 {m}

OS:SubSurface,
  {bb7d783b-eea3-4fe1-b7a2-b66249d5499c}, !- Handle
  Face 7,                                 !- Name
  Door,                                   !- Sub Surface Type
  ,                                       !- Construction Name
  {0c69df94-98f1-43ac-ab6d-d82c954e3e32}, !- Surface Name
  {0f4cc38c-9ef9-4eff-8f6b-d85ae0f62547}, !- Outside Boundary Condition Object
  ,                                       !- View Factor to Ground
  ,                                       !- Frame and Divider Name
  ,                                       !- Multiplier
  ,                                       !- Number of Vertices
  6.2, 0, 2.033016,                       !- X,Y,Z Vertex 1 {m}
  6.2, 0, 0,                              !- X,Y,Z Vertex 2 {m}
  7.8, 0, 0,                              !- X,Y,Z Vertex 3 {m}
  7.8, 0, 2.033016;                       !- X,Y,Z Vertex 4 {m}

OS:SubSurface,
  {a80bc238-7b9d-4d59-875a-52823fb4e32c}, !- Handle
  Face 8,                                 !- Name
  Door,                                   !- Sub Surface Type
  ,                                       !- Construction Name
  {0c69df94-98f1-43ac-ab6d-d82c954e3e32}, !- Surface Name
  {337f8463-28e1-4acd-8f38-21d497ad6d61}, !- Outside Boundary Condition Object
  ,                                       !- View Factor to Ground
  ,                                       !- Frame and Divider Name
  ,                                       !- Multiplier
  ,                                       !- Number of Vertices
  2.2, 0, 2.033016,                       !- X,Y,Z Vertex 1 {m}
  2.2, 0, 0,                              !- X,Y,Z Vertex 2 {m}
  3.8, 0, 0,                              !- X,Y,Z Vertex 3 {m}
  3.8, 0, 2.033016;                       !- X,Y,Z Vertex 4 {m}

OS:Surface,
  {da6ed79f-5315-4b1c-9660-610dec420927}, !- Handle
  Face 4,                                 !- Name
  Wall,                                   !- Surface Type
  ,                                       !- Construction Name
  {0b2e51c4-5549-42e8-970c-df577621affd}, !- Space Name
  Surface,                                !- Outside Boundary Condition
  {5e523b1d-aa42-4670-a375-e9dd1a2dcadb}, !- Outside Boundary Condition Object
  NoSun,                                  !- Sun Exposure
  NoWind,                                 !- Wind Exposure
  ,                                       !- View Factor to Ground
  ,                                       !- Number of Vertices
  9, 5, 2.4384,                           !- X,Y,Z Vertex 1 {m}
  9, 5, 0,                                !- X,Y,Z Vertex 2 {m}
  3, 5, 0,                                !- X,Y,Z Vertex 3 {m}
  3, 5, 2.4384;                           !- X,Y,Z Vertex 4 {m}

OS:Surface,
  {154b5adf-7c10-48ce-aa40-55ebe55a111e}, !- Handle
  Face 2,                                 !- Name
  Wall,                                   !- Surface Type
  ,                                       !- Construction Name
  {0b2e51c4-5549-42e8-970c-df577621affd}, !- Space Name
  Surface,                                !- Outside Boundary Condition
  {f9f2cdef-0515-4c5d-b62c-4a263034ed90}, !- Outside Boundary Condition Object
  NoSun,                                  !- Sun Exposure
  NoWind,                                 !- Wind Exposure
  ,                                       !- View Factor to Ground
  ,                                       !- Number of Vertices
  0, 5, 2.4384,                           !- X,Y,Z Vertex 1 {m}
  0, 5, 0,                                !- X,Y,Z Vertex 2 {m}
  0, 0, 0,                                !- X,Y,Z Vertex 3 {m}
  0, 0, 2.4384;                           !- X,Y,Z Vertex 4 {m}

OS:Surface,
  {096769e4-9396-4054-8868-f33c323b44ba}, !- Handle
  Face 5,                                 !- Name
  Wall,                                   !- Surface Type
  ,                                       !- Construction Name
  {0b2e51c4-5549-42e8-970c-df577621affd}, !- Space Name
  Surface,                                !- Outside Boundary Condition
  {7713b20c-94f7-4f40-baf3-60d48427a8e8}, !- Outside Boundary Condition Object
  NoSun,                                  !- Sun Exposure
  NoWind,                                 !- Wind Exposure
  ,                                       !- View Factor to Ground
  ,                                       !- Number of Vertices
  9, 0, 2.4384,                           !- X,Y,Z Vertex 1 {m}
  9, 0, 0,                                !- X,Y,Z Vertex 2 {m}
  9, 5, 0,                                !- X,Y,Z Vertex 3 {m}
  9, 5, 2.4384;                           !- X,Y,Z Vertex 4 {m}

OS:Surface,
  {aeb16e59-f3b5-496a-8cfd-a48e238af79f}, !- Handle
  Face 53,                                !- Name
  Wall,                                   !- Surface Type
  ,                                       !- Construction Name
  {334e2040-1326-4f98-9e0c-fefdd60eee2f}, !- Space Name
  Surface,                                !- Outside Boundary Condition
  {6d483d6d-650b-475a-a5c7-f779deb7e64c}, !- Outside Boundary Condition Object
  NoSun,                                  !- Sun Exposure
  NoWind,                                 !- Wind Exposure
  ,                                       !- View Factor to Ground
  ,                                       !- Number of Vertices
  -7, 5, 2.4384,                          !- X,Y,Z Vertex 1 {m}
  -7, 5, 0,                               !- X,Y,Z Vertex 2 {m}
  -5, 5, 0,                               !- X,Y,Z Vertex 3 {m}
  -5, 5, 2.4384;                          !- X,Y,Z Vertex 4 {m}

OS:Surface,
  {56d92a3c-dd38-4fca-a93f-d4e94656142b}, !- Handle
  Face 45,                                !- Name
  Floor,                                  !- Surface Type
  ,                                       !- Construction Name
  {334e2040-1326-4f98-9e0c-fefdd60eee2f}, !- Space Name
  Ground,                                 !- Outside Boundary Condition
  ,                                       !- Outside Boundary Condition Object
  NoSun,                                  !- Sun Exposure
  NoWind,                                 !- Wind Exposure
  ,                                       !- View Factor to Ground
  ,                                       !- Number of Vertices
  -7, 5, 0,                               !- X,Y,Z Vertex 1 {m}
  -7, 11, 0,                              !- X,Y,Z Vertex 2 {m}
  -5, 11, 0,                              !- X,Y,Z Vertex 3 {m}
  -5, 5, 0;                               !- X,Y,Z Vertex 4 {m}

OS:Surface,
  {bfe288d5-a93c-4571-9727-2011a51f9b82}, !- Handle
  Face 46,                                !- Name
  RoofCeiling,                            !- Surface Type
  ,                                       !- Construction Name
  {334e2040-1326-4f98-9e0c-fefdd60eee2f}, !- Space Name
  Outdoors,                               !- Outside Boundary Condition
  ,                                       !- Outside Boundary Condition Object
  SunExposed,                             !- Sun Exposure
  WindExposed,                            !- Wind Exposure
  ,                                       !- View Factor to Ground
  ,                                       !- Number of Vertices
  -5, 5, 2.4384,                          !- X,Y,Z Vertex 1 {m}
  -5, 11, 2.4384,                         !- X,Y,Z Vertex 2 {m}
  -7, 11, 2.4384,                         !- X,Y,Z Vertex 3 {m}
  -7, 5, 2.4384;                          !- X,Y,Z Vertex 4 {m}

OS:Surface,
  {c145d4b8-a49b-4076-8d4a-d9635790bbfc}, !- Handle
  Face 47,                                !- Name
  Wall,                                   !- Surface Type
  ,                                       !- Construction Name
  {334e2040-1326-4f98-9e0c-fefdd60eee2f}, !- Space Name
  Surface,                                !- Outside Boundary Condition
  {c549ad5d-58be-4f06-8d5d-93a23e0cf0c5}, !- Outside Boundary Condition Object
  NoSun,                                  !- Sun Exposure
  NoWind,                                 !- Wind Exposure
  ,                                       !- View Factor to Ground
  ,                                       !- Number of Vertices
  -7, 11, 2.4384,                         !- X,Y,Z Vertex 1 {m}
  -7, 11, 0,                              !- X,Y,Z Vertex 2 {m}
  -7, 5, 0,                               !- X,Y,Z Vertex 3 {m}
  -7, 5, 2.4384;                          !- X,Y,Z Vertex 4 {m}

OS:Surface,
  {36741c0f-2534-430c-8ec7-677ca24184e1}, !- Handle
  Face 48,                                !- Name
  Wall,                                   !- Surface Type
  ,                                       !- Construction Name
  {334e2040-1326-4f98-9e0c-fefdd60eee2f}, !- Space Name
  Surface,                                !- Outside Boundary Condition
  {c377434d-9f8f-488d-88e0-6a58a6239be2}, !- Outside Boundary Condition Object
  NoSun,                                  !- Sun Exposure
  NoWind,                                 !- Wind Exposure
  ,                                       !- View Factor to Ground
  ,                                       !- Number of Vertices
  -5, 11, 2.4384,                         !- X,Y,Z Vertex 1 {m}
  -5, 11, 0,                              !- X,Y,Z Vertex 2 {m}
  -7, 11, 0,                              !- X,Y,Z Vertex 3 {m}
  -7, 11, 2.4384;                         !- X,Y,Z Vertex 4 {m}

OS:Surface,
  {5da5e317-15e4-4ca8-bdbf-73eb698b120d}, !- Handle
  Face 49,                                !- Name
  Wall,                                   !- Surface Type
  ,                                       !- Construction Name
  {334e2040-1326-4f98-9e0c-fefdd60eee2f}, !- Space Name
  Surface,                                !- Outside Boundary Condition
  {c14ae478-4ab5-45c3-8246-a2fafb6181ad}, !- Outside Boundary Condition Object
  NoSun,                                  !- Sun Exposure
  NoWind,                                 !- Wind Exposure
  ,                                       !- View Factor to Ground
  ,                                       !- Number of Vertices
  -5, 11, 2.4384,                         !- X,Y,Z Vertex 1 {m}
  -5, 5, 2.4384,                          !- X,Y,Z Vertex 2 {m}
  -5, 5, 0,                               !- X,Y,Z Vertex 3 {m}
  -5, 11, 0;                              !- X,Y,Z Vertex 4 {m}

OS:SubSurface,
  {68c40ed6-f11d-46e4-ae48-6cd4fbb1f215}, !- Handle
  Face 51,                                !- Name
  Door,                                   !- Sub Surface Type
  ,                                       !- Construction Name
  {5da5e317-15e4-4ca8-bdbf-73eb698b120d}, !- Surface Name
  {6d0b93e7-70a8-48f5-b7f2-a4a7afc685f5}, !- Outside Boundary Condition Object
  ,                                       !- View Factor to Ground
  ,                                       !- Frame and Divider Name
  ,                                       !- Multiplier
  ,                                       !- Number of Vertices
  -5, 7.5, 2.033016,                      !- X,Y,Z Vertex 1 {m}
  -5, 7.5, 0,                             !- X,Y,Z Vertex 2 {m}
  -5, 8.5, 0,                             !- X,Y,Z Vertex 3 {m}
  -5, 8.5, 2.033016;                      !- X,Y,Z Vertex 4 {m}

OS:SubSurface,
  {43da6d9b-03c7-4fed-8182-d0733227ce23}, !- Handle
  Face 52,                                !- Name
  Door,                                   !- Sub Surface Type
  ,                                       !- Construction Name
  {5da5e317-15e4-4ca8-bdbf-73eb698b120d}, !- Surface Name
  {3e7ddec4-66f6-4ddd-bbb6-8e696ddacc29}, !- Outside Boundary Condition Object
  ,                                       !- View Factor to Ground
  ,                                       !- Frame and Divider Name
  ,                                       !- Multiplier
  ,                                       !- Number of Vertices
  -5, 5.5, 2.033016,                      !- X,Y,Z Vertex 1 {m}
  -5, 5.5, 0,                             !- X,Y,Z Vertex 2 {m}
  -5, 6.5, 0,                             !- X,Y,Z Vertex 3 {m}
  -5, 6.5, 2.033016;                      !- X,Y,Z Vertex 4 {m}

OS:SubSurface,
  {0b51f160-f755-49ba-bf43-22181283c59c}, !- Handle
  Face 50,                                !- Name
  Door,                                   !- Sub Surface Type
  ,                                       !- Construction Name
  {5da5e317-15e4-4ca8-bdbf-73eb698b120d}, !- Surface Name
  {69c8b642-ac69-4367-8524-a0aaab9d0ca1}, !- Outside Boundary Condition Object
  ,                                       !- View Factor to Ground
  ,                                       !- Frame and Divider Name
  ,                                       !- Multiplier
  ,                                       !- Number of Vertices
  -5, 9.5, 2.033016,                      !- X,Y,Z Vertex 1 {m}
  -5, 9.5, 0,                             !- X,Y,Z Vertex 2 {m}
  -5, 10.5, 0,                            !- X,Y,Z Vertex 3 {m}
  -5, 10.5, 2.033016;                     !- X,Y,Z Vertex 4 {m}

OS:Surface,
  {58d1278d-6e0b-4506-8843-654cb87a8504}, !- Handle
  Face 162,                               !- Name
  Floor,                                  !- Surface Type
  ,                                       !- Construction Name
  {17abb172-1622-4206-9546-2d3bf4622fc4}, !- Space Name
  Ground,                                 !- Outside Boundary Condition
  ,                                       !- Outside Boundary Condition Object
  NoSun,                                  !- Sun Exposure
  NoWind,                                 !- Wind Exposure
  ,                                       !- View Factor to Ground
  ,                                       !- Number of Vertices
  33, 21, 0,                              !- X,Y,Z Vertex 1 {m}
  33, 19, 0,                              !- X,Y,Z Vertex 2 {m}
  30, 19, 0,                              !- X,Y,Z Vertex 3 {m}
  30, 21, 0,                              !- X,Y,Z Vertex 4 {m}
  32, 21, 0;                              !- X,Y,Z Vertex 5 {m}

OS:Surface,
  {3aad9d5d-d5c9-4e72-b689-9c2d6eaa9985}, !- Handle
  Face 163,                               !- Name
  RoofCeiling,                            !- Surface Type
  ,                                       !- Construction Name
  {17abb172-1622-4206-9546-2d3bf4622fc4}, !- Space Name
  Outdoors,                               !- Outside Boundary Condition
  ,                                       !- Outside Boundary Condition Object
  SunExposed,                             !- Sun Exposure
  WindExposed,                            !- Wind Exposure
  ,                                       !- View Factor to Ground
  ,                                       !- Number of Vertices
  32, 21, 2.4384,                         !- X,Y,Z Vertex 1 {m}
  30, 21, 2.4384,                         !- X,Y,Z Vertex 2 {m}
  30, 19, 2.4384,                         !- X,Y,Z Vertex 3 {m}
  33, 19, 2.4384,                         !- X,Y,Z Vertex 4 {m}
  33, 21, 2.4384;                         !- X,Y,Z Vertex 5 {m}

OS:Surface,
  {04f2d5b1-f05f-4aa8-9214-c6d30c2a637c}, !- Handle
  Face 164,                               !- Name
  Wall,                                   !- Surface Type
  ,                                       !- Construction Name
  {17abb172-1622-4206-9546-2d3bf4622fc4}, !- Space Name
  Surface,                                !- Outside Boundary Condition
  {652a963a-50ff-4471-a799-283cf7460d00}, !- Outside Boundary Condition Object
  NoSun,                                  !- Sun Exposure
  NoWind,                                 !- Wind Exposure
  ,                                       !- View Factor to Ground
  ,                                       !- Number of Vertices
  33, 19, 2.4384,                         !- X,Y,Z Vertex 1 {m}
  33, 19, 0,                              !- X,Y,Z Vertex 2 {m}
  33, 21, 0,                              !- X,Y,Z Vertex 3 {m}
  33, 21, 2.4384;                         !- X,Y,Z Vertex 4 {m}

OS:Surface,
  {0404393d-41ab-496b-bc71-cbb9b2791fb4}, !- Handle
  Face 169,                               !- Name
  Wall,                                   !- Surface Type
  ,                                       !- Construction Name
  {17abb172-1622-4206-9546-2d3bf4622fc4}, !- Space Name
  Surface,                                !- Outside Boundary Condition
  {e1d49755-3a2a-49f0-b6e4-9f219565290e}, !- Outside Boundary Condition Object
  NoSun,                                  !- Sun Exposure
  NoWind,                                 !- Wind Exposure
  ,                                       !- View Factor to Ground
  ,                                       !- Number of Vertices
  32, 21, 2.4384,                         !- X,Y,Z Vertex 1 {m}
  32, 21, 0,                              !- X,Y,Z Vertex 2 {m}
  30, 21, 0,                              !- X,Y,Z Vertex 3 {m}
  30, 21, 2.4384;                         !- X,Y,Z Vertex 4 {m}

OS:Surface,
  {8bf905a5-1517-48a6-8cb8-c440bfcd0224}, !- Handle
  Face 170,                               !- Name
  Wall,                                   !- Surface Type
  ,                                       !- Construction Name
  {17abb172-1622-4206-9546-2d3bf4622fc4}, !- Space Name
  Surface,                                !- Outside Boundary Condition
  {fa04ecb0-3212-4eee-aa8d-179aa3c1d724}, !- Outside Boundary Condition Object
  NoSun,                                  !- Sun Exposure
  NoWind,                                 !- Wind Exposure
  ,                                       !- View Factor to Ground
  ,                                       !- Number of Vertices
  33, 21, 2.4384,                         !- X,Y,Z Vertex 1 {m}
  33, 21, 0,                              !- X,Y,Z Vertex 2 {m}
  32, 21, 0,                              !- X,Y,Z Vertex 3 {m}
  32, 21, 2.4384;                         !- X,Y,Z Vertex 4 {m}

OS:Surface,
  {61cdc4d4-a0f3-431e-a1a0-2603a4cdea5b}, !- Handle
  Face 168,                               !- Name
  Wall,                                   !- Surface Type
  ,                                       !- Construction Name
  {17abb172-1622-4206-9546-2d3bf4622fc4}, !- Space Name
  Surface,                                !- Outside Boundary Condition
  {2f192d62-4a12-4b83-802f-df05fa135c5f}, !- Outside Boundary Condition Object
  NoSun,                                  !- Sun Exposure
  NoWind,                                 !- Wind Exposure
  ,                                       !- View Factor to Ground
  ,                                       !- Number of Vertices
  30, 21, 2.4384,                         !- X,Y,Z Vertex 1 {m}
  30, 21, 0,                              !- X,Y,Z Vertex 2 {m}
  30, 19, 0,                              !- X,Y,Z Vertex 3 {m}
  30, 19, 2.4384;                         !- X,Y,Z Vertex 4 {m}

OS:Surface,
  {27b45ac5-a564-4f15-aa59-6001fa062e02}, !- Handle
  Face 165,                               !- Name
  Wall,                                   !- Surface Type
  ,                                       !- Construction Name
  {17abb172-1622-4206-9546-2d3bf4622fc4}, !- Space Name
  Surface,                                !- Outside Boundary Condition
  {176f1d90-4864-48fc-a18b-168b630fc173}, !- Outside Boundary Condition Object
  NoSun,                                  !- Sun Exposure
  NoWind,                                 !- Wind Exposure
  ,                                       !- View Factor to Ground
  ,                                       !- Number of Vertices
  33, 19, 2.4384,                         !- X,Y,Z Vertex 1 {m}
  30, 19, 2.4384,                         !- X,Y,Z Vertex 2 {m}
  30, 19, 0,                              !- X,Y,Z Vertex 3 {m}
  33, 19, 0;                              !- X,Y,Z Vertex 4 {m}

OS:SubSurface,
  {ffa24c25-6550-40d7-b794-8cd2168563e6}, !- Handle
  Face 166,                               !- Name
  Door,                                   !- Sub Surface Type
  ,                                       !- Construction Name
  {27b45ac5-a564-4f15-aa59-6001fa062e02}, !- Surface Name
  {ac89d914-82b2-4c16-a497-827ab1abf5d2}, !- Outside Boundary Condition Object
  ,                                       !- View Factor to Ground
  ,                                       !- Frame and Divider Name
  ,                                       !- Multiplier
  ,                                       !- Number of Vertices
  30.5, 19, 2.033016,                     !- X,Y,Z Vertex 1 {m}
  30.5, 19, 0,                            !- X,Y,Z Vertex 2 {m}
  31.5, 19, 0,                            !- X,Y,Z Vertex 3 {m}
  31.5, 19, 2.033016;                     !- X,Y,Z Vertex 4 {m}

OS:SubSurface,
  {3effdcbd-b798-4c2b-94d9-90ce538e2d06}, !- Handle
  Face 167,                               !- Name
  Door,                                   !- Sub Surface Type
  ,                                       !- Construction Name
  {27b45ac5-a564-4f15-aa59-6001fa062e02}, !- Surface Name
  {97624327-e896-4c54-8210-805933ad1e14}, !- Outside Boundary Condition Object
  ,                                       !- View Factor to Ground
  ,                                       !- Frame and Divider Name
  ,                                       !- Multiplier
  ,                                       !- Number of Vertices
  31.5, 19, 2.033016,                     !- X,Y,Z Vertex 1 {m}
  31.5, 19, 0,                            !- X,Y,Z Vertex 2 {m}
  32.5, 19, 0,                            !- X,Y,Z Vertex 3 {m}
  32.5, 19, 2.033016;                     !- X,Y,Z Vertex 4 {m}

OS:Surface,
  {b3c322a4-5aef-4829-8501-ff9bfd897816}, !- Handle
  Face 349,                               !- Name
  Wall,                                   !- Surface Type
  ,                                       !- Construction Name
  {69c80ad6-cba8-415b-a40f-b8f4420cc10b}, !- Space Name
  Surface,                                !- Outside Boundary Condition
  {893e6841-fed9-445a-9144-278e8c0d854c}, !- Outside Boundary Condition Object
  NoSun,                                  !- Sun Exposure
  NoWind,                                 !- Wind Exposure
  ,                                       !- View Factor to Ground
  ,                                       !- Number of Vertices
  -22, 20, 2.4384,                        !- X,Y,Z Vertex 1 {m}
  -35, 20, 2.4384,                        !- X,Y,Z Vertex 2 {m}
  -35, 20, 0,                             !- X,Y,Z Vertex 3 {m}
  -22, 20, 0;                             !- X,Y,Z Vertex 4 {m}

OS:SubSurface,
  {833cf74d-96be-41f2-80cb-66ed660afd64}, !- Handle
  Face 350,                               !- Name
  Door,                                   !- Sub Surface Type
  ,                                       !- Construction Name
  {b3c322a4-5aef-4829-8501-ff9bfd897816}, !- Surface Name
  {9e59bdeb-6786-4544-8183-48704f24c5ce}, !- Outside Boundary Condition Object
  ,                                       !- View Factor to Ground
  ,                                       !- Frame and Divider Name
  ,                                       !- Multiplier
  ,                                       !- Number of Vertices
  -34.5, 20, 2.033016,                    !- X,Y,Z Vertex 1 {m}
  -34.5, 20, 0,                           !- X,Y,Z Vertex 2 {m}
  -33.5, 20, 0,                           !- X,Y,Z Vertex 3 {m}
  -33.5, 20, 2.033016;                    !- X,Y,Z Vertex 4 {m}

OS:SubSurface,
  {08869cc4-d4f6-4e17-b6a8-892dcf2ccac9}, !- Handle
  Face 352,                               !- Name
  Door,                                   !- Sub Surface Type
  ,                                       !- Construction Name
  {b3c322a4-5aef-4829-8501-ff9bfd897816}, !- Surface Name
  {b32e613a-cfea-4fd4-a8f9-5fe1ca79e235}, !- Outside Boundary Condition Object
  ,                                       !- View Factor to Ground
  ,                                       !- Frame and Divider Name
  ,                                       !- Multiplier
  ,                                       !- Number of Vertices
  -30.5, 20, 2.033016,                    !- X,Y,Z Vertex 1 {m}
  -30.5, 20, 0,                           !- X,Y,Z Vertex 2 {m}
  -29.5, 20, 0,                           !- X,Y,Z Vertex 3 {m}
  -29.5, 20, 2.033016;                    !- X,Y,Z Vertex 4 {m}

OS:SubSurface,
  {256debe6-a3a4-4f00-821a-1d36c69c6dfb}, !- Handle
  Face 353,                               !- Name
  Door,                                   !- Sub Surface Type
  ,                                       !- Construction Name
  {b3c322a4-5aef-4829-8501-ff9bfd897816}, !- Surface Name
  {5372ae8c-336a-436a-a990-5ead7bc930aa}, !- Outside Boundary Condition Object
  ,                                       !- View Factor to Ground
  ,                                       !- Frame and Divider Name
  ,                                       !- Multiplier
  ,                                       !- Number of Vertices
  -28.5, 20, 2.033016,                    !- X,Y,Z Vertex 1 {m}
  -28.5, 20, 0,                           !- X,Y,Z Vertex 2 {m}
  -27.5, 20, 0,                           !- X,Y,Z Vertex 3 {m}
  -27.5, 20, 2.033016;                    !- X,Y,Z Vertex 4 {m}

OS:SubSurface,
  {e12bb718-acd6-48c0-8222-fc21ea95804d}, !- Handle
  Face 351,                               !- Name
  Door,                                   !- Sub Surface Type
  ,                                       !- Construction Name
  {b3c322a4-5aef-4829-8501-ff9bfd897816}, !- Surface Name
  {7a57538e-af88-4959-8361-2f0c9c135a90}, !- Outside Boundary Condition Object
  ,                                       !- View Factor to Ground
  ,                                       !- Frame and Divider Name
  ,                                       !- Multiplier
  ,                                       !- Number of Vertices
  -32.5, 20, 2.033016,                    !- X,Y,Z Vertex 1 {m}
  -32.5, 20, 0,                           !- X,Y,Z Vertex 2 {m}
  -31.5, 20, 0,                           !- X,Y,Z Vertex 3 {m}
  -31.5, 20, 2.033016;                    !- X,Y,Z Vertex 4 {m}

OS:SubSurface,
  {fa1b3fea-d7d9-4c97-b949-6af17ecdb69f}, !- Handle
  Face 354,                               !- Name
  Door,                                   !- Sub Surface Type
  ,                                       !- Construction Name
  {b3c322a4-5aef-4829-8501-ff9bfd897816}, !- Surface Name
  {25b93812-2de4-4731-aa0a-f80d69cf5e24}, !- Outside Boundary Condition Object
  ,                                       !- View Factor to Ground
  ,                                       !- Frame and Divider Name
  ,                                       !- Multiplier
  ,                                       !- Number of Vertices
  -26.5, 20, 2.033016,                    !- X,Y,Z Vertex 1 {m}
  -26.5, 20, 0,                           !- X,Y,Z Vertex 2 {m}
  -25.5, 20, 0,                           !- X,Y,Z Vertex 3 {m}
  -25.5, 20, 2.033016;                    !- X,Y,Z Vertex 4 {m}

OS:SubSurface,
  {fac5b536-9752-483e-8c00-fbfa9917f136}, !- Handle
  Face 355,                               !- Name
  Door,                                   !- Sub Surface Type
  ,                                       !- Construction Name
  {b3c322a4-5aef-4829-8501-ff9bfd897816}, !- Surface Name
  {7c14c1cd-2eab-47ea-8552-2ee5da34c852}, !- Outside Boundary Condition Object
  ,                                       !- View Factor to Ground
  ,                                       !- Frame and Divider Name
  ,                                       !- Multiplier
  ,                                       !- Number of Vertices
  -24.5, 20, 2.033016,                    !- X,Y,Z Vertex 1 {m}
  -24.5, 20, 0,                           !- X,Y,Z Vertex 2 {m}
  -23.5, 20, 0,                           !- X,Y,Z Vertex 3 {m}
  -23.5, 20, 2.033016;                    !- X,Y,Z Vertex 4 {m}

OS:Surface,
  {377450a6-5e7e-4020-b1fc-984fea5c7840}, !- Handle
  Face 346,                               !- Name
  Floor,                                  !- Surface Type
  ,                                       !- Construction Name
  {69c80ad6-cba8-415b-a40f-b8f4420cc10b}, !- Space Name
  Ground,                                 !- Outside Boundary Condition
  ,                                       !- Outside Boundary Condition Object
  NoSun,                                  !- Sun Exposure
  NoWind,                                 !- Wind Exposure
  ,                                       !- View Factor to Ground
  ,                                       !- Number of Vertices
  -22, 23, 0,                             !- X,Y,Z Vertex 1 {m}
  -22, 20, 0,                             !- X,Y,Z Vertex 2 {m}
  -35, 20, 0,                             !- X,Y,Z Vertex 3 {m}
  -35, 23, 0;                             !- X,Y,Z Vertex 4 {m}

OS:Surface,
  {d6bf84ad-df36-412a-a983-025896db0dfa}, !- Handle
  Face 347,                               !- Name
  RoofCeiling,                            !- Surface Type
  ,                                       !- Construction Name
  {69c80ad6-cba8-415b-a40f-b8f4420cc10b}, !- Space Name
  Outdoors,                               !- Outside Boundary Condition
  ,                                       !- Outside Boundary Condition Object
  SunExposed,                             !- Sun Exposure
  WindExposed,                            !- Wind Exposure
  ,                                       !- View Factor to Ground
  ,                                       !- Number of Vertices
  -35, 23, 2.4384,                        !- X,Y,Z Vertex 1 {m}
  -35, 20, 2.4384,                        !- X,Y,Z Vertex 2 {m}
  -22, 20, 2.4384,                        !- X,Y,Z Vertex 3 {m}
  -22, 23, 2.4384;                        !- X,Y,Z Vertex 4 {m}

OS:Surface,
  {33d4a040-aecf-4700-a29f-75b17c4a4575}, !- Handle
  Face 348,                               !- Name
  Wall,                                   !- Surface Type
  ,                                       !- Construction Name
  {69c80ad6-cba8-415b-a40f-b8f4420cc10b}, !- Space Name
  Surface,                                !- Outside Boundary Condition
  {3b632df6-5602-4bd5-ae9d-e1ef9349b187}, !- Outside Boundary Condition Object
  NoSun,                                  !- Sun Exposure
  NoWind,                                 !- Wind Exposure
  ,                                       !- View Factor to Ground
  ,                                       !- Number of Vertices
  -22, 20, 2.4384,                        !- X,Y,Z Vertex 1 {m}
  -22, 20, 0,                             !- X,Y,Z Vertex 2 {m}
  -22, 23, 0,                             !- X,Y,Z Vertex 3 {m}
  -22, 23, 2.4384;                        !- X,Y,Z Vertex 4 {m}

OS:Surface,
  {8c155d54-13b2-49c1-9441-5066a1487f93}, !- Handle
  Face 356,                               !- Name
  Wall,                                   !- Surface Type
  ,                                       !- Construction Name
  {69c80ad6-cba8-415b-a40f-b8f4420cc10b}, !- Space Name
  Surface,                                !- Outside Boundary Condition
  {d0f74208-527f-4c46-96ee-454d0aec7ce6}, !- Outside Boundary Condition Object
  NoSun,                                  !- Sun Exposure
  NoWind,                                 !- Wind Exposure
  ,                                       !- View Factor to Ground
  ,                                       !- Number of Vertices
  -35, 23, 2.4384,                        !- X,Y,Z Vertex 1 {m}
  -35, 23, 0,                             !- X,Y,Z Vertex 2 {m}
  -35, 20, 0,                             !- X,Y,Z Vertex 3 {m}
  -35, 20, 2.4384;                        !- X,Y,Z Vertex 4 {m}

OS:Surface,
  {b4a00cb3-3a19-4c34-b169-84d8b83380a1}, !- Handle
  Face 357,                               !- Name
  Wall,                                   !- Surface Type
  ,                                       !- Construction Name
  {69c80ad6-cba8-415b-a40f-b8f4420cc10b}, !- Space Name
  Surface,                                !- Outside Boundary Condition
  {48c7a1d6-3df0-4b99-a1f2-d045573eba16}, !- Outside Boundary Condition Object
  NoSun,                                  !- Sun Exposure
  NoWind,                                 !- Wind Exposure
  ,                                       !- View Factor to Ground
  ,                                       !- Number of Vertices
  -35, 23, 2.4384,                        !- X,Y,Z Vertex 1 {m}
  -22, 23, 2.4384,                        !- X,Y,Z Vertex 2 {m}
  -22, 23, 0,                             !- X,Y,Z Vertex 3 {m}
  -35, 23, 0;                             !- X,Y,Z Vertex 4 {m}

OS:SubSurface,
  {6fab7924-4735-4724-9dd1-376e4fecfc4f}, !- Handle
  Face 359,                               !- Name
  Door,                                   !- Sub Surface Type
  ,                                       !- Construction Name
  {b4a00cb3-3a19-4c34-b169-84d8b83380a1}, !- Surface Name
  {ec2aca81-0679-4b69-bf49-cf61afd89b15}, !- Outside Boundary Condition Object
  ,                                       !- View Factor to Ground
  ,                                       !- Frame and Divider Name
  ,                                       !- Multiplier
  ,                                       !- Number of Vertices
  -25.5, 23, 2.033016,                    !- X,Y,Z Vertex 1 {m}
  -25.5, 23, 0,                           !- X,Y,Z Vertex 2 {m}
  -26.5, 23, 0,                           !- X,Y,Z Vertex 3 {m}
  -26.5, 23, 2.033016;                    !- X,Y,Z Vertex 4 {m}

OS:SubSurface,
  {5f664a66-3c5a-43e1-8f56-74ce28c544cd}, !- Handle
  Face 363,                               !- Name
  Door,                                   !- Sub Surface Type
  ,                                       !- Construction Name
  {b4a00cb3-3a19-4c34-b169-84d8b83380a1}, !- Surface Name
  {72a0d7c5-83db-48f0-b24b-2512c1cbe3d9}, !- Outside Boundary Condition Object
  ,                                       !- View Factor to Ground
  ,                                       !- Frame and Divider Name
  ,                                       !- Multiplier
  ,                                       !- Number of Vertices
  -33.5, 23, 2.033016,                    !- X,Y,Z Vertex 1 {m}
  -33.5, 23, 0,                           !- X,Y,Z Vertex 2 {m}
  -34.5, 23, 0,                           !- X,Y,Z Vertex 3 {m}
  -34.5, 23, 2.033016;                    !- X,Y,Z Vertex 4 {m}

OS:SubSurface,
  {c30ec53a-0788-44ae-b3a5-cd71bc9a41c5}, !- Handle
  Face 362,                               !- Name
  Door,                                   !- Sub Surface Type
  ,                                       !- Construction Name
  {b4a00cb3-3a19-4c34-b169-84d8b83380a1}, !- Surface Name
  {bca93c5c-a62e-4862-9d09-0aca9518aa21}, !- Outside Boundary Condition Object
  ,                                       !- View Factor to Ground
  ,                                       !- Frame and Divider Name
  ,                                       !- Multiplier
  ,                                       !- Number of Vertices
  -31.5, 23, 2.033016,                    !- X,Y,Z Vertex 1 {m}
  -31.5, 23, 0,                           !- X,Y,Z Vertex 2 {m}
  -32.5, 23, 0,                           !- X,Y,Z Vertex 3 {m}
  -32.5, 23, 2.033016;                    !- X,Y,Z Vertex 4 {m}

OS:SubSurface,
  {02011a97-bdbb-4c59-bd2c-fb3bb173d71b}, !- Handle
  Face 358,                               !- Name
  Door,                                   !- Sub Surface Type
  ,                                       !- Construction Name
  {b4a00cb3-3a19-4c34-b169-84d8b83380a1}, !- Surface Name
  {966eb977-0c95-49a2-88b1-30d2c935d9ac}, !- Outside Boundary Condition Object
  ,                                       !- View Factor to Ground
  ,                                       !- Frame and Divider Name
  ,                                       !- Multiplier
  ,                                       !- Number of Vertices
  -23.5, 23, 2.033016,                    !- X,Y,Z Vertex 1 {m}
  -23.5, 23, 0,                           !- X,Y,Z Vertex 2 {m}
  -24.5, 23, 0,                           !- X,Y,Z Vertex 3 {m}
  -24.5, 23, 2.033016;                    !- X,Y,Z Vertex 4 {m}

OS:SubSurface,
  {b32f0263-38dd-4f6e-84dc-5b89f288c22e}, !- Handle
  Face 360,                               !- Name
  Door,                                   !- Sub Surface Type
  ,                                       !- Construction Name
  {b4a00cb3-3a19-4c34-b169-84d8b83380a1}, !- Surface Name
  {7e64d48f-3025-45ab-b054-831d737913ba}, !- Outside Boundary Condition Object
  ,                                       !- View Factor to Ground
  ,                                       !- Frame and Divider Name
  ,                                       !- Multiplier
  ,                                       !- Number of Vertices
  -27.5, 23, 2.033016,                    !- X,Y,Z Vertex 1 {m}
  -27.5, 23, 0,                           !- X,Y,Z Vertex 2 {m}
  -28.5, 23, 0,                           !- X,Y,Z Vertex 3 {m}
  -28.5, 23, 2.033016;                    !- X,Y,Z Vertex 4 {m}

OS:SubSurface,
  {422887a8-212b-4187-889d-dc01428581be}, !- Handle
  Face 361,                               !- Name
  Door,                                   !- Sub Surface Type
  ,                                       !- Construction Name
  {b4a00cb3-3a19-4c34-b169-84d8b83380a1}, !- Surface Name
  {b32a7c1b-367d-4480-9d83-0be4a2808bc6}, !- Outside Boundary Condition Object
  ,                                       !- View Factor to Ground
  ,                                       !- Frame and Divider Name
  ,                                       !- Multiplier
  ,                                       !- Number of Vertices
  -29.5, 23, 2.033016,                    !- X,Y,Z Vertex 1 {m}
  -29.5, 23, 0,                           !- X,Y,Z Vertex 2 {m}
  -30.5, 23, 0,                           !- X,Y,Z Vertex 3 {m}
  -30.5, 23, 2.033016;                    !- X,Y,Z Vertex 4 {m}

OS:Surface,
  {fa20938b-0366-445c-986b-2007bdcc3a45}, !- Handle
  Face 274,                               !- Name
  Floor,                                  !- Surface Type
  ,                                       !- Construction Name
  {9d2b4da2-760f-4ed5-bbb4-7e963d76129f}, !- Space Name
  Ground,                                 !- Outside Boundary Condition
  ,                                       !- Outside Boundary Condition Object
  NoSun,                                  !- Sun Exposure
  NoWind,                                 !- Wind Exposure
  ,                                       !- View Factor to Ground
  ,                                       !- Number of Vertices
  -22, 11, 0,                             !- X,Y,Z Vertex 1 {m}
  -22, 9, 0,                              !- X,Y,Z Vertex 2 {m}
  -29, 9, 0,                              !- X,Y,Z Vertex 3 {m}
  -29, 11, 0;                             !- X,Y,Z Vertex 4 {m}

OS:Surface,
  {2ef7c5b3-b656-4f40-9254-c9c57fbc6db0}, !- Handle
  Face 275,                               !- Name
  RoofCeiling,                            !- Surface Type
  ,                                       !- Construction Name
  {9d2b4da2-760f-4ed5-bbb4-7e963d76129f}, !- Space Name
  Outdoors,                               !- Outside Boundary Condition
  ,                                       !- Outside Boundary Condition Object
  SunExposed,                             !- Sun Exposure
  WindExposed,                            !- Wind Exposure
  ,                                       !- View Factor to Ground
  ,                                       !- Number of Vertices
  -29, 11, 2.4384,                        !- X,Y,Z Vertex 1 {m}
  -29, 9, 2.4384,                         !- X,Y,Z Vertex 2 {m}
  -22, 9, 2.4384,                         !- X,Y,Z Vertex 3 {m}
  -22, 11, 2.4384;                        !- X,Y,Z Vertex 4 {m}

OS:Surface,
  {841c5f20-4672-4e65-a95e-12144a5dd895}, !- Handle
  Face 276,                               !- Name
  Wall,                                   !- Surface Type
  ,                                       !- Construction Name
  {9d2b4da2-760f-4ed5-bbb4-7e963d76129f}, !- Space Name
  Surface,                                !- Outside Boundary Condition
  {bee483a2-ccd2-478e-950d-91c63347cc19}, !- Outside Boundary Condition Object
  NoSun,                                  !- Sun Exposure
  NoWind,                                 !- Wind Exposure
  ,                                       !- View Factor to Ground
  ,                                       !- Number of Vertices
  -22, 9, 2.4384,                         !- X,Y,Z Vertex 1 {m}
  -22, 9, 0,                              !- X,Y,Z Vertex 2 {m}
  -22, 11, 0,                             !- X,Y,Z Vertex 3 {m}
  -22, 11, 2.4384;                        !- X,Y,Z Vertex 4 {m}

OS:Surface,
  {ac1ed3bb-505e-4801-b2dd-86ec11115d50}, !- Handle
  Face 277,                               !- Name
  Wall,                                   !- Surface Type
  ,                                       !- Construction Name
  {9d2b4da2-760f-4ed5-bbb4-7e963d76129f}, !- Space Name
  Surface,                                !- Outside Boundary Condition
  {f2012d9b-88ad-40fa-bca7-ce0b4c19b86b}, !- Outside Boundary Condition Object
  NoSun,                                  !- Sun Exposure
  NoWind,                                 !- Wind Exposure
  ,                                       !- View Factor to Ground
  ,                                       !- Number of Vertices
  -29, 9, 2.4384,                         !- X,Y,Z Vertex 1 {m}
  -29, 9, 0,                              !- X,Y,Z Vertex 2 {m}
  -22, 9, 0,                              !- X,Y,Z Vertex 3 {m}
  -22, 9, 2.4384;                         !- X,Y,Z Vertex 4 {m}

OS:Surface,
  {1342549e-bd4f-4519-aa50-9f2b16b572eb}, !- Handle
  Face 278,                               !- Name
  Wall,                                   !- Surface Type
  ,                                       !- Construction Name
  {9d2b4da2-760f-4ed5-bbb4-7e963d76129f}, !- Space Name
  Surface,                                !- Outside Boundary Condition
  {ed9fed0d-5a8a-420e-8931-af1f5f00dbfc}, !- Outside Boundary Condition Object
  NoSun,                                  !- Sun Exposure
  NoWind,                                 !- Wind Exposure
  ,                                       !- View Factor to Ground
  ,                                       !- Number of Vertices
  -29, 11, 2.4384,                        !- X,Y,Z Vertex 1 {m}
  -29, 11, 0,                             !- X,Y,Z Vertex 2 {m}
  -29, 9, 0,                              !- X,Y,Z Vertex 3 {m}
  -29, 9, 2.4384;                         !- X,Y,Z Vertex 4 {m}

OS:Surface,
  {0d7aa12e-f59e-455a-90d2-ac2acc049da8}, !- Handle
  Face 279,                               !- Name
  Wall,                                   !- Surface Type
  ,                                       !- Construction Name
  {9d2b4da2-760f-4ed5-bbb4-7e963d76129f}, !- Space Name
  Surface,                                !- Outside Boundary Condition
  {8307080b-bcc7-4dbc-9051-70f95d60be96}, !- Outside Boundary Condition Object
  NoSun,                                  !- Sun Exposure
  NoWind,                                 !- Wind Exposure
  ,                                       !- View Factor to Ground
  ,                                       !- Number of Vertices
  -22, 11, 2.4384,                        !- X,Y,Z Vertex 1 {m}
  -22, 11, 0,                             !- X,Y,Z Vertex 2 {m}
  -29, 11, 0,                             !- X,Y,Z Vertex 3 {m}
  -29, 11, 2.4384;                        !- X,Y,Z Vertex 4 {m}

OS:Surface,
  {0364293a-f110-451f-addf-1c81fa966b79}, !- Handle
  Face 307,                               !- Name
  Wall,                                   !- Surface Type
  ,                                       !- Construction Name
  {034d0490-8082-4908-b0dd-5f0e07d3cb7e}, !- Space Name
  Surface,                                !- Outside Boundary Condition
  {14ce1a83-fd5f-42df-8e3e-685306a0ca07}, !- Outside Boundary Condition Object
  NoSun,                                  !- Sun Exposure
  NoWind,                                 !- Wind Exposure
  ,                                       !- View Factor to Ground
  ,                                       !- Number of Vertices
  2, 17, 2.4384,                          !- X,Y,Z Vertex 1 {m}
  2, 17, 0,                               !- X,Y,Z Vertex 2 {m}
  2, 26, 0,                               !- X,Y,Z Vertex 3 {m}
  2, 26, 2.4384;                          !- X,Y,Z Vertex 4 {m}

OS:Surface,
  {1d4022dd-fbee-4857-bd03-05cca6247ca8}, !- Handle
  Face 302,                               !- Name
  Floor,                                  !- Surface Type
  ,                                       !- Construction Name
  {034d0490-8082-4908-b0dd-5f0e07d3cb7e}, !- Space Name
  Ground,                                 !- Outside Boundary Condition
  ,                                       !- Outside Boundary Condition Object
  NoSun,                                  !- Sun Exposure
  NoWind,                                 !- Wind Exposure
  ,                                       !- View Factor to Ground
  ,                                       !- Number of Vertices
  -10, 14, 0,                             !- X,Y,Z Vertex 1 {m}
  -10, 26, 0,                             !- X,Y,Z Vertex 2 {m}
  -4, 26, 0,                              !- X,Y,Z Vertex 3 {m}
  2, 26, 0,                               !- X,Y,Z Vertex 4 {m}
  2, 17, 0,                               !- X,Y,Z Vertex 5 {m}
  -4, 17, 0,                              !- X,Y,Z Vertex 6 {m}
  -4, 14, 0;                              !- X,Y,Z Vertex 7 {m}

OS:Surface,
  {54b52b79-e649-4372-98bd-832ca0849d68}, !- Handle
  Face 305,                               !- Name
  Wall,                                   !- Surface Type
  ,                                       !- Construction Name
  {034d0490-8082-4908-b0dd-5f0e07d3cb7e}, !- Space Name
  Surface,                                !- Outside Boundary Condition
  {d00e816e-516f-439f-b4f5-6619587aa3c8}, !- Outside Boundary Condition Object
  NoSun,                                  !- Sun Exposure
  NoWind,                                 !- Wind Exposure
  ,                                       !- View Factor to Ground
  ,                                       !- Number of Vertices
  -4, 26, 2.4384,                         !- X,Y,Z Vertex 1 {m}
  -4, 26, 0,                              !- X,Y,Z Vertex 2 {m}
  -10, 26, 0,                             !- X,Y,Z Vertex 3 {m}
  -10, 26, 2.4384;                        !- X,Y,Z Vertex 4 {m}

OS:Surface,
  {e6d98a63-451a-47f9-9d25-a4ce6f6683c5}, !- Handle
  Face 309,                               !- Name
  Wall,                                   !- Surface Type
  ,                                       !- Construction Name
  {034d0490-8082-4908-b0dd-5f0e07d3cb7e}, !- Space Name
  Surface,                                !- Outside Boundary Condition
  {64d632a1-de7d-42b7-aea3-4b7c2692230b}, !- Outside Boundary Condition Object
  NoSun,                                  !- Sun Exposure
  NoWind,                                 !- Wind Exposure
  ,                                       !- View Factor to Ground
  ,                                       !- Number of Vertices
  -4, 14, 2.4384,                         !- X,Y,Z Vertex 1 {m}
  -4, 14, 0,                              !- X,Y,Z Vertex 2 {m}
  -4, 17, 0,                              !- X,Y,Z Vertex 3 {m}
  -4, 17, 2.4384;                         !- X,Y,Z Vertex 4 {m}

OS:Surface,
  {1ad0f1d6-df0c-4141-aacb-6d99776e8969}, !- Handle
  Face 310,                               !- Name
  Wall,                                   !- Surface Type
  ,                                       !- Construction Name
  {034d0490-8082-4908-b0dd-5f0e07d3cb7e}, !- Space Name
  Surface,                                !- Outside Boundary Condition
  {ee71caed-fb02-497a-bd16-f9aab904e26e}, !- Outside Boundary Condition Object
  NoSun,                                  !- Sun Exposure
  NoWind,                                 !- Wind Exposure
  ,                                       !- View Factor to Ground
  ,                                       !- Number of Vertices
  -10, 14, 2.4384,                        !- X,Y,Z Vertex 1 {m}
  -10, 14, 0,                             !- X,Y,Z Vertex 2 {m}
  -4, 14, 0,                              !- X,Y,Z Vertex 3 {m}
  -4, 14, 2.4384;                         !- X,Y,Z Vertex 4 {m}

OS:Surface,
  {e336f8ef-ec43-405a-89c1-599454fa1715}, !- Handle
  Face 303,                               !- Name
  RoofCeiling,                            !- Surface Type
  ,                                       !- Construction Name
  {034d0490-8082-4908-b0dd-5f0e07d3cb7e}, !- Space Name
  Outdoors,                               !- Outside Boundary Condition
  ,                                       !- Outside Boundary Condition Object
  SunExposed,                             !- Sun Exposure
  WindExposed,                            !- Wind Exposure
  ,                                       !- View Factor to Ground
  ,                                       !- Number of Vertices
  -4, 14, 2.4384,                         !- X,Y,Z Vertex 1 {m}
  -4, 17, 2.4384,                         !- X,Y,Z Vertex 2 {m}
  2, 17, 2.4384,                          !- X,Y,Z Vertex 3 {m}
  2, 26, 2.4384,                          !- X,Y,Z Vertex 4 {m}
  -4, 26, 2.4384,                         !- X,Y,Z Vertex 5 {m}
  -10, 26, 2.4384,                        !- X,Y,Z Vertex 6 {m}
  -10, 14, 2.4384;                        !- X,Y,Z Vertex 7 {m}

OS:Surface,
  {a7df8afc-b6b7-4386-a596-af53a1e4f218}, !- Handle
  Face 308,                               !- Name
  Wall,                                   !- Surface Type
  ,                                       !- Construction Name
  {034d0490-8082-4908-b0dd-5f0e07d3cb7e}, !- Space Name
  Surface,                                !- Outside Boundary Condition
  {955cce4b-25d7-4f61-8f2a-266d53cc9e6b}, !- Outside Boundary Condition Object
  NoSun,                                  !- Sun Exposure
  NoWind,                                 !- Wind Exposure
  ,                                       !- View Factor to Ground
  ,                                       !- Number of Vertices
  -4, 17, 2.4384,                         !- X,Y,Z Vertex 1 {m}
  -4, 17, 0,                              !- X,Y,Z Vertex 2 {m}
  2, 17, 0,                               !- X,Y,Z Vertex 3 {m}
  2, 17, 2.4384;                          !- X,Y,Z Vertex 4 {m}

OS:Surface,
  {18e3acd0-0183-4221-91ee-aacad758f670}, !- Handle
  Face 304,                               !- Name
  Wall,                                   !- Surface Type
  ,                                       !- Construction Name
  {034d0490-8082-4908-b0dd-5f0e07d3cb7e}, !- Space Name
  Surface,                                !- Outside Boundary Condition
  {b0737c4e-f271-4c3b-b08a-5ce9c3dd7d26}, !- Outside Boundary Condition Object
  NoSun,                                  !- Sun Exposure
  NoWind,                                 !- Wind Exposure
  ,                                       !- View Factor to Ground
  ,                                       !- Number of Vertices
  -10, 26, 2.4384,                        !- X,Y,Z Vertex 1 {m}
  -10, 26, 0,                             !- X,Y,Z Vertex 2 {m}
  -10, 14, 0,                             !- X,Y,Z Vertex 3 {m}
  -10, 14, 2.4384;                        !- X,Y,Z Vertex 4 {m}

OS:Surface,
  {54f07e86-bd28-442b-a7b0-6fe82c3eecbc}, !- Handle
  Face 306,                               !- Name
  Wall,                                   !- Surface Type
  ,                                       !- Construction Name
  {034d0490-8082-4908-b0dd-5f0e07d3cb7e}, !- Space Name
  Surface,                                !- Outside Boundary Condition
  {602f1a02-125c-41dd-ae66-f889519cba58}, !- Outside Boundary Condition Object
  NoSun,                                  !- Sun Exposure
  NoWind,                                 !- Wind Exposure
  ,                                       !- View Factor to Ground
  ,                                       !- Number of Vertices
  2, 26, 2.4384,                          !- X,Y,Z Vertex 1 {m}
  2, 26, 0,                               !- X,Y,Z Vertex 2 {m}
  -4, 26, 0,                              !- X,Y,Z Vertex 3 {m}
  -4, 26, 2.4384;                         !- X,Y,Z Vertex 4 {m}

OS:Surface,
  {1e410bbe-b162-41b0-bfb2-1a13f501a3b5}, !- Handle
  Face 202,                               !- Name
  Floor,                                  !- Surface Type
  ,                                       !- Construction Name
  {3550b89b-552f-41dc-8b1e-192bf94e0064}, !- Space Name
  Ground,                                 !- Outside Boundary Condition
  ,                                       !- Outside Boundary Condition Object
  NoSun,                                  !- Sun Exposure
  NoWind,                                 !- Wind Exposure
  ,                                       !- View Factor to Ground
  ,                                       !- Number of Vertices
  19, 24, 0,                              !- X,Y,Z Vertex 1 {m}
  19, 19, 0,                              !- X,Y,Z Vertex 2 {m}
  12, 19, 0,                              !- X,Y,Z Vertex 3 {m}
  12, 24, 0;                              !- X,Y,Z Vertex 4 {m}

OS:Surface,
  {8befa9b9-e0fe-4a58-971f-03210c485a97}, !- Handle
  Face 207,                               !- Name
  Wall,                                   !- Surface Type
  ,                                       !- Construction Name
  {3550b89b-552f-41dc-8b1e-192bf94e0064}, !- Space Name
  Surface,                                !- Outside Boundary Condition
  {ae4e31c3-b892-4393-9c7a-69a0c3b78f6c}, !- Outside Boundary Condition Object
  NoSun,                                  !- Sun Exposure
  NoWind,                                 !- Wind Exposure
  ,                                       !- View Factor to Ground
  ,                                       !- Number of Vertices
  12, 24, 2.4384,                         !- X,Y,Z Vertex 1 {m}
  12, 24, 0,                              !- X,Y,Z Vertex 2 {m}
  12, 19, 0,                              !- X,Y,Z Vertex 3 {m}
  12, 19, 2.4384;                         !- X,Y,Z Vertex 4 {m}

OS:Surface,
  {816aabc3-91c6-4098-ab60-6917a524071f}, !- Handle
  Face 206,                               !- Name
  Wall,                                   !- Surface Type
  ,                                       !- Construction Name
  {3550b89b-552f-41dc-8b1e-192bf94e0064}, !- Space Name
  Surface,                                !- Outside Boundary Condition
  {e3660f11-40af-4d31-aeb3-494866ed3692}, !- Outside Boundary Condition Object
  NoSun,                                  !- Sun Exposure
  NoWind,                                 !- Wind Exposure
  ,                                       !- View Factor to Ground
  ,                                       !- Number of Vertices
  12, 19, 2.4384,                         !- X,Y,Z Vertex 1 {m}
  12, 19, 0,                              !- X,Y,Z Vertex 2 {m}
  19, 19, 0,                              !- X,Y,Z Vertex 3 {m}
  19, 19, 2.4384;                         !- X,Y,Z Vertex 4 {m}

OS:Surface,
  {f4c37132-deff-4397-8cf3-a43304654994}, !- Handle
  Face 208,                               !- Name
  Wall,                                   !- Surface Type
  ,                                       !- Construction Name
  {3550b89b-552f-41dc-8b1e-192bf94e0064}, !- Space Name
  Surface,                                !- Outside Boundary Condition
  {c3ebbdef-1945-4391-9afd-5d0aae93ba0a}, !- Outside Boundary Condition Object
  NoSun,                                  !- Sun Exposure
  NoWind,                                 !- Wind Exposure
  ,                                       !- View Factor to Ground
  ,                                       !- Number of Vertices
  19, 24, 2.4384,                         !- X,Y,Z Vertex 1 {m}
  19, 24, 0,                              !- X,Y,Z Vertex 2 {m}
  12, 24, 0,                              !- X,Y,Z Vertex 3 {m}
  12, 24, 2.4384;                         !- X,Y,Z Vertex 4 {m}

OS:Surface,
  {517f16b3-5af8-46f2-9c09-6aad0e2c9eef}, !- Handle
  Face 203,                               !- Name
  RoofCeiling,                            !- Surface Type
  ,                                       !- Construction Name
  {3550b89b-552f-41dc-8b1e-192bf94e0064}, !- Space Name
  Outdoors,                               !- Outside Boundary Condition
  ,                                       !- Outside Boundary Condition Object
  SunExposed,                             !- Sun Exposure
  WindExposed,                            !- Wind Exposure
  ,                                       !- View Factor to Ground
  ,                                       !- Number of Vertices
  12, 24, 2.4384,                         !- X,Y,Z Vertex 1 {m}
  12, 19, 2.4384,                         !- X,Y,Z Vertex 2 {m}
  19, 19, 2.4384,                         !- X,Y,Z Vertex 3 {m}
  19, 24, 2.4384;                         !- X,Y,Z Vertex 4 {m}

OS:Surface,
  {0a54a377-5272-45fd-94da-3cfc99b50087}, !- Handle
  Face 204,                               !- Name
  Wall,                                   !- Surface Type
  ,                                       !- Construction Name
  {3550b89b-552f-41dc-8b1e-192bf94e0064}, !- Space Name
  Surface,                                !- Outside Boundary Condition
  {a00f4fe6-0df7-4880-870b-f15865a9bc5e}, !- Outside Boundary Condition Object
  NoSun,                                  !- Sun Exposure
  NoWind,                                 !- Wind Exposure
  ,                                       !- View Factor to Ground
  ,                                       !- Number of Vertices
  19, 24, 2.4384,                         !- X,Y,Z Vertex 1 {m}
  19, 19, 2.4384,                         !- X,Y,Z Vertex 2 {m}
  19, 19, 0,                              !- X,Y,Z Vertex 3 {m}
  19, 24, 0;                              !- X,Y,Z Vertex 4 {m}

OS:SubSurface,
  {9198aa8d-e3bf-4f17-898b-8163b6542652}, !- Handle
  Face 205,                               !- Name
  Door,                                   !- Sub Surface Type
  ,                                       !- Construction Name
  {0a54a377-5272-45fd-94da-3cfc99b50087}, !- Surface Name
  {fcc18d0b-2480-4a98-8c26-cc3ab1f38fc9}, !- Outside Boundary Condition Object
  ,                                       !- View Factor to Ground
  ,                                       !- Frame and Divider Name
  ,                                       !- Multiplier
  ,                                       !- Number of Vertices
  19, 19.5, 2.033016,                     !- X,Y,Z Vertex 1 {m}
  19, 19.5, 0,                            !- X,Y,Z Vertex 2 {m}
  19, 20.5, 0,                            !- X,Y,Z Vertex 3 {m}
  19, 20.5, 2.033016;                     !- X,Y,Z Vertex 4 {m}

